+22370002632
+22370003301
+22370003326
+22370003485
+22370004687
+22370005372
+22370007094
+22370007281
+22370007502
+22370007632
+22370007736
+22370007817
+22370008748
+22370010338
+22370011134
+22370011498
+22370012547
+22370013081
+22370013127
+22370014661
+22370014729
+22370015171
+22370017500
+22370017961
+22370018392
+22370018472
+22370019682
+22370019717
+22370020943
+22370022770
+22370023550
+22370026260
+22370026468
+22370027410
+22370028035
+22370028572
+22370030025
+22370030570
+22370031405
+22370032323
+22370037558
+22370038627
+22370039915
+22370039966
+22370040274
+22370040381
+22370041263
+22370041903
+22370042617
+22370044577
+22370047532
+22370049238
+22370049639
+22370050398
+22370050781
+22370051839
+22370052424
+22370053159
+22370053334
+22370055492
+22370055963
+22370056654
+22370056898
+22370057051
+22370057623
+22370058244
+22370058506
+22370058815
+22370059962
+22370059968
+22370060362
+22370060722
+22370060735
+22370060749
+22370061810
+22370062215
+22370062805
+22370063700
+22370064467
+22370064837
+22370064998
+22370065052
+22370065698
+22370065864
+22370066590
+22370066890
+22370067338
+22370067364
+22370068774
+22370068828
+22370071430
+22370071661
+22370072087
+22370072383
+22370072726
+22370072738
+22370076573
+22370077870
+22370078232
+22370079932
+22370080505
+22370080520
+22370080925
+22370081283
+22370083630
+22370086663
+22370086683
+22370087059
+22370089130
+22370089454
+22370092019
+22370093649
+22370096578
+22370096890
+22370099115
+22370101099
+22370101514
+22370101669
+22370106897
+22370108093
+22370108259
+22370109119
+22370109136
+22370110356
+22370111591
+22370112846
+22370114632
+22370114925
+22370115027
+22370115058
+22370115075
+22370115132
+22370115186
+22370115981
+22370122819
+22370123169
+22370124686
+22370125959
+22370127118
+22370127468
+22370127682
+22370128471
+22370128629
+22370128928
+22370130361
+22370130416
+22370131123
+22370134638
+22370135431
+22370135569
+22370138150
+22370138581
+22370139996
+22370140361
+22370141547
+22370141960
+22370142580
+22370143063
+22370145395
+22370146295
+22370146627
+22370146752
+22370146800
+22370147025
+22370147212
+22370147980
+22370148372
+22370150174
+22370150287
+22370152551
+22370157733
+22370158179
+22370160043
+22370161846
+22370164084
+22370166792
+22370170196
+22370171365
+22370172727
+22370172769
+22370172904
+22370174336
+22370174578
+22370176171
+22370178640
+22370180449
+22370184211
+22370184375
+22370185468
+22370186262
+22370186926
+22370187871
+22370188818
+22370190297
+22370190674
+22370190817
+22370192780
+22370194376
+22370197297
+22370197530
+22370202406
+22370203008
+22370203862
+22370203971
+22370204863
+22370206267
+22370210111
+22370211036
+22370211761
+22370212454
+22370214641
+22370214873
+22370215118
+22370217135
+22370217716
+22370218125
+22370218441
+22370218520
+22370220358
+22370220757
+22370221429
+22370224513
+22370224739
+22370225416
+22370225837
+22370226390
+22370228042
+22370228476
+22370229239
+22370229587
+22370229595
+22370232000
+22370232080
+22370232246
+22370232336
+22370232460
+22370233964
+22370234049
+22370236265
+22370236400
+22370237725
+22370238566
+22370238829
+22370240673
+22370241658
+22370242122
+22370242419
+22370242967
+22370243228
+22370244843
+22370245265
+22370246639
+22370247693
+22370249644
+22370250253
+22370250331
+22370250592
+22370250605
+22370251814
+22370252369
+22370255915
+22370256485
+22370256585
+22370257274
+22370258002
+22370258194
+22370258729
+22370258889
+22370258896
+22370259217
+22370260337
+22370260693
+22370261496
+22370261997
+22370263049
+22370265495
+22370267360
+22370267595
+22370267692
+22370268303
+22370269605
+22370269989
+22370270803
+22370274422
+22370274658
+22370274872
+22370275469
+22370276035
+22370276320
+22370276903
+22370277030
+22370277153
+22370277726
+22370278727
+22370279531
+22370280720
+22370281186
+22370281519
+22370282771
+22370283965
+22370284012
+22370284587
+22370286210
+22370287867
+22370289641
+22370289828
+22370290384
+22370290820
+22370291028
+22370291929
+22370292263
+22370292897
+22370294856
+22370296009
+22370296927
+22370299085
+22370301031
+22370301101
+22370302376
+22370305465
+22370305558
+22370306991
+22370307490
+22370308529
+22370310405
+22370312795
+22370313415
+22370314023
+22370315025
+22370315859
+22370315869
+22370318406
+22370319253
+22370319416
+22370320806
+22370321177
+22370321773
+22370323278
+22370325308
+22370325577
+22370325603
+22370329568
+22370329975
+22370332113
+22370332274
+22370332338
+22370332637
+22370333010
+22370336160
+22370337220
+22370337345
+22370338205
+22370339725
+22370340378
+22370340637
+22370340806
+22370341183
+22370342968
+22370343108
+22370345005
+22370348291
+22370349284
+22370350202
+22370351903
+22370352627
+22370354777
+22370356790
+22370357766
+22370357849
+22370360101
+22370360255
+22370362480
+22370363598
+22370363978
+22370364393
+22370366548
+22370366686
+22370366831
+22370367286
+22370367571
+22370368230
+22370368470
+22370369328
+22370369907
+22370372030
+22370372129
+22370374016
+22370375215
+22370377738
+22370378176
+22370378335
+22370378365
+22370379057
+22370379092
+22370381664
+22370382018
+22370385007
+22370385908
+22370386025
+22370386428
+22370387524
+22370389481
+22370389768
+22370390400
+22370391060
+22370391839
+22370392348
+22370393527
+22370394164
+22370394235
+22370396266
+22370397576
+22370397615
+22370397763
+22370398091
+22370398505
+22370398983
+22370399888
+22370400378
+22370400464
+22370401283
+22370401596
+22370402735
+22370402871
+22370403389
+22370403597
+22370404252
+22370404496
+22370405261
+22370405379
+22370406200
+22370406478
+22370406578
+22370406588
+22370407475
+22370408260
+22370408641
+22370410012
+22370410444
+22370410709
+22370411928
+22370412801
+22370413052
+22370413915
+22370414487
+22370415441
+22370415768
+22370416297
+22370417989
+22370418936
+22370422189
+22370422810
+22370427486
+22370427571
+22370428359
+22370429169
+22370429460
+22370429730
+22370430960
+22370431215
+22370431726
+22370431966
+22370434738
+22370434744
+22370435584
+22370435899
+22370437077
+22370437177
+22370437363
+22370438459
+22370439400
+22370440202
+22370440388
+22370441229
+22370441293
+22370441532
+22370442685
+22370442744
+22370443148
+22370444866
+22370445562
+22370446092
+22370446483
+22370447021
+22370449659
+22370450208
+22370453408
+22370453528
+22370453564
+22370453980
+22370455785
+22370457534
+22370457691
+22370458095
+22370459772
+22370460218
+22370460995
+22370461855
+22370462536
+22370463785
+22370464940
+22370465194
+22370465236
+22370465954
+22370466625
+22370468179
+22370469486
+22370470868
+22370471490
+22370471622
+22370471697
+22370471739
+22370473251
+22370474348
+22370475672
+22370475737
+22370476227
+22370477457
+22370477687
+22370478634
+22370481478
+22370482471
+22370483947
+22370484578
+22370485173
+22370486986
+22370488388
+22370489547
+22370491011
+22370492514
+22370493876
+22370495520
+22370496867
+22370498879
+22370500109
+22370500467
+22370500722
+22370501005
+22370501039
+22370501549
+22370504976
+22370505675
+22370509939
+22370512171
+22370512194
+22370512858
+22370514438
+22370515109
+22370515253
+22370515337
+22370515749
+22370516328
+22370516739
+22370518064
+22370518185
+22370518478
+22370519041
+22370519692
+22370519922
+22370522098
+22370522365
+22370522512
+22370522887
+22370523866
+22370524786
+22370525776
+22370526097
+22370527332
+22370527528
+22370528302
+22370528885
+22370529238
+22370532526
+22370532674
+22370532744
+22370535990
+22370536063
+22370537108
+22370537313
+22370538556
+22370539116
+22370539569
+22370541198
+22370542679
+22370543116
+22370543419
+22370544326
+22370544818
+22370545728
+22370546136
+22370548194
+22370550590
+22370551678
+22370552660
+22370553156
+22370553360
+22370554076
+22370556296
+22370557331
+22370557495
+22370558962
+22370560326
+22370560683
+22370562936
+22370563207
+22370563425
+22370564293
+22370566559
+22370568507
+22370569221
+22370569759
+22370571155
+22370572404
+22370572586
+22370573907
+22370574619
+22370575607
+22370577135
+22370578248
+22370578711
+22370578764
+22370578829
+22370580546
+22370580740
+22370581001
+22370581055
+22370581932
+22370582342
+22370584327
+22370584406
+22370584690
+22370585488
+22370586216
+22370586378
+22370586778
+22370588544
+22370588549
+22370588745
+22370588982
+22370589529
+22370589804
+22370590654
+22370590806
+22370590916
+22370594485
+22370595201
+22370596620
+22370596786
+22370597455
+22370598555
+22370601566
+22370602183
+22370602522
+22370602634
+22370603238
+22370603639
+22370604146
+22370604628
+22370604875
+22370605461
+22370605563
+22370605787
+22370605896
+22370606070
+22370607140
+22370607519
+22370608255
+22370608517
+22370608857
+22370608979
+22370610536
+22370610594
+22370611395
+22370611768
+22370614377
+22370615855
+22370619280
+22370619712
+22370620402
+22370622688
+22370622967
+22370624653
+22370625339
+22370625532
+22370625800
+22370627139
+22370630754
+22370631441
+22370631689
+22370632909
+22370635443
+22370636304
+22370637152
+22370638242
+22370638264
+22370639931
+22370640020
+22370640768
+22370641469
+22370642161
+22370644095
+22370646330
+22370646347
+22370646637
+22370646768
+22370647563
+22370649517
+22370649581
+22370651437
+22370651603
+22370651948
+22370652135
+22370652788
+22370652928
+22370654340
+22370655056
+22370656404
+22370658162
+22370658343
+22370663329
+22370663670
+22370663901
+22370664318
+22370664333
+22370664871
+22370665287
+22370665476
+22370666270
+22370666439
+22370666581
+22370666641
+22370667270
+22370667372
+22370667487
+22370667948
+22370669002
+22370669057
+22370669248
+22370671232
+22370672822
+22370673087
+22370676313
+22370676654
+22370677320
+22370677742
+22370677807
+22370678112
+22370679121
+22370679272
+22370682201
+22370683470
+22370684956
+22370685156
+22370685259
+22370686552
+22370686729
+22370686889
+22370687741
+22370687823
+22370689080
+22370691315
+22370691778
+22370693083
+22370693508
+22370693897
+22370695812
+22370696322
+22370697209
+22370697576
+22370697689
+22370697765
+22370698558
+22370698973
+22370699836
+22370700000
+22370701529
+22370703613
+22370704247
+22370704937
+22370705108
+22370707825
+22370708176
+22370708797
+22370709626
+22370713062
+22370713697
+22370713961
+22370714111
+22370714797
+22370716488
+22370716880
+22370718554
+22370719230
+22370719582
+22370720276
+22370720436
+22370722738
+22370723117
+22370724718
+22370725396
+22370726264
+22370727010
+22370727355
+22370728031
+22370730554
+22370731231
+22370732415
+22370733219
+22370733327
+22370733760
+22370738600
+22370740348
+22370740731
+22370740825
+22370741061
+22370741067
+22370742550
+22370743633
+22370744353
+22370747100
+22370747187
+22370747487
+22370747745
+22370747897
+22370748571
+22370749102
+22370750060
+22370750182
+22370750860
+22370752240
+22370752460
+22370753845
+22370754713
+22370755045
+22370755286
+22370756090
+22370756212
+22370756216
+22370756637
+22370758281
+22370759035
+22370759599
+22370760030
+22370763523
+22370764396
+22370765040
+22370766178
+22370767778
+22370769352
+22370769450
+22370769827
+22370769978
+22370770046
+22370771443
+22370772113
+22370772851
+22370773688
+22370775436
+22370775749
+22370776550
+22370777127
+22370777889
+22370778372
+22370780309
+22370780756
+22370781543
+22370782176
+22370784191
+22370784528
+22370785846
+22370785979
+22370788021
+22370788981
+22370793169
+22370795249
+22370796251
+22370796906
+22370797529
+22370798104
+22370799772
+22370800488
+22370802077
+22370802869
+22370804492
+22370804735
+22370806002
+22370806129
+22370807125
+22370807330
+22370807665
+22370809584
+22370810061
+22370810068
+22370810818
+22370810952
+22370811155
+22370813480
+22370813850
+22370815930
+22370816039
+22370816168
+22370817813
+22370817874
+22370819073
+22370819603
+22370819645
+22370820315
+22370820625
+22370821182
+22370822483
+22370822567
+22370823470
+22370831214
+22370833028
+22370833757
+22370833828
+22370833954
+22370834547
+22370835023
+22370838688
+22370839509
+22370840763
+22370841578
+22370841930
+22370842222
+22370842487
+22370843865
+22370844158
+22370844650
+22370844881
+22370844929
+22370846267
+22370846392
+22370846840
+22370847848
+22370848704
+22370855248
+22370855997
+22370856788
+22370856965
+22370857367
+22370858187
+22370858592
+22370858918
+22370858971
+22370860741
+22370861740
+22370864595
+22370865158
+22370868567
+22370869760
+22370871171
+22370871267
+22370871947
+22370872767
+22370875360
+22370875853
+22370876884
+22370877959
+22370878940
+22370879793
+22370879949
+22370880183
+22370880838
+22370880845
+22370880855
+22370881010
+22370881198
+22370881577
+22370882959
+22370883682
+22370884924
+22370885774
+22370885816
+22370886103
+22370887518
+22370888004
+22370888742
+22370889975
+22370890235
+22370893975
+22370894317
+22370894337
+22370895046
+22370895125
+22370895444
+22370895483
+22370897148
+22370897980
+22370898003
+22370898138
+22370899051
+22370899115
+22370899190
+22370899459
+22370899514
+22370899880
+22370900521
+22370900747
+22370901907
+22370902150
+22370902915
+22370902920
+22370903315
+22370904490
+22370907695
+22370908402
+22370908435
+22370910251
+22370910696
+22370915340
+22370916490
+22370918479
+22370920306
+22370923423
+22370924284
+22370926047
+22370926188
+22370928547
+22370929453
+22370931292
+22370933627
+22370935486
+22370936072
+22370936181
+22370936571
+22370939179
+22370939711
+22370940009
+22370940093
+22370940515
+22370941864
+22370944930
+22370945567
+22370947229
+22370948338
+22370948599
+22370950061
+22370951445
+22370952051
+22370953359
+22370955086
+22370956752
+22370957487
+22370958261
+22370962138
+22370963045
+22370963365
+22370965017
+22370965104
+22370965228
+22370966233
+22370966858
+22370967173
+22370967452
+22370967477
+22370969909
+22370970890
+22370970942
+22370971538
+22370972764
+22370974788
+22370975218
+22370975261
+22370975360
+22370980590
+22370981187
+22370981305
+22370981763
+22370982398
+22370983155
+22370983157
+22370984939
+22370985005
+22370986056
+22370986068
+22370986182
+22370986340
+22370987756
+22370987832
+22370988014
+22370989431
+22370991364
+22370991757
+22370992875
+22370993074
+22370993174
+22370994164
+22370995196
+22370996272
+22370997164
+22370997862
+22370998253
+22370998584
+22370998656
+22370998702
+22370999477
+22370999589
+22370999645
+22371001196
+22371002254
+22371003219
+22371003954
+22371005110
+22371005177
+22371008143
+22371009829
+22371011174
+22371011671
+22371013017
+22371013501
+22371014130
+22371015532
+22371015619
+22371015922
+22371015923
+22371017629
+22371020443
+22371020709
+22371021066
+22371021127
+22371021752
+22371023064
+22371024059
+22371024526
+22371024617
+22371025091
+22371025426
+22371027809
+22371027959
+22371030066
+22371031135
+22371032391
+22371033985
+22371034296
+22371034765
+22371035671
+22371036688
+22371039176
+22371039527
+22371040291
+22371041895
+22371042432
+22371043040
+22371046040
+22371046198
+22371046588
+22371046944
+22371049292
+22371049970
+22371051652
+22371052808
+22371052885
+22371054845
+22371057352
+22371057500
+22371058770
+22371060303
+22371061227
+22371062637
+22371064868
+22371065400
+22371066008
+22371067060
+22371069537
+22371069930
+22371070399
+22371071610
+22371071749
+22371085526
+22371085551
+22371086785
+22371087792
+22371090224
+22371090842
+22371094330
+22371095010
+22371095057
+22371098579
+22371099094
+22371099677
+22371100279
+22371101289
+22371101709
+22371102466
+22371103800
+22371104017
+22371105258
+22371107428
+22371108401
+22371108461
+22371108682
+22371108765
+22371108940
+22371109191
+22371110525
+22371111492
+22371111602
+22371112093
+22371115414
+22371116455
+22371116766
+22371117154
+22371117701
+22371118322
+22371118664
+22371119943
+22371120046
+22371120236
+22371122116
+22371123234
+22371125094
+22371125159
+22371126624
+22371127273
+22371128033
+22371128250
+22371128736
+22371129868
+22371130025
+22371130085
+22371130277
+22371130437
+22371130827
+22371130998
+22371131890
+22371132326
+22371132520
+22371134028
+22371134033
+22371134147
+22371135473
+22371136390
+22371138910
+22371141825
+22371143231
+22371143955
+22371145267
+22371145702
+22371147312
+22371147381
+22371147727
+22371148320
+22371148677
+22371148754
+22371150050
+22371150829
+22371152140
+22371153251
+22371153612
+22371153800
+22371154738
+22371156031
+22371157143
+22371157169
+22371158360
+22371158700
+22371158820
+22371159432
+22371159735
+22371160304
+22371161798
+22371162315
+22371163157
+22371163607
+22371165319
+22371165376
+22371166044
+22371166126
+22371167017
+22371168786
+22371169102
+22371169458
+22371169879
+22371170562
+22371172096
+22371173050
+22371173495
+22371174380
+22371174769
+22371174826
+22371179902
+22371180463
+22371180672
+22371181894
+22371182238
+22371183355
+22371184359
+22371184927
+22371185319
+22371186065
+22371186264
+22371186462
+22371186511
+22371187912
+22371189034
+22371189061
+22371189447
+22371190067
+22371191163
+22371191211
+22371192350
+22371192476
+22371193741
+22371194183
+22371197328
+22371198703
+22371198957
+22371199432
+22371200497
+22371200585
+22371202461
+22371202760
+22371204919
+22371205038
+22371207809
+22371208072
+22371208369
+22371208629
+22371208767
+22371210298
+22371210459
+22371210540
+22371211291
+22371211298
+22371214539
+22371214672
+22371215708
+22371216223
+22371219034
+22371220525
+22371220973
+22371221577
+22371222717
+22371223206
+22371223350
+22371223444
+22371224493
+22371224494
+22371224697
+22371225127
+22371225912
+22371226358
+22371227552
+22371228204
+22371228267
+22371229540
+22371229742
+22371230357
+22371233163
+22371233498
+22371235612
+22371236566
+22371236832
+22371237031
+22371237885
+22371241402
+22371241867
+22371242379
+22371242857
+22371244075
+22371244355
+22371244828
+22371245228
+22371247134
+22371248167
+22371248222
+22371250396
+22371251454
+22371251720
+22371254355
+22371254598
+22371254823
+22371257637
+22371258567
+22371259944
+22371260198
+22371260996
+22371261507
+22371262203
+22371262251
+22371264679
+22371264898
+22371264975
+22371268548
+22371271283
+22371271499
+22371272384
+22371272549
+22371273024
+22371273224
+22371273274
+22371275887
+22371277636
+22371278609
+22371278760
+22371278899
+22371279900
+22371280082
+22371281215
+22371282263
+22371282979
+22371283473
+22371283867
+22371284479
+22371285089
+22371285111
+22371285822
+22371288654
+22371288813
+22371289080
+22371290607
+22371291871
+22371292291
+22371293143
+22371294666
+22371294992
+22371297182
+22371297696
+22371298179
+22371298880
+22371299278
+22371299654
+22371299773
+22371300773
+22371300880
+22371301082
+22371303045
+22371303180
+22371304544
+22371305437
+22371306263
+22371307975
+22371307978
+22371309612
+22371312014
+22371312495
+22371313332
+22371314067
+22371315498
+22371315534
+22371316691
+22371317299
+22371317815
+22371320736
+22371320770
+22371322682
+22371324738
+22371325128
+22371326134
+22371326164
+22371326196
+22371326468
+22371326804
+22371327036
+22371329416
+22371329906
+22371329999
+22371330678
+22371331033
+22371331498
+22371334384
+22371334742
+22371335535
+22371335601
+22371336816
+22371336824
+22371337898
+22371338231
+22371338408
+22371339095
+22371341440
+22371346569
+22371347777
+22371348212
+22371350281
+22371350293
+22371351037
+22371352801
+22371353365
+22371355330
+22371356339
+22371358295
+22371359287
+22371359357
+22371359633
+22371360624
+22371360642
+22371360775
+22371360818
+22371361954
+22371361964
+22371363146
+22371367113
+22371367595
+22371369645
+22371370192
+22371372582
+22371374914
+22371376313
+22371376314
+22371378015
+22371378830
+22371378895
+22371380763
+22371383500
+22371385205
+22371385702
+22371385751
+22371385873
+22371387216
+22371387453
+22371389602
+22371389998
+22371392343
+22371393706
+22371394987
+22371395130
+22371396324
+22371398311
+22371398627
+22371401528
+22371403005
+22371403580
+22371404055
+22371405178
+22371406872
+22371407825
+22371407950
+22371408072
+22371408162
+22371408772
+22371408801
+22371409273
+22371409610
+22371409705
+22371412092
+22371412300
+22371416029
+22371416855
+22371417733
+22371422143
+22371423347
+22371423631
+22371425221
+22371425577
+22371426576
+22371430129
+22371430331
+22371430804
+22371430904
+22371431531
+22371431687
+22371431786
+22371432546
+22371432601
+22371434734
+22371436070
+22371436618
+22371438299
+22371440446
+22371441766
+22371442497
+22371442797
+22371443602
+22371443614
+22371443677
+22371443739
+22371444072
+22371445524
+22371445858
+22371446139
+22371446795
+22371448424
+22371448906
+22371450735
+22371453163
+22371453725
+22371454477
+22371454777
+22371454911
+22371455937
+22371457895
+22371459235
+22371460054
+22371461193
+22371463404
+22371463938
+22371464692
+22371465258
+22371468680
+22371470538
+22371470804
+22371471532
+22371471777
+22371473031
+22371474285
+22371474793
+22371475203
+22371475992
+22371476614
+22371478852
+22371480865
+22371480965
+22371481391
+22371482882
+22371483505
+22371483597
+22371483781
+22371483831
+22371484427
+22371486732
+22371487699
+22371487911
+22371488838
+22371488978
+22371490204
+22371490847
+22371491581
+22371492623
+22371493228
+22371494025
+22371497154
+22371501707
+22371502487
+22371504250
+22371504513
+22371504667
+22371504876
+22371505378
+22371506630
+22371507939
+22371508572
+22371509410
+22371510169
+22371511369
+22371511654
+22371512386
+22371512868
+22371513883
+22371514495
+22371515862
+22371516237
+22371516713
+22371517155
+22371518884
+22371519202
+22371520187
+22371520575
+22371521676
+22371523977
+22371524254
+22371525385
+22371526791
+22371527144
+22371528275
+22371531208
+22371532928
+22371533862
+22371536027
+22371538117
+22371538268
+22371539612
+22371539681
+22371539743
+22371540838
+22371540892
+22371541200
+22371541768
+22371543361
+22371543464
+22371545138
+22371545468
+22371545489
+22371545693
+22371546246
+22371546625
+22371546878
+22371547247
+22371548703
+22371549256
+22371551472
+22371552764
+22371555519
+22371555778
+22371556375
+22371558289
+22371558643
+22371558888
+22371561236
+22371561825
+22371562132
+22371563483
+22371565815
+22371565920
+22371566814
+22371567393
+22371568558
+22371568648
+22371568738
+22371569695
+22371569720
+22371570042
+22371571497
+22371571801
+22371573225
+22371573808
+22371576078
+22371576563
+22371578543
+22371579305
+22371579779
+22371579823
+22371580103
+22371580934
+22371581029
+22371581665
+22371583302
+22371583437
+22371585032
+22371586326
+22371586766
+22371589650
+22371591169
+22371591466
+22371591751
+22371592137
+22371595671
+22371596364
+22371596401
+22371596927
+22371598294
+22371599338
+22371601121
+22371602005
+22371602813
+22371603491
+22371605944
+22371606499
+22371607731
+22371608334
+22371609606
+22371610323
+22371611460
+22371613248
+22371613413
+22371613785
+22371613956
+22371614179
+22371614246
+22371614823
+22371615601
+22371615886
+22371616014
+22371616386
+22371618359
+22371619717
+22371622184
+22371622439
+22371626193
+22371626547
+22371626927
+22371628656
+22371628970
+22371629351
+22371629747
+22371630301
+22371631725
+22371632245
+22371635161
+22371636329
+22371637073
+22371637176
+22371637381
+22371638182
+22371638552
+22371639178
+22371641778
+22371644055
+22371645836
+22371646533
+22371646718
+22371648154
+22371648762
+22371649491
+22371649580
+22371649676
+22371651036
+22371651304
+22371661218
+22371663304
+22371663654
+22371665238
+22371666358
+22371667570
+22371668610
+22371669530
+22371670458
+22371670728
+22371674543
+22371674895
+22371675431
+22371676781
+22371679659
+22371680804
+22371680878
+22371680990
+22371681206
+22371681908
+22371683323
+22371683664
+22371684285
+22371684915
+22371685727
+22371687404
+22371687440
+22371688182
+22371688241
+22371688757
+22371689466
+22371689593
+22371690330
+22371690924
+22371691058
+22371691431
+22371691751
+22371692077
+22371692322
+22371692364
+22371692981
+22371693288
+22371693579
+22371694019
+22371694072
+22371694243
+22371694319
+22371697981
+22371700388
+22371700773
+22371702627
+22371702640
+22371705518
+22371707073
+22371708208
+22371708614
+22371710321
+22371711197
+22371711480
+22371711635
+22371713013
+22371714592
+22371715145
+22371715487
+22371716735
+22371718975
+22371719378
+22371719379
+22371719903
+22371720257
+22371720530
+22371721319
+22371721784
+22371722114
+22371722271
+22371722858
+22371723494
+22371726848
+22371728272
+22371728396
+22371728754
+22371729215
+22371729946
+22371730406
+22371731754
+22371731833
+22371731974
+22371732366
+22371735490
+22371735709
+22371736227
+22371736657
+22371737803
+22371738119
+22371740424
+22371740600
+22371740927
+22371741489
+22371741651
+22371742829
+22371743040
+22371743265
+22371744359
+22371744381
+22371745197
+22371746345
+22371747548
+22371747745
+22371747848
+22371747966
+22371748696
+22371750493
+22371750747
+22371751189
+22371751254
+22371753493
+22371755376
+22371755526
+22371757720
+22371758579
+22371759061
+22371759423
+22371760633
+22371761554
+22371761798
+22371763428
+22371763815
+22371764019
+22371764168
+22371764807
+22371766838
+22371767255
+22371768549
+22371769351
+22371769724
+22371769894
+22371770019
+22371770231
+22371771982
+22371772343
+22371773280
+22371776329
+22371776390
+22371776904
+22371778302
+22371778572
+22371778948
+22371782606
+22371782636
+22371782860
+22371783137
+22371783749
+22371783820
+22371784536
+22371785003
+22371785390
+22371787045
+22371787717
+22371788346
+22371789136
+22371789259
+22371790836
+22371791961
+22371792362
+22371792379
+22371792395
+22371795793
+22371796189
+22371797546
+22371798315
+22371798527
+22371800209
+22371800229
+22371801317
+22371801737
+22371802844
+22371803371
+22371803835
+22371803991
+22371805313
+22371806595
+22371806685
+22371808264
+22371808460
+22371808634
+22371809917
+22371810206
+22371810484
+22371810725
+22371811921
+22371812107
+22371812344
+22371812553
+22371814361
+22371814723
+22371814830
+22371815924
+22371820160
+22371821658
+22371823924
+22371825834
+22371827539
+22371827676
+22371827763
+22371828062
+22371828947
+22371829098
+22371829100
+22371831796
+22371834687
+22371834781
+22371837042
+22371837219
+22371838580
+22371839497
+22371839938
+22371839987
+22371841963
+22371842055
+22371843148
+22371843599
+22371843988
+22371845314
+22371846268
+22371847216
+22371847614
+22371848362
+22371849064
+22371849146
+22371849428
+22371850729
+22371851284
+22371851764
+22371851813
+22371854200
+22371854509
+22371854757
+22371854889
+22371855140
+22371855144
+22371855538
+22371855665
+22371855981
+22371856113
+22371856125
+22371856953
+22371858310
+22371858940
+22371859008
+22371859656
+22371859686
+22371859991
+22371860723
+22371860921
+22371861279
+22371862211
+22371862595
+22371863401
+22371863593
+22371863744
+22371863874
+22371865440
+22371866067
+22371866695
+22371869748
+22371869956
+22371872041
+22371873228
+22371873498
+22371873755
+22371874697
+22371875786
+22371876500
+22371877261
+22371877394
+22371878654
+22371880156
+22371881167
+22371881614
+22371882327
+22371883740
+22371885907
+22371886420
+22371886461
+22371886540
+22371887141
+22371887334
+22371889522
+22371891335
+22371891343
+22371891506
+22371891924
+22371891976
+22371892496
+22371892789
+22371893526
+22371895767
+22371896731
+22371896882
+22371898375
+22371899146
+22371899329
+22371900181
+22371902077
+22371903517
+22371903587
+22371904520
+22371906044
+22371906266
+22371906682
+22371909027
+22371910421
+22371910720
+22371911665
+22371914866
+22371916020
+22371916349
+22371916744
+22371916750
+22371917684
+22371919724
+22371920416
+22371921210
+22371922213
+22371923371
+22371924088
+22371924670
+22371927157
+22371928031
+22371928516
+22371928728
+22371928941
+22371938021
+22371938110
+22371939392
+22371941485
+22371941620
+22371943986
+22371944165
+22371945570
+22371945606
+22371946184
+22371946301
+22371951562
+22371951751
+22371953253
+22371953590
+22371954071
+22371955749
+22371958603
+22371958949
+22371960462
+22371961017
+22371962644
+22371964189
+22371965944
+22371966047
+22371966486
+22371967122
+22371968351
+22371972586
+22371973793
+22371974259
+22371974479
+22371974922
+22371975289
+22371975411
+22371975832
+22371975940
+22371980619
+22371981062
+22371982816
+22371983183
+22371985241
+22371986002
+22371986465
+22371987574
+22371988791
+22371989165
+22371990408
+22371990797
+22371991598
+22371991667
+22371992157
+22371992557
+22371995108
+22371995410
+22371996344
+22371998635
+22371998754
+22372001507
+22372002235
+22372002351
+22372002763
+22372003079
+22372003371
+22372003444
+22372003742
+22372004161
+22372004342
+22372004604
+22372005742
+22372008623
+22372012629
+22372013555
+22372014743
+22372015816
+22372016121
+22372016754
+22372019044
+22372019621
+22372020854
+22372021626
+22372021859
+22372024489
+22372024768
+22372024843
+22372025254
+22372025539
+22372027869
+22372028413
+22372028831
+22372028892
+22372031443
+22372031842
+22372032180
+22372033461
+22372033589
+22372034880
+22372035094
+22372038376
+22372039530
+22372039587
+22372040396
+22372040503
+22372041574
+22372041886
+22372042418
+22372043616
+22372044725
+22372045387
+22372046915
+22372047950
+22372047997
+22372048439
+22372049351
+22372049649
+22372050562
+22372050861
+22372051436
+22372051479
+22372051751
+22372053489
+22372054413
+22372054773
+22372054863
+22372055732
+22372056693
+22372056893
+22372057268
+22372057393
+22372057629
+22372057965
+22372059032
+22372059793
+22372059942
+22372059995
+22372060313
+22372060684
+22372060888
+22372064094
+22372064172
+22372066082
+22372066353
+22372066608
+22372066753
+22372067344
+22372067919
+22372068255
+22372068377
+22372070196
+22372070298
+22372071658
+22372072273
+22372073765
+22372074154
+22372074355
+22372074433
+22372076311
+22372078248
+22372078265
+22372078427
+22372078476
+22372078779
+22372079988
+22372079998
+22372080159
+22372080487
+22372081419
+22372081596
+22372082253
+22372082988
+22372083056
+22372083112
+22372083942
+22372084020
+22372084636
+22372085178
+22372085444
+22372087795
+22372090171
+22372090721
+22372090791
+22372094647
+22372095480
+22372096501
+22372097784
+22372097988
+22372098250
+22372098491
+22372100240
+22372101909
+22372102538
+22372103491
+22372103807
+22372105897
+22372106247
+22372106740
+22372108784
+22372109651
+22372110028
+22372111882
+22372112330
+22372112464
+22372114674
+22372116527
+22372116900
+22372117115
+22372117122
+22372118239
+22372118356
+22372119007
+22372120206
+22372120552
+22372121294
+22372122229
+22372122289
+22372122428
+22372122430
+22372122801
+22372123035
+22372124024
+22372124626
+22372126461
+22372128255
+22372128256
+22372129400
+22372129469
+22372129850
+22372130330
+22372131360
+22372131928
+22372132757
+22372132926
+22372133948
+22372134132
+22372134884
+22372135603
+22372137638
+22372140064
+22372140417
+22372141664
+22372142979
+22372143111
+22372143180
+22372143465
+22372143787
+22372144669
+22372146936
+22372147412
+22372148676
+22372149101
+22372149449
+22372149711
+22372150086
+22372150315
+22372150734
+22372151014
+22372152853
+22372153570
+22372154454
+22372155510
+22372156127
+22372156496
+22372156697
+22372157194
+22372158253
+22372158978
+22372159325
+22372159906
+22372160700
+22372161687
+22372161756
+22372162103
+22372163061
+22372163462
+22372164004
+22372164851
+22372165706
+22372167160
+22372167663
+22372167821
+22372169468
+22372170511
+22372172804
+22372173482
+22372173760
+22372174599
+22372174748
+22372176342
+22372177928
+22372178225
+22372178370
+22372180402
+22372181514
+22372182408
+22372182899
+22372183442
+22372185298
+22372186774
+22372187485
+22372187855
+22372188028
+22372188174
+22372188969
+22372189832
+22372190358
+22372190799
+22372191914
+22372192428
+22372192574
+22372193789
+22372195593
+22372197579
+22372197956
+22372198020
+22372202388
+22372202487
+22372206094
+22372206154
+22372206323
+22372207683
+22372208008
+22372209755
+22372210941
+22372211464
+22372211806
+22372212750
+22372213370
+22372213851
+22372215640
+22372216915
+22372217059
+22372217286
+22372217319
+22372218372
+22372220070
+22372220558
+22372221495
+22372221502
+22372221890
+22372221968
+22372224483
+22372225351
+22372225391
+22372226748
+22372228291
+22372228483
+22372229896
+22372232345
+22372232835
+22372233463
+22372233648
+22372234657
+22372234988
+22372235199
+22372235729
+22372235964
+22372236119
+22372236958
+22372237019
+22372237517
+22372238134
+22372239584
+22372242042
+22372242043
+22372242377
+22372244269
+22372244426
+22372245908
+22372247211
+22372247992
+22372248868
+22372250103
+22372251479
+22372252268
+22372253806
+22372254323
+22372257332
+22372258032
+22372258267
+22372259738
+22372261056
+22372261156
+22372263337
+22372263380
+22372264370
+22372265793
+22372268334
+22372270083
+22372270197
+22372270592
+22372271790
+22372272496
+22372272787
+22372275769
+22372278168
+22372279648
+22372280162
+22372280477
+22372281623
+22372285036
+22372285845
+22372286443
+22372286715
+22372287544
+22372287930
+22372292341
+22372292956
+22372293470
+22372293525
+22372293725
+22372293936
+22372293951
+22372294751
+22372294853
+22372294935
+22372295203
+22372295794
+22372297821
+22372298539
+22372299301
+22372300185
+22372300280
+22372300435
+22372300613
+22372301022
+22372301076
+22372301743
+22372302436
+22372302686
+22372305834
+22372305974
+22372307270
+22372307835
+22372307849
+22372307857
+22372308250
+22372308673
+22372308688
+22372309142
+22372310150
+22372310374
+22372313149
+22372313336
+22372314325
+22372314625
+22372315085
+22372316230
+22372316314
+22372316730
+22372317105
+22372317389
+22372318155
+22372318974
+22372319665
+22372322287
+22372323318
+22372323549
+22372324398
+22372325420
+22372326099
+22372326275
+22372327601
+22372327608
+22372328745
+22372329172
+22372329501
+22372329893
+22372331346
+22372332699
+22372334557
+22372334890
+22372335390
+22372335914
+22372337429
+22372339093
+22372339996
+22372340482
+22372341008
+22372341700
+22372342667
+22372346899
+22372348662
+22372349538
+22372349751
+22372351630
+22372352467
+22372353211
+22372355385
+22372355694
+22372356371
+22372357331
+22372357366
+22372358116
+22372359047
+22372359110
+22372359988
+22372361111
+22372361558
+22372361586
+22372362913
+22372363575
+22372364491
+22372366039
+22372366108
+22372367342
+22372367677
+22372370344
+22372371693
+22372373301
+22372373435
+22372373528
+22372373803
+22372374026
+22372374066
+22372374793
+22372374878
+22372376747
+22372380024
+22372380452
+22372380824
+22372381434
+22372382572
+22372382596
+22372382937
+22372383614
+22372383849
+22372386715
+22372386967
+22372387284
+22372387855
+22372389077
+22372389136
+22372389198
+22372390157
+22372390506
+22372391175
+22372391520
+22372392529
+22372392866
+22372394991
+22372396243
+22372398160
+22372398442
+22372399009
+22372399892
+22372400823
+22372401514
+22372401538
+22372403043
+22372404760
+22372406382
+22372406787
+22372407328
+22372408261
+22372409144
+22372410141
+22372410278
+22372410651
+22372414271
+22372414349
+22372415652
+22372415705
+22372416157
+22372418537
+22372419723
+22372420510
+22372422102
+22372422414
+22372422921
+22372423084
+22372423357
+22372424018
+22372424113
+22372424587
+22372424601
+22372424910
+22372425403
+22372425989
+22372426255
+22372426583
+22372426821
+22372427695
+22372428393
+22372428711
+22372428835
+22372430469
+22372430928
+22372433637
+22372434206
+22372435124
+22372436842
+22372439318
+22372439421
+22372439452
+22372440531
+22372440599
+22372441148
+22372441557
+22372442227
+22372442774
+22372445282
+22372445286
+22372445480
+22372445949
+22372447017
+22372447368
+22372447730
+22372448106
+22372448828
+22372449474
+22372451375
+22372451589
+22372453120
+22372453526
+22372454612
+22372456333
+22372456548
+22372456934
+22372458312
+22372458743
+22372459733
+22372462362
+22372462561
+22372465070
+22372465470
+22372467153
+22372467817
+22372471425
+22372473043
+22372473500
+22372474078
+22372474373
+22372475225
+22372475270
+22372476100
+22372478554
+22372480213
+22372482633
+22372483625
+22372484274
+22372485359
+22372486207
+22372486490
+22372486988
+22372488863
+22372489089
+22372490212
+22372491942
+22372493957
+22372496580
+22372497075
+22372498010
+22372498387
+22372499300
+22372499420
+22372500791
+22372501966
+22372502279
+22372503324
+22372503924
+22372503964
+22372504200
+22372504434
+22372504742
+22372506762
+22372508070
+22372508663
+22372509968
+22372510245
+22372511425
+22372512297
+22372514152
+22372515904
+22372518514
+22372518534
+22372519026
+22372519880
+22372522377
+22372522831
+22372523103
+22372523912
+22372524794
+22372525130
+22372525176
+22372525514
+22372525627
+22372525808
+22372525854
+22372526567
+22372526596
+22372527623
+22372528408
+22372529031
+22372529095
+22372529929
+22372529963
+22372530211
+22372530666
+22372530837
+22372531287
+22372531364
+22372531891
+22372532939
+22372533699
+22372535184
+22372535798
+22372536241
+22372537136
+22372538069
+22372538712
+22372539725
+22372540758
+22372542909
+22372543473
+22372543494
+22372547260
+22372547292
+22372548536
+22372548844
+22372549120
+22372549272
+22372549292
+22372549302
+22372550047
+22372551142
+22372551675
+22372551714
+22372552308
+22372552565
+22372552730
+22372553662
+22372555193
+22372555538
+22372555925
+22372556212
+22372557178
+22372557863
+22372560968
+22372563561
+22372564042
+22372565017
+22372566437
+22372568665
+22372569318
+22372570631
+22372571632
+22372573727
+22372574841
+22372575456
+22372576172
+22372576183
+22372578911
+22372579505
+22372582620
+22372583226
+22372584872
+22372585059
+22372585275
+22372585895
+22372585915
+22372586669
+22372587665
+22372587723
+22372588717
+22372589213
+22372590111
+22372592165
+22372593687
+22372593964
+22372595490
+22372595715
+22372595971
+22372599603
+22372600002
+22372601347
+22372603885
+22372604516
+22372607101
+22372607209
+22372608058
+22372608840
+22372608971
+22372610448
+22372611019
+22372611239
+22372611967
+22372612296
+22372612840
+22372613385
+22372614172
+22372614817
+22372615950
+22372616793
+22372617789
+22372617950
+22372618512
+22372618895
+22372619237
+22372621914
+22372622185
+22372624166
+22372624302
+22372625128
+22372627160
+22372629790
+22372631205
+22372632333
+22372635821
+22372636553
+22372636726
+22372637134
+22372640961
+22372641621
+22372641651
+22372644270
+22372645234
+22372646291
+22372646361
+22372646561
+22372647274
+22372648373
+22372649917
+22372649990
+22372650238
+22372650582
+22372650911
+22372651653
+22372652478
+22372654104
+22372654285
+22372654497
+22372654587
+22372655851
+22372655966
+22372656302
+22372657742
+22372658881
+22372659804
+22372660010
+22372664530
+22372665348
+22372665817
+22372666528
+22372668032
+22372668284
+22372668363
+22372669510
+22372670431
+22372671180
+22372672113
+22372672305
+22372673052
+22372673468
+22372675134
+22372675535
+22372676048
+22372676329
+22372677151
+22372677275
+22372678434
+22372679652
+22372679857
+22372680069
+22372680565
+22372680591
+22372680777
+22372680964
+22372682365
+22372684670
+22372685346
+22372687188
+22372688163
+22372690492
+22372691189
+22372692798
+22372692991
+22372693795
+22372693854
+22372694120
+22372694198
+22372694753
+22372695264
+22372695386
+22372696225
+22372696549
+22372696848
+22372697014
+22372698328
+22372698957
+22372699592
+22372700613
+22372700731
+22372701308
+22372701699
+22372701887
+22372702345
+22372702652
+22372702845
+22372705598
+22372705777
+22372705817
+22372707070
+22372707756
+22372708289
+22372711311
+22372711539
+22372713419
+22372713451
+22372714510
+22372714644
+22372715497
+22372715533
+22372718501
+22372718783
+22372720337
+22372724653
+22372725208
+22372726505
+22372727972
+22372728285
+22372728663
+22372729634
+22372730395
+22372732130
+22372732156
+22372733654
+22372733949
+22372734006
+22372734915
+22372735165
+22372735931
+22372737444
+22372737551
+22372737653
+22372738658
+22372739020
+22372740244
+22372742155
+22372743384
+22372743682
+22372744353
+22372745039
+22372745340
+22372745966
+22372747388
+22372748204
+22372749082
+22372750740
+22372751882
+22372751884
+22372752698
+22372753817
+22372754050
+22372754423
+22372755054
+22372755455
+22372755631
+22372755923
+22372757336
+22372757648
+22372758179
+22372758247
+22372759891
+22372760521
+22372760746
+22372761314
+22372761900
+22372763119
+22372763258
+22372763454
+22372763819
+22372764046
+22372764829
+22372765484
+22372766126
+22372767933
+22372768113
+22372768690
+22372770174
+22372772490
+22372772859
+22372774732
+22372775862
+22372776688
+22372778443
+22372779036
+22372780266
+22372781148
+22372782118
+22372782331
+22372782496
+22372782562
+22372783332
+22372783446
+22372783596
+22372783739
+22372784011
+22372785413
+22372786136
+22372789366
+22372790089
+22372790328
+22372791158
+22372792682
+22372792913
+22372792999
+22372795081
+22372796450
+22372797032
+22372797946
+22372801495
+22372801534
+22372801587
+22372802542
+22372802882
+22372803430
+22372808549
+22372808944
+22372811804
+22372812178
+22372812752
+22372813969
+22372814142
+22372814714
+22372815089
+22372816379
+22372817314
+22372817522
+22372817605
+22372818196
+22372818550
+22372818814
+22372819421
+22372820612
+22372821133
+22372822353
+22372823372
+22372823797
+22372824049
+22372824875
+22372825836
+22372827141
+22372827369
+22372828718
+22372828870
+22372829669
+22372829856
+22372831338
+22372832841
+22372832854
+22372833922
+22372834410
+22372835586
+22372836433
+22372836858
+22372837628
+22372839288
+22372841528
+22372842805
+22372843832
+22372844953
+22372844958
+22372845347
+22372846433
+22372846702
+22372847964
+22372848512
+22372849052
+22372849540
+22372853020
+22372855080
+22372856319
+22372856644
+22372857195
+22372857569
+22372858183
+22372859449
+22372859842
+22372860301
+22372860332
+22372860920
+22372861197
+22372861724
+22372861966
+22372862158
+22372862213
+22372863212
+22372863213
+22372863297
+22372863312
+22372863741
+22372864755
+22372865342
+22372865880
+22372866135
+22372866751
+22372866869
+22372866962
+22372866988
+22372867256
+22372869077
+22372869225
+22372869244
+22372869490
+22372869933
+22372870911
+22372870993
+22372871567
+22372871807
+22372874926
+22372876483
+22372877716
+22372877970
+22372878107
+22372878760
+22372879138
+22372882899
+22372883081
+22372883887
+22372884297
+22372884857
+22372884974
+22372884984
+22372885141
+22372885578
+22372885740
+22372886682
+22372886799
+22372889412
+22372889892
+22372890859
+22372890874
+22372891090
+22372891243
+22372891699
+22372891998
+22372894253
+22372894262
+22372894449
+22372895303
+22372896056
+22372896451
+22372897908
+22372897973
+22372899480
+22372900403
+22372900746
+22372901111
+22372901481
+22372902294
+22372902504
+22372904364
+22372905092
+22372906322
+22372906920
+22372909404
+22372911970
+22372912455
+22372914353
+22372914806
+22372916667
+22372916750
+22372919039
+22372919640
+22372919701
+22372919716
+22372919865
+22372922176
+22372922558
+22372923326
+22372923633
+22372924109
+22372924637
+22372925440
+22372927780
+22372928703
+22372929315
+22372931025
+22372931029
+22372931309
+22372931532
+22372932529
+22372935450
+22372935616
+22372935717
+22372935722
+22372935839
+22372936327
+22372936573
+22372939415
+22372940834
+22372941921
+22372944106
+22372944552
+22372947034
+22372947520
+22372949125
+22372950306
+22372950542
+22372950765
+22372951597
+22372952220
+22372952397
+22372953099
+22372953384
+22372953463
+22372954166
+22372954228
+22372955248
+22372955614
+22372957664
+22372959826
+22372960118
+22372962473
+22372963181
+22372963301
+22372963398
+22372965801
+22372966232
+22372966553
+22372966816
+22372968667
+22372969430
+22372970291
+22372970587
+22372971071
+22372971345
+22372971368
+22372974253
+22372974381
+22372976211
+22372976541
+22372976789
+22372976977
+22372977206
+22372977986
+22372978337
+22372978608
+22372979267
+22372979559
+22372979902
+22372982629
+22372983483
+22372984573
+22372985197
+22372985209
+22372988724
+22372990872
+22372990927
+22372991051
+22372992062
+22372992669
+22372994412
+22372995060
+22372995584
+22372995781
+22372995978
+22372997278
+22372999687
+22373000095
+22373000566
+22373002708
+22373003285
+22373004146
+22373004288
+22373004536
+22373005651
+22373005805
+22373006368
+22373008571
+22373009969
+22373010620
+22373011295
+22373012262
+22373012778
+22373013015
+22373013952
+22373016665
+22373016922
+22373016990
+22373017734
+22373018128
+22373019055
+22373019802
+22373020501
+22373021382
+22373022033
+22373024002
+22373025381
+22373026425
+22373026540
+22373027999
+22373028275
+22373029452
+22373029481
+22373030384
+22373030512
+22373031032
+22373031539
+22373031861
+22373033207
+22373033521
+22373033672
+22373033956
+22373034228
+22373034426
+22373035634
+22373035981
+22373036745
+22373038610
+22373038693
+22373040691
+22373041171
+22373041910
+22373041948
+22373042012
+22373042518
+22373043598
+22373044702
+22373044711
+22373045516
+22373045876
+22373047564
+22373048160
+22373048794
+22373049412
+22373049914
+22373050747
+22373051208
+22373053415
+22373053780
+22373053908
+22373054417
+22373054623
+22373056129
+22373056497
+22373057456
+22373057491
+22373058344
+22373058465
+22373060645
+22373061208
+22373061353
+22373062774
+22373063719
+22373064024
+22373064945
+22373067706
+22373068706
+22373068835
+22373070147
+22373071190
+22373071525
+22373072107
+22373072678
+22373073164
+22373073630
+22373073679
+22373073948
+22373075465
+22373075487
+22373076549
+22373076557
+22373077656
+22373077730
+22373077886
+22373078240
+22373078472
+22373078874
+22373078899
+22373080638
+22373081060
+22373081288
+22373081530
+22373081626
+22373081703
+22373082256
+22373082470
+22373085327
+22373085366
+22373085377
+22373086289
+22373086763
+22373087542
+22373087620
+22373088935
+22373089134
+22373089861
+22373089913
+22373089974
+22373090843
+22373091955
+22373094860
+22373096092
+22373097736
+22373098382
+22373099923
+22373100549
+22373100785
+22373101010
+22373103024
+22373103490
+22373104536
+22373104569
+22373104697
+22373106732
+22373107765
+22373110054
+22373110090
+22373111303
+22373111445
+22373111560
+22373112036
+22373112250
+22373116181
+22373116308
+22373116417
+22373116852
+22373117388
+22373119639
+22373120551
+22373120985
+22373121276
+22373122664
+22373122785
+22373123018
+22373123978
+22373125793
+22373129225
+22373130029
+22373130540
+22373132063
+22373133930
+22373137706
+22373137837
+22373138002
+22373138385
+22373139420
+22373140038
+22373140266
+22373140310
+22373141248
+22373142705
+22373143497
+22373145269
+22373145897
+22373146129
+22373146184
+22373146318
+22373149943
+22373150483
+22373150510
+22373150700
+22373151745
+22373151747
+22373151899
+22373152763
+22373153329
+22373155936
+22373156320
+22373159150
+22373159586
+22373159711
+22373161131
+22373161487
+22373162980
+22373163098
+22373163474
+22373163940
+22373164853
+22373168048
+22373174107
+22373176383
+22373178473
+22373179254
+22373179404
+22373180737
+22373181517
+22373182210
+22373183222
+22373183364
+22373183619
+22373183794
+22373184212
+22373184301
+22373184619
+22373186221
+22373186411
+22373186744
+22373187724
+22373188930
+22373190502
+22373192623
+22373192725
+22373193094
+22373193188
+22373193983
+22373194406
+22373195052
+22373195197
+22373195521
+22373197304
+22373200924
+22373202355
+22373202533
+22373202641
+22373205502
+22373206044
+22373207225
+22373208403
+22373208537
+22373208898
+22373208905
+22373209102
+22373209120
+22373212285
+22373214866
+22373215685
+22373216012
+22373216608
+22373217583
+22373217907
+22373220804
+22373221052
+22373221170
+22373221348
+22373221421
+22373221756
+22373222256
+22373222395
+22373222574
+22373223986
+22373225092
+22373226444
+22373229364
+22373230030
+22373230249
+22373231054
+22373232849
+22373234920
+22373234936
+22373235332
+22373235595
+22373236344
+22373238742
+22373240211
+22373241719
+22373241830
+22373242354
+22373242479
+22373242786
+22373243298
+22373244752
+22373246928
+22373247238
+22373247359
+22373247602
+22373247859
+22373248411
+22373248691
+22373250986
+22373251648
+22373255556
+22373255758
+22373258478
+22373260386
+22373262626
+22373262750
+22373262849
+22373264859
+22373267930
+22373271225
+22373271408
+22373273276
+22373273772
+22373274354
+22373275098
+22373276090
+22373276126
+22373278368
+22373278447
+22373278851
+22373280038
+22373280677
+22373281101
+22373281188
+22373281251
+22373282910
+22373283489
+22373284030
+22373284420
+22373285265
+22373285351
+22373285953
+22373286636
+22373287303
+22373288687
+22373288717
+22373289253
+22373290122
+22373290191
+22373290276
+22373291640
+22373291641
+22373292112
+22373297512
+22373299019
+22373299639
+22373300298
+22373300393
+22373302649
+22373303307
+22373303342
+22373304189
+22373304209
+22373304833
+22373305205
+22373305392
+22373306301
+22373307903
+22373308445
+22373309170
+22373309600
+22373310609
+22373311456
+22373312771
+22373313064
+22373313154
+22373315495
+22373315711
+22373317246
+22373318427
+22373322524
+22373323318
+22373323361
+22373323787
+22373323803
+22373325731
+22373325741
+22373327757
+22373328444
+22373330506
+22373330517
+22373331197
+22373331332
+22373332681
+22373333122
+22373333568
+22373335738
+22373338859
+22373340531
+22373340666
+22373341601
+22373342094
+22373342693
+22373342768
+22373342926
+22373343769
+22373344407
+22373344722
+22373344904
+22373346547
+22373347897
+22373348421
+22373348494
+22373348625
+22373348961
+22373349208
+22373349220
+22373351095
+22373351291
+22373352664
+22373353034
+22373354008
+22373354503
+22373356032
+22373356908
+22373357751
+22373357770
+22373357972
+22373360196
+22373360227
+22373362450
+22373362581
+22373362610
+22373362939
+22373362946
+22373364509
+22373364937
+22373365214
+22373366325
+22373366920
+22373367602
+22373371295
+22373372477
+22373373305
+22373374371
+22373374488
+22373374935
+22373375539
+22373376044
+22373376176
+22373376253
+22373377389
+22373382777
+22373383866
+22373385137
+22373385619
+22373386733
+22373387299
+22373387706
+22373390157
+22373390684
+22373390811
+22373390978
+22373392016
+22373393922
+22373394014
+22373394945
+22373395156
+22373395421
+22373395840
+22373398289
+22373399092
+22373400145
+22373400277
+22373400566
+22373400735
+22373401533
+22373401653
+22373401980
+22373404173
+22373404668
+22373405529
+22373407110
+22373407796
+22373408491
+22373408760
+22373409082
+22373410264
+22373411330
+22373411399
+22373413167
+22373413986
+22373414126
+22373414909
+22373415076
+22373415601
+22373416583
+22373416860
+22373417204
+22373419616
+22373419683
+22373420117
+22373420177
+22373422320
+22373424296
+22373426657
+22373428736
+22373432206
+22373432261
+22373432288
+22373432402
+22373432797
+22373433206
+22373433299
+22373433436
+22373434287
+22373434609
+22373435978
+22373438071
+22373443470
+22373444224
+22373445386
+22373446816
+22373448131
+22373449668
+22373450991
+22373453238
+22373453869
+22373453999
+22373454525
+22373454732
+22373456599
+22373458086
+22373459267
+22373460039
+22373460789
+22373460868
+22373462545
+22373463330
+22373463338
+22373464154
+22373464540
+22373464804
+22373466049
+22373466776
+22373467017
+22373467217
+22373468143
+22373470106
+22373470549
+22373473746
+22373474137
+22373475889
+22373476962
+22373477422
+22373477977
+22373478079
+22373478394
+22373479530
+22373479703
+22373480086
+22373480165
+22373481347
+22373482196
+22373482471
+22373483242
+22373483530
+22373483869
+22373484452
+22373485017
+22373485312
+22373485712
+22373486104
+22373486790
+22373487165
+22373487187
+22373487732
+22373487883
+22373488554
+22373488589
+22373490901
+22373491953
+22373493657
+22373494109
+22373494277
+22373494565
+22373494594
+22373496156
+22373496500
+22373497468
+22373498073
+22373498541
+22373498556
+22373500494
+22373501605
+22373502624
+22373503172
+22373504364
+22373505896
+22373506039
+22373506105
+22373506958
+22373507174
+22373507833
+22373509443
+22373510611
+22373510795
+22373510801
+22373512757
+22373512820
+22373513410
+22373514862
+22373515554
+22373515880
+22373516487
+22373519235
+22373519443
+22373520488
+22373521416
+22373522089
+22373522317
+22373523710
+22373524805
+22373525009
+22373526128
+22373526341
+22373527442
+22373528029
+22373528477
+22373528595
+22373528908
+22373529482
+22373529846
+22373530042
+22373530819
+22373532574
+22373533635
+22373533809
+22373534041
+22373534527
+22373536940
+22373537828
+22373538095
+22373539191
+22373541148
+22373541181
+22373542927
+22373543092
+22373543694
+22373544055
+22373544111
+22373544960
+22373544967
+22373545463
+22373545652
+22373547410
+22373548762
+22373548839
+22373549043
+22373550782
+22373550899
+22373552399
+22373553154
+22373553512
+22373555015
+22373556582
+22373556721
+22373559121
+22373559843
+22373560186
+22373564650
+22373565032
+22373565059
+22373565861
+22373567362
+22373568769
+22373569047
+22373571912
+22373573282
+22373573499
+22373575856
+22373576530
+22373577019
+22373578314
+22373579578
+22373579836
+22373580743
+22373581151
+22373581620
+22373581946
+22373582118
+22373582955
+22373584729
+22373585699
+22373587901
+22373588582
+22373588631
+22373589111
+22373589561
+22373590701
+22373591049
+22373593556
+22373596019
+22373598352
+22373598440
+22373599518
+22373601731
+22373602927
+22373603979
+22373604254
+22373605830
+22373607145
+22373607233
+22373609781
+22373610720
+22373613115
+22373614406
+22373615272
+22373615824
+22373617686
+22373619124
+22373620253
+22373620353
+22373620797
+22373621142
+22373621681
+22373622576
+22373624147
+22373625715
+22373626183
+22373627251
+22373627610
+22373628291
+22373628560
+22373628794
+22373628816
+22373629635
+22373630065
+22373630634
+22373631947
+22373637968
+22373639128
+22373641155
+22373642361
+22373643685
+22373644118
+22373645813
+22373646081
+22373646373
+22373647326
+22373648197
+22373648276
+22373650757
+22373652648
+22373653093
+22373653622
+22373654093
+22373654326
+22373655358
+22373656449
+22373657706
+22373658373
+22373658854
+22373659176
+22373660345
+22373660735
+22373664937
+22373665172
+22373665602
+22373665696
+22373665984
+22373666924
+22373667012
+22373668897
+22373669077
+22373669715
+22373673742
+22373674213
+22373674446
+22373674517
+22373674960
+22373675335
+22373677864
+22373679137
+22373679233
+22373679820
+22373680731
+22373681974
+22373683649
+22373690977
+22373691640
+22373691965
+22373692332
+22373692494
+22373692533
+22373693739
+22373695330
+22373695861
+22373696154
+22373696175
+22373696822
+22373697554
+22373698326
+22373699324
+22373700688
+22373700927
+22373701624
+22373703331
+22373703471
+22373703474
+22373706563
+22373706649
+22373707264
+22373708700
+22373709874
+22373710305
+22373713947
+22373714214
+22373714659
+22373714740
+22373715937
+22373718103
+22373718499
+22373718867
+22373720709
+22373721469
+22373721605
+22373723022
+22373723249
+22373723811
+22373724175
+22373724213
+22373724844
+22373725559
+22373725882
+22373726100
+22373726130
+22373726714
+22373727388
+22373730396
+22373730609
+22373730692
+22373731107
+22373731949
+22373732398
+22373734973
+22373735158
+22373735356
+22373736704
+22373736885
+22373738487
+22373738648
+22373739096
+22373739164
+22373739378
+22373739922
+22373740257
+22373741550
+22373742210
+22373742450
+22373742750
+22373743262
+22373743583
+22373745223
+22373745443
+22373745450
+22373746356
+22373746658
+22373747201
+22373747378
+22373747893
+22373748434
+22373748768
+22373750546
+22373751594
+22373751676
+22373753881
+22373754462
+22373755795
+22373755938
+22373756518
+22373758706
+22373758729
+22373758998
+22373759323
+22373762510
+22373762936
+22373763157
+22373763919
+22373763932
+22373764446
+22373764453
+22373764575
+22373764657
+22373765468
+22373766034
+22373766221
+22373766380
+22373766903
+22373766905
+22373767062
+22373767523
+22373768903
+22373769220
+22373770720
+22373771177
+22373772583
+22373772740
+22373773920
+22373774215
+22373774243
+22373775123
+22373775188
+22373776426
+22373777381
+22373778128
+22373779443
+22373779629
+22373779970
+22373780019
+22373780430
+22373781483
+22373782019
+22373782152
+22373782552
+22373783341
+22373784622
+22373784664
+22373785759
+22373785806
+22373787979
+22373789136
+22373790637
+22373791050
+22373794409
+22373794452
+22373796268
+22373797052
+22373797565
+22373798387
+22373798567
+22373800024
+22373800204
+22373801049
+22373802421
+22373802602
+22373804446
+22373804842
+22373805488
+22373805662
+22373806014
+22373807821
+22373808146
+22373808316
+22373809648
+22373810559
+22373811856
+22373812172
+22373813983
+22373814368
+22373814605
+22373814713
+22373815236
+22373815372
+22373815650
+22373816121
+22373816913
+22373820689
+22373820847
+22373822395
+22373822729
+22373822965
+22373823216
+22373823465
+22373823559
+22373823819
+22373823970
+22373824710
+22373826418
+22373826444
+22373827230
+22373828360
+22373833135
+22373834477
+22373834512
+22373834744
+22373834902
+22373835529
+22373835610
+22373837355
+22373837463
+22373839429
+22373840086
+22373840375
+22373840497
+22373840513
+22373842220
+22373842961
+22373844524
+22373847107
+22373847290
+22373848306
+22373848824
+22373851527
+22373852769
+22373853513
+22373854247
+22373856112
+22373859724
+22373859757
+22373859909
+22373860571
+22373860893
+22373863064
+22373863300
+22373864816
+22373865110
+22373865426
+22373866377
+22373866944
+22373867735
+22373868828
+22373869266
+22373869450
+22373871060
+22373871437
+22373872019
+22373872090
+22373872720
+22373873180
+22373873256
+22373874455
+22373874593
+22373876034
+22373876691
+22373877986
+22373879304
+22373880088
+22373880924
+22373881496
+22373881917
+22373882160
+22373882397
+22373883086
+22373883281
+22373884181
+22373884650
+22373885297
+22373885656
+22373886387
+22373886750
+22373886828
+22373887973
+22373888444
+22373891580
+22373891687
+22373892337
+22373892759
+22373893459
+22373896740
+22373901082
+22373902009
+22373902138
+22373903428
+22373903849
+22373903915
+22373903944
+22373904303
+22373905379
+22373905567
+22373905883
+22373906166
+22373908904
+22373909707
+22373909945
+22373910098
+22373910527
+22373910900
+22373911188
+22373911628
+22373912385
+22373912841
+22373913165
+22373913354
+22373913996
+22373914305
+22373914815
+22373915749
+22373916236
+22373916986
+22373917377
+22373917449
+22373918303
+22373918604
+22373921920
+22373922437
+22373924596
+22373925243
+22373925308
+22373925659
+22373926030
+22373927419
+22373928194
+22373928290
+22373928353
+22373928609
+22373929770
+22373929852
+22373932863
+22373934164
+22373934550
+22373936231
+22373936334
+22373936744
+22373937713
+22373938188
+22373940286
+22373941323
+22373941830
+22373942289
+22373942737
+22373943896
+22373944584
+22373945655
+22373946492
+22373946669
+22373948228
+22373948819
+22373949587
+22373950018
+22373951567
+22373951707
+22373952058
+22373952983
+22373956091
+22373956904
+22373957248
+22373958666
+22373959748
+22373964161
+22373964436
+22373965227
+22373965416
+22373965722
+22373966426
+22373967859
+22373968047
+22373969241
+22373970047
+22373970466
+22373972461
+22373972931
+22373973107
+22373973651
+22373973762
+22373974851
+22373975004
+22373975608
+22373976154
+22373976255
+22373976618
+22373976831
+22373977336
+22373977628
+22373980897
+22373981740
+22373982777
+22373985020
+22373985925
+22373986169
+22373986338
+22373988656
+22373988739
+22373989626
+22373990461
+22373991030
+22373992240
+22373992984
+22373993023
+22373993521
+22373994716
+22373996114
+22373996400
+22373996722
+22374000229
+22374000434
+22374001045
+22374001352
+22374003854
+22374003904
+22374005402
+22374005804
+22374006613
+22374007774
+22374007985
+22374008558
+22374009966
+22374010168
+22374010437
+22374010716
+22374010924
+22374010987
+22374011790
+22374012219
+22374012561
+22374013138
+22374014485
+22374016948
+22374019748
+22374021245
+22374022846
+22374023176
+22374023519
+22374024169
+22374024680
+22374025376
+22374025738
+22374026350
+22374027400
+22374027420
+22374027655
+22374028346
+22374029452
+22374030052
+22374030562
+22374031926
+22374032124
+22374032362
+22374033164
+22374033165
+22374034109
+22374034821
+22374035545
+22374036547
+22374037486
+22374040746
+22374040825
+22374041201
+22374042113
+22374042244
+22374046302
+22374047523
+22374049102
+22374050058
+22374051016
+22374052083
+22374053152
+22374055461
+22374056045
+22374059783
+22374060447
+22374060864
+22374061099
+22374061709
+22374062265
+22374062351
+22374065294
+22374065717
+22374066103
+22374068498
+22374070242
+22374071414
+22374071675
+22374072963
+22374073446
+22374074325
+22374074589
+22374074608
+22374075987
+22374080247
+22374080409
+22374080826
+22374081313
+22374081646
+22374086050
+22374086720
+22374088012
+22374090644
+22374092606
+22374093376
+22374095263
+22374096451
+22374097114
+22374097492
+22374098913
+22374099087
+22374099361
+22374099966
+22374100472
+22374102431
+22374102577
+22374102602
+22374104626
+22374105277
+22374106067
+22374106333
+22374106692
+22374108291
+22374109130
+22374110842
+22374111205
+22374111383
+22374111481
+22374112225
+22374113924
+22374114541
+22374114787
+22374115953
+22374118970
+22374120435
+22374121130
+22374121876
+22374122551
+22374123048
+22374128355
+22374129526
+22374129559
+22374130115
+22374130187
+22374132985
+22374133393
+22374133980
+22374133993
+22374134020
+22374134085
+22374135205
+22374136546
+22374140167
+22374140518
+22374140879
+22374140965
+22374142966
+22374144478
+22374144622
+22374144766
+22374146951
+22374147220
+22374147443
+22374148125
+22374148953
+22374149486
+22374151143
+22374151257
+22374151260
+22374152268
+22374153133
+22374153660
+22374154497
+22374155708
+22374160290
+22374160491
+22374161184
+22374161201
+22374161233
+22374162462
+22374164024
+22374165117
+22374165922
+22374166771
+22374166841
+22374167661
+22374168006
+22374169629
+22374170317
+22374171522
+22374171617
+22374172447
+22374173714
+22374174811
+22374174865
+22374175622
+22374178727
+22374180678
+22374181061
+22374181443
+22374181628
+22374181888
+22374183731
+22374185444
+22374185974
+22374187643
+22374188602
+22374190531
+22374191231
+22374193454
+22374194258
+22374194952
+22374195225
+22374195243
+22374195668
+22374195893
+22374196986
+22374198315
+22374198375
+22374198386
+22374198909
+22374199938
+22374199940
+22374201549
+22374201918
+22374203538
+22374203803
+22374204562
+22374205486
+22374207127
+22374207492
+22374207519
+22374209513
+22374210046
+22374210602
+22374212028
+22374212625
+22374212686
+22374213043
+22374216997
+22374217916
+22374218962
+22374220558
+22374221059
+22374221311
+22374221379
+22374222079
+22374222756
+22374223194
+22374223631
+22374223691
+22374224029
+22374224570
+22374224932
+22374226382
+22374227339
+22374227721
+22374228419
+22374230152
+22374230174
+22374230833
+22374232325
+22374234025
+22374235649
+22374236411
+22374239365
+22374240149
+22374242518
+22374243274
+22374244241
+22374245301
+22374245620
+22374246159
+22374246927
+22374246961
+22374247319
+22374248860
+22374250763
+22374252549
+22374252772
+22374254408
+22374256103
+22374256775
+22374257451
+22374257676
+22374257868
+22374258041
+22374258080
+22374259423
+22374260233
+22374260510
+22374263833
+22374266679
+22374266696
+22374270108
+22374271297
+22374272794
+22374274241
+22374274707
+22374276093
+22374277671
+22374278301
+22374280011
+22374280462
+22374281372
+22374285142
+22374285423
+22374287297
+22374287531
+22374290127
+22374290535
+22374292962
+22374293607
+22374296747
+22374297037
+22374301532
+22374302320
+22374303128
+22374303883
+22374305288
+22374305893
+22374307288
+22374307858
+22374308931
+22374308946
+22374309609
+22374309650
+22374310464
+22374311004
+22374311905
+22374313106
+22374313914
+22374317015
+22374320098
+22374320138
+22374321384
+22374321520
+22374323136
+22374324253
+22374324489
+22374324668
+22374325067
+22374326178
+22374327064
+22374327205
+22374329893
+22374330394
+22374330502
+22374330513
+22374331247
+22374331824
+22374332126
+22374333035
+22374333076
+22374333707
+22374334669
+22374335854
+22374335915
+22374338434
+22374338645
+22374339489
+22374339850
+22374340282
+22374340317
+22374340408
+22374341132
+22374341353
+22374341664
+22374341758
+22374342681
+22374343037
+22374343386
+22374344405
+22374344472
+22374344687
+22374345276
+22374345359
+22374346477
+22374347759
+22374347794
+22374348990
+22374349523
+22374349746
+22374349878
+22374355992
+22374356991
+22374357650
+22374359423
+22374359541
+22374360252
+22374361090
+22374361885
+22374362760
+22374363000
+22374363049
+22374364313
+22374364590
+22374366387
+22374367533
+22374369223
+22374369226
+22374369535
+22374369726
+22374369884
+22374370281
+22374370317
+22374371076
+22374371761
+22374371953
+22374373809
+22374374529
+22374374641
+22374375493
+22374376660
+22374380798
+22374381483
+22374381939
+22374382374
+22374384053
+22374384303
+22374385094
+22374389207
+22374389520
+22374390364
+22374391146
+22374391602
+22374392085
+22374392658
+22374392997
+22374393408
+22374393998
+22374394043
+22374395099
+22374397191
+22374399823
+22374400156
+22374400269
+22374401341
+22374403739
+22374405339
+22374408323
+22374408587
+22374410156
+22374411373
+22374412861
+22374412979
+22374414631
+22374414763
+22374415081
+22374415231
+22374417019
+22374418370
+22374418807
+22374420239
+22374420897
+22374421364
+22374421727
+22374422074
+22374423113
+22374423674
+22374424094
+22374424853
+22374425152
+22374426307
+22374428097
+22374428252
+22374428680
+22374428862
+22374429605
+22374429736
+22374430233
+22374432504
+22374434612
+22374435321
+22374435833
+22374436936
+22374437117
+22374437842
+22374438439
+22374438770
+22374438841
+22374438872
+22374439045
+22374439200
+22374440196
+22374443499
+22374444064
+22374444412
+22374444891
+22374445539
+22374445819
+22374447844
+22374448068
+22374449276
+22374449501
+22374450435
+22374450999
+22374451655
+22374454109
+22374454253
+22374456133
+22374456407
+22374456458
+22374457815
+22374459819
+22374459917
+22374460388
+22374461991
+22374463407
+22374463853
+22374467623
+22374467808
+22374469386
+22374470423
+22374471340
+22374471777
+22374472163
+22374473189
+22374473882
+22374474603
+22374475482
+22374476664
+22374477122
+22374477193
+22374479063
+22374479945
+22374479948
+22374480075
+22374480522
+22374480841
+22374483808
+22374484247
+22374485051
+22374485623
+22374488206
+22374488364
+22374488453
+22374488577
+22374488728
+22374489219
+22374490018
+22374490573
+22374491092
+22374492175
+22374493786
+22374495570
+22374497101
+22374498138
+22374498361
+22374498728
+22374499637
+22374500920
+22374502252
+22374503069
+22374503674
+22374504139
+22374504768
+22374509031
+22374509235
+22374509466
+22374510464
+22374511873
+22374514119
+22374515059
+22374517107
+22374517254
+22374517341
+22374517370
+22374517739
+22374519307
+22374519379
+22374520658
+22374521916
+22374522757
+22374523144
+22374523986
+22374524436
+22374524812
+22374525275
+22374525644
+22374526348
+22374526923
+22374527156
+22374527187
+22374527476
+22374528653
+22374529161
+22374529748
+22374529958
+22374530693
+22374531052
+22374531283
+22374531891
+22374532079
+22374532482
+22374533934
+22374536221
+22374539546
+22374543669
+22374543743
+22374545641
+22374546827
+22374549125
+22374549279
+22374550192
+22374552582
+22374553047
+22374553875
+22374555332
+22374556201
+22374557132
+22374557321
+22374557595
+22374560717
+22374561735
+22374563761
+22374565333
+22374568535
+22374568736
+22374572349
+22374572552
+22374574063
+22374574378
+22374575313
+22374575352
+22374575969
+22374576132
+22374576990
+22374578215
+22374578252
+22374579307
+22374580930
+22374582529
+22374583914
+22374584221
+22374585542
+22374586661
+22374586804
+22374587560
+22374588395
+22374588784
+22374588862
+22374589512
+22374590230
+22374590629
+22374591311
+22374592586
+22374592685
+22374593312
+22374593900
+22374594869
+22374595279
+22374595720
+22374597497
+22374597904
+22374598293
+22374599187
+22374599954
+22374600023
+22374600457
+22374600833
+22374600874
+22374601906
+22374603903
+22374603904
+22374605506
+22374606386
+22374607017
+22374608439
+22374609089
+22374609812
+22374609906
+22374610851
+22374611808
+22374613346
+22374614319
+22374615952
+22374616012
+22374620628
+22374620656
+22374621568
+22374622617
+22374622923
+22374623364
+22374623603
+22374624214
+22374624685
+22374625112
+22374625304
+22374626022
+22374628244
+22374630888
+22374631672
+22374631816
+22374632879
+22374633455
+22374634895
+22374635318
+22374635516
+22374636764
+22374637069
+22374637383
+22374637562
+22374638314
+22374638420
+22374639086
+22374640157
+22374641713
+22374641980
+22374642006
+22374642451
+22374642497
+22374643077
+22374643284
+22374643430
+22374644327
+22374645857
+22374646272
+22374646641
+22374646702
+22374647651
+22374647812
+22374649109
+22374650478
+22374651425
+22374651692
+22374652227
+22374652235
+22374652614
+22374654282
+22374656627
+22374656979
+22374661314
+22374661557
+22374662083
+22374662837
+22374663076
+22374663149
+22374663913
+22374665391
+22374665538
+22374666003
+22374666297
+22374666477
+22374666730
+22374666959
+22374667348
+22374669421
+22374669436
+22374670078
+22374670250
+22374670876
+22374671580
+22374671597
+22374671738
+22374672395
+22374673563
+22374674406
+22374676021
+22374677290
+22374677467
+22374677513
+22374677757
+22374678011
+22374678414
+22374682012
+22374682693
+22374683685
+22374684294
+22374685699
+22374687144
+22374688994
+22374689884
+22374691490
+22374692085
+22374692500
+22374693736
+22374693886
+22374694939
+22374694988
+22374695953
+22374698683
+22374699340
+22374699573
+22374699964
+22374701688
+22374701778
+22374703839
+22374704463
+22374705177
+22374705291
+22374705808
+22374705990
+22374706819
+22374709077
+22374709251
+22374710249
+22374710472
+22374711513
+22374711929
+22374712316
+22374712788
+22374713247
+22374713495
+22374714678
+22374714714
+22374714740
+22374715578
+22374717558
+22374718499
+22374718780
+22374718986
+22374719160
+22374722873
+22374724690
+22374724758
+22374727193
+22374728443
+22374728676
+22374729011
+22374730538
+22374731664
+22374735466
+22374737440
+22374737546
+22374737562
+22374741584
+22374742423
+22374742908
+22374744036
+22374744060
+22374744793
+22374744866
+22374745069
+22374745152
+22374747446
+22374747830
+22374749001
+22374749540
+22374749661
+22374749775
+22374750052
+22374753169
+22374753277
+22374754864
+22374756549
+22374757306
+22374757426
+22374757676
+22374757803
+22374758542
+22374759784
+22374759940
+22374760115
+22374761266
+22374762989
+22374763952
+22374765106
+22374767262
+22374768247
+22374768411
+22374769014
+22374772418
+22374773572
+22374774829
+22374777566
+22374780869
+22374781195
+22374782050
+22374782150
+22374785300
+22374786010
+22374788466
+22374788955
+22374790273
+22374790814
+22374791265
+22374792761
+22374795150
+22374799908
+22374800189
+22374800848
+22374801822
+22374804406
+22374805826
+22374806848
+22374806918
+22374807377
+22374807395
+22374807543
+22374809151
+22374809690
+22374810137
+22374810367
+22374810489
+22374810926
+22374812640
+22374813533
+22374815701
+22374816785
+22374818359
+22374819523
+22374819532
+22374819630
+22374820306
+22374821157
+22374821441
+22374824188
+22374824230
+22374824907
+22374825109
+22374825395
+22374826370
+22374826567
+22374827352
+22374828704
+22374829424
+22374830095
+22374830848
+22374834492
+22374835079
+22374835291
+22374835557
+22374838243
+22374838912
+22374838925
+22374839834
+22374840912
+22374841380
+22374843391
+22374843872
+22374843873
+22374844007
+22374847060
+22374847247
+22374847349
+22374849606
+22374850035
+22374850053
+22374850441
+22374854873
+22374855371
+22374856030
+22374856719
+22374856751
+22374859250
+22374859966
+22374860733
+22374862003
+22374862662
+22374863186
+22374864099
+22374865079
+22374866187
+22374867259
+22374868683
+22374869846
+22374870700
+22374871877
+22374872075
+22374873528
+22374875666
+22374876779
+22374876942
+22374878653
+22374878746
+22374880241
+22374881964
+22374882457
+22374883785
+22374884632
+22374885134
+22374885283
+22374886543
+22374887196
+22374888009
+22374888984
+22374889283
+22374889514
+22374889710
+22374889715
+22374890698
+22374892822
+22374893441
+22374893569
+22374894197
+22374895530
+22374896929
+22374897167
+22374900567
+22374901026
+22374903441
+22374905632
+22374905833
+22374906179
+22374906455
+22374906961
+22374907879
+22374908260
+22374908299
+22374911214
+22374911793
+22374912035
+22374914015
+22374915324
+22374915336
+22374915987
+22374916352
+22374916588
+22374917966
+22374918766
+22374920168
+22374920338
+22374921484
+22374921913
+22374922224
+22374923381
+22374925229
+22374927372
+22374930600
+22374931745
+22374933158
+22374935078
+22374935804
+22374936758
+22374936778
+22374940238
+22374941828
+22374942263
+22374943143
+22374943374
+22374943709
+22374944642
+22374945691
+22374946024
+22374946827
+22374947133
+22374948151
+22374948689
+22374949150
+22374950349
+22374951744
+22374952261
+22374952719
+22374952783
+22374953442
+22374953455
+22374956129
+22374957120
+22374958183
+22374959924
+22374960066
+22374960557
+22374961494
+22374962508
+22374963382
+22374963637
+22374963937
+22374964213
+22374964446
+22374964753
+22374965968
+22374966369
+22374966377
+22374968270
+22374968595
+22374968851
+22374969323
+22374973374
+22374975374
+22374975508
+22374976888
+22374976911
+22374978057
+22374979637
+22374981444
+22374981469
+22374981698
+22374982909
+22374983682
+22374983708
+22374983811
+22374983944
+22374984738
+22374985811
+22374988315
+22374989415
+22374989608
+22374991323
+22374991689
+22374991828
+22374991969
+22374992310
+22374992422
+22374992806
+22374993935
+22374995155
+22374995602
+22374996112
+22374997062
+22374997181
+22374997527
+22374998617
+22374998827
+22374999226
+22374999646
+22375000166
+22375003626
+22375003857
+22375004880
+22375005288
+22375009743
+22375010171
+22375010456
+22375013304
+22375014035
+22375014259
+22375015127
+22375015207
+22375017449
+22375017757
+22375019973
+22375021786
+22375024411
+22375025276
+22375026940
+22375027389
+22375027894
+22375029859
+22375030651
+22375030972
+22375033229
+22375033883
+22375034024
+22375034045
+22375034824
+22375035208
+22375035843
+22375040482
+22375040566
+22375040835
+22375042405
+22375043460
+22375043939
+22375044391
+22375045716
+22375046323
+22375050596
+22375053165
+22375053557
+22375053630
+22375054228
+22375055011
+22375055540
+22375057077
+22375059677
+22375060251
+22375060261
+22375061077
+22375061218
+22375061378
+22375061886
+22375062364
+22375064220
+22375064753
+22375066020
+22375066422
+22375067114
+22375068193
+22375068514
+22375069257
+22375072673
+22375072735
+22375072910
+22375073510
+22375074605
+22375076225
+22375076606
+22375081338
+22375082079
+22375082447
+22375082677
+22375082972
+22375083472
+22375085977
+22375087701
+22375087897
+22375088168
+22375088332
+22375088646
+22375088780
+22375089222
+22375089848
+22375090018
+22375092056
+22375094475
+22375095901
+22375097015
+22375097715
+22375097871
+22375099979
+22375100683
+22375104293
+22375104464
+22375108366
+22375108837
+22375109414
+22375109520
+22375110575
+22375111689
+22375112740
+22375113586
+22375113757
+22375115075
+22375116099
+22375116716
+22375116925
+22375117330
+22375117334
+22375119110
+22375120113
+22375122751
+22375123390
+22375123391
+22375123855
+22375125024
+22375127000
+22375127377
+22375127433
+22375127931
+22375131780
+22375133776
+22375133948
+22375138726
+22375139293
+22375139575
+22375140533
+22375145270
+22375145695
+22375148980
+22375149761
+22375150099
+22375150840
+22375153995
+22375154836
+22375156497
+22375156940
+22375157850
+22375158287
+22375158636
+22375159598
+22375159683
+22375162419
+22375163524
+22375164265
+22375164431
+22375164791
+22375168268
+22375168670
+22375170096
+22375170158
+22375171878
+22375172141
+22375177261
+22375178626
+22375179065
+22375181668
+22375181805
+22375182744
+22375183043
+22375185205
+22375185867
+22375187293
+22375187983
+22375189316
+22375189491
+22375189812
+22375190245
+22375191348
+22375191409
+22375191973
+22375193402
+22375193590
+22375193881
+22375195314
+22375195700
+22375197468
+22375197707
+22375197744
+22375201323
+22375201645
+22375202678
+22375203291
+22375203371
+22375205138
+22375205429
+22375206281
+22375206554
+22375207477
+22375207581
+22375208181
+22375209053
+22375209968
+22375210150
+22375211033
+22375211108
+22375211573
+22375212536
+22375213151
+22375213822
+22375214649
+22375214844
+22375214924
+22375215611
+22375215674
+22375215911
+22375217685
+22375218976
+22375219946
+22375220540
+22375225883
+22375226905
+22375229728
+22375231216
+22375233611
+22375233662
+22375235553
+22375236963
+22375240832
+22375240847
+22375241355
+22375241944
+22375242026
+22375242239
+22375242273
+22375243658
+22375244219
+22375245660
+22375248055
+22375248514
+22375248632
+22375249027
+22375249297
+22375249598
+22375250301
+22375250353
+22375251389
+22375251710
+22375253275
+22375253291
+22375253671
+22375253727
+22375255039
+22375255713
+22375255806
+22375256136
+22375256723
+22375257045
+22375257049
+22375257749
+22375257860
+22375258851
+22375259088
+22375264281
+22375264503
+22375265071
+22375273794
+22375274749
+22375275922
+22375275941
+22375279626
+22375280514
+22375281479
+22375282245
+22375282419
+22375284676
+22375285010
+22375287746
+22375288232
+22375288583
+22375288623
+22375288789
+22375289897
+22375290717
+22375291372
+22375291543
+22375292048
+22375294260
+22375294432
+22375294439
+22375294784
+22375294891
+22375295083
+22375295658
+22375296456
+22375297197
+22375297495
+22375297736
+22375298105
+22375298269
+22375301639
+22375301925
+22375302237
+22375302379
+22375302535
+22375303701
+22375304735
+22375305015
+22375305055
+22375305745
+22375306216
+22375309281
+22375311268
+22375312599
+22375314185
+22375314638
+22375315493
+22375316052
+22375317151
+22375317284
+22375317863
+22375318096
+22375318296
+22375318511
+22375320031
+22375320219
+22375321555
+22375324860
+22375324909
+22375325035
+22375325534
+22375326138
+22375326299
+22375327410
+22375327582
+22375327635
+22375327664
+22375327857
+22375328014
+22375328557
+22375330100
+22375331015
+22375332269
+22375332281
+22375333007
+22375333273
+22375333700
+22375334392
+22375334494
+22375334624
+22375335458
+22375335663
+22375335756
+22375337050
+22375337255
+22375338256
+22375338651
+22375339688
+22375339826
+22375340367
+22375342911
+22375344065
+22375344410
+22375346703
+22375347898
+22375349237
+22375349821
+22375350035
+22375351165
+22375353353
+22375353795
+22375355070
+22375355882
+22375358928
+22375361537
+22375363352
+22375366396
+22375369242
+22375370068
+22375370079
+22375371331
+22375371658
+22375373304
+22375374160
+22375374304
+22375376643
+22375377198
+22375377689
+22375378029
+22375378495
+22375378624
+22375378876
+22375379183
+22375379780
+22375380322
+22375381932
+22375382383
+22375382712
+22375383033
+22375383159
+22375385051
+22375385479
+22375385943
+22375385984
+22375386012
+22375386114
+22375386597
+22375389120
+22375389437
+22375389587
+22375389667
+22375389682
+22375390787
+22375391177
+22375391179
+22375391875
+22375392021
+22375392836
+22375393887
+22375394446
+22375395667
+22375397241
+22375397441
+22375397808
+22375398012
+22375398121
+22375398222
+22375398323
+22375399666
+22375400520
+22375401091
+22375401809
+22375402302
+22375402470
+22375402621
+22375406808
+22375407590
+22375407633
+22375409655
+22375411092
+22375412130
+22375412404
+22375414682
+22375414816
+22375415436
+22375416876
+22375417743
+22375417810
+22375418138
+22375421103
+22375421566
+22375421839
+22375422002
+22375422825
+22375422973
+22375423297
+22375423912
+22375423986
+22375424089
+22375424582
+22375424847
+22375425421
+22375427186
+22375428998
+22375429121
+22375430542
+22375430994
+22375431720
+22375431850
+22375432021
+22375432756
+22375433136
+22375435025
+22375435078
+22375435232
+22375435245
+22375435408
+22375435903
+22375436484
+22375436738
+22375438088
+22375438410
+22375438772
+22375438897
+22375440001
+22375442207
+22375443570
+22375444479
+22375446867
+22375448338
+22375448505
+22375449147
+22375449645
+22375451298
+22375452755
+22375452757
+22375453456
+22375453723
+22375455336
+22375455755
+22375456037
+22375456160
+22375456815
+22375457486
+22375457594
+22375458104
+22375459131
+22375460545
+22375462160
+22375462821
+22375465215
+22375466620
+22375467035
+22375468327
+22375468462
+22375468510
+22375469801
+22375470331
+22375471572
+22375476060
+22375476963
+22375478150
+22375478685
+22375479387
+22375479694
+22375479984
+22375481770
+22375482413
+22375482776
+22375483716
+22375484399
+22375486320
+22375486585
+22375487893
+22375488298
+22375489497
+22375489524
+22375489913
+22375490629
+22375491172
+22375493777
+22375494654
+22375495082
+22375495631
+22375495851
+22375496506
+22375496881
+22375498779
+22375499804
+22375500202
+22375501175
+22375501708
+22375504633
+22375504656
+22375506539
+22375506668
+22375507062
+22375507371
+22375508195
+22375508217
+22375511212
+22375513389
+22375519699
+22375521863
+22375522413
+22375523375
+22375523812
+22375524587
+22375525860
+22375526586
+22375526796
+22375528281
+22375529699
+22375529841
+22375530155
+22375530265
+22375531045
+22375533252
+22375534698
+22375536048
+22375536751
+22375536916
+22375537731
+22375539358
+22375539698
+22375540424
+22375540435
+22375540729
+22375542382
+22375543344
+22375544436
+22375544669
+22375546922
+22375547347
+22375548900
+22375549095
+22375549871
+22375550975
+22375552860
+22375553751
+22375553859
+22375554219
+22375554622
+22375555203
+22375560584
+22375560743
+22375561713
+22375562532
+22375563424
+22375565329
+22375565463
+22375566759
+22375567637
+22375567848
+22375567907
+22375568000
+22375568253
+22375569175
+22375572870
+22375573578
+22375573732
+22375573873
+22375575449
+22375576425
+22375576903
+22375579671
+22375579740
+22375580344
+22375580902
+22375582003
+22375583041
+22375583847
+22375584469
+22375586690
+22375587135
+22375588937
+22375590176
+22375590742
+22375591937
+22375592079
+22375595008
+22375595514
+22375597026
+22375597038
+22375598049
+22375599290
+22375602888
+22375603421
+22375604015
+22375604497
+22375604935
+22375605231
+22375606795
+22375607265
+22375607299
+22375608519
+22375609078
+22375610701
+22375611063
+22375611115
+22375611232
+22375611705
+22375611970
+22375616282
+22375617925
+22375618476
+22375618596
+22375619198
+22375619252
+22375620325
+22375620542
+22375621882
+22375623775
+22375623937
+22375624818
+22375624831
+22375625910
+22375630124
+22375630294
+22375630828
+22375632788
+22375633655
+22375633954
+22375634799
+22375635872
+22375636294
+22375636508
+22375638321
+22375639387
+22375639878
+22375642192
+22375642362
+22375642646
+22375642777
+22375643719
+22375644703
+22375645337
+22375646266
+22375646559
+22375647037
+22375647180
+22375647886
+22375649695
+22375650846
+22375652154
+22375652896
+22375653089
+22375653101
+22375653170
+22375655644
+22375657136
+22375657347
+22375657695
+22375657734
+22375658378
+22375659472
+22375660161
+22375660572
+22375661002
+22375662405
+22375663308
+22375665337
+22375667380
+22375670218
+22375670645
+22375670693
+22375672227
+22375673305
+22375675291
+22375675794
+22375676973
+22375677004
+22375678389
+22375678555
+22375679448
+22375683432
+22375685058
+22375685326
+22375685754
+22375685883
+22375686542
+22375686917
+22375687029
+22375687124
+22375687132
+22375688640
+22375689162
+22375689529
+22375691121
+22375691133
+22375691226
+22375691403
+22375691702
+22375691981
+22375692648
+22375694253
+22375695256
+22375695280
+22375696708
+22375696864
+22375697334
+22375698553
+22375699451
+22375701381
+22375701803
+22375702159
+22375703233
+22375704043
+22375704058
+22375704533
+22375704633
+22375706152
+22375706638
+22375706902
+22375707424
+22375708345
+22375708660
+22375708673
+22375709687
+22375710093
+22375711011
+22375713175
+22375713238
+22375714888
+22375717577
+22375718669
+22375718980
+22375719796
+22375720110
+22375720115
+22375720598
+22375721770
+22375722244
+22375722256
+22375722524
+22375723448
+22375723533
+22375724855
+22375725905
+22375727691
+22375728734
+22375729196
+22375729442
+22375729745
+22375730271
+22375731030
+22375732449
+22375732510
+22375733491
+22375733525
+22375736170
+22375736680
+22375737965
+22375738493
+22375739220
+22375739466
+22375740290
+22375740687
+22375742034
+22375743823
+22375743995
+22375744278
+22375744519
+22375746754
+22375746937
+22375747938
+22375749624
+22375750185
+22375750188
+22375750582
+22375751045
+22375751178
+22375751357
+22375753823
+22375755933
+22375756128
+22375756371
+22375757628
+22375757915
+22375757963
+22375758523
+22375758707
+22375758971
+22375759921
+22375760032
+22375760269
+22375760582
+22375762443
+22375762787
+22375764019
+22375764044
+22375764486
+22375764801
+22375765738
+22375765798
+22375767440
+22375767679
+22375768709
+22375770330
+22375770620
+22375771389
+22375773152
+22375774574
+22375775381
+22375775394
+22375775498
+22375775758
+22375776129
+22375778384
+22375779637
+22375780829
+22375781209
+22375782326
+22375782479
+22375782663
+22375783313
+22375784367
+22375787156
+22375787466
+22375787580
+22375788626
+22375789218
+22375789728
+22375789829
+22375790163
+22375790421
+22375790424
+22375791220
+22375792035
+22375792190
+22375795248
+22375795654
+22375798623
+22375798647
+22375800877
+22375801109
+22375801760
+22375802226
+22375803465
+22375805559
+22375806304
+22375808112
+22375808178
+22375808220
+22375810112
+22375812271
+22375812883
+22375813214
+22375814879
+22375815121
+22375817066
+22375817664
+22375818468
+22375819612
+22375819754
+22375821134
+22375824653
+22375826997
+22375827367
+22375827640
+22375829981
+22375830072
+22375831181
+22375831867
+22375832113
+22375832158
+22375832885
+22375833625
+22375834513
+22375835244
+22375839726
+22375841345
+22375846641
+22375849409
+22375850175
+22375850198
+22375852243
+22375852510
+22375855511
+22375855902
+22375856245
+22375856290
+22375857338
+22375857428
+22375857582
+22375857752
+22375858707
+22375859151
+22375860807
+22375862019
+22375862352
+22375863055
+22375864788
+22375864943
+22375866090
+22375868964
+22375870524
+22375871152
+22375872314
+22375872433
+22375878330
+22375878442
+22375878708
+22375878904
+22375879577
+22375879779
+22375880091
+22375882772
+22375883152
+22375883973
+22375884970
+22375885157
+22375886031
+22375886355
+22375887314
+22375887632
+22375888919
+22375889307
+22375891378
+22375893130
+22375893877
+22375895302
+22375898307
+22375898803
+22375899332
+22375899339
+22375901702
+22375903594
+22375905471
+22375905970
+22375907837
+22375911634
+22375913445
+22375915522
+22375916340
+22375916807
+22375919454
+22375920261
+22375920931
+22375922415
+22375922443
+22375922566
+22375923766
+22375925773
+22375925811
+22375925865
+22375925964
+22375926043
+22375926048
+22375926583
+22375927767
+22375928313
+22375931424
+22375931966
+22375933621
+22375934808
+22375935108
+22375935369
+22375935658
+22375935694
+22375937042
+22375937441
+22375937612
+22375941874
+22375945580
+22375945647
+22375946149
+22375946537
+22375948584
+22375948666
+22375949284
+22375949850
+22375950942
+22375951686
+22375954072
+22375956329
+22375957337
+22375960293
+22375962276
+22375962531
+22375963840
+22375965176
+22375967398
+22375968351
+22375972247
+22375974044
+22375974199
+22375974383
+22375974730
+22375975198
+22375976722
+22375977076
+22375977646
+22375978266
+22375979826
+22375980549
+22375980659
+22375982081
+22375982483
+22375983129
+22375985788
+22375987185
+22375987755
+22375990087
+22375990754
+22375992003
+22375992610
+22375992628
+22375993918
+22375995298
+22375997089
+22375997844
+22375997925
+22375998467
+22375999486
+22375999565
+22376001169
+22376001188
+22376003047
+22376003652
+22376003786
+22376004621
+22376004813
+22376005665
+22376006561
+22376007111
+22376007616
+22376010113
+22376011171
+22376011262
+22376011330
+22376011440
+22376015259
+22376015349
+22376017685
+22376018151
+22376018499
+22376018650
+22376019834
+22376020707
+22376020787
+22376022145
+22376022816
+22376024424
+22376024680
+22376025247
+22376025352
+22376025381
+22376025617
+22376025860
+22376033020
+22376033354
+22376033963
+22376034250
+22376034797
+22376036339
+22376038218
+22376041818
+22376042981
+22376043410
+22376043793
+22376044266
+22376046683
+22376047834
+22376048438
+22376051137
+22376051743
+22376051750
+22376052118
+22376052187
+22376053069
+22376053245
+22376056047
+22376056072
+22376058450
+22376058864
+22376059274
+22376060779
+22376062897
+22376063419
+22376063639
+22376066018
+22376066083
+22376067511
+22376068566
+22376069245
+22376071071
+22376071219
+22376071243
+22376071593
+22376072362
+22376073045
+22376073346
+22376073937
+22376074027
+22376074578
+22376075413
+22376077129
+22376078316
+22376078988
+22376080111
+22376081419
+22376082495
+22376082656
+22376083755
+22376084144
+22376085030
+22376086318
+22376086394
+22376087719
+22376088242
+22376089236
+22376089470
+22376100572
+22376101432
+22376101847
+22376101851
+22376104906
+22376106852
+22376107840
+22376108880
+22376109043
+22376109806
+22376109817
+22376110337
+22376110569
+22376111494
+22376111516
+22376112043
+22376112620
+22376113271
+22376113372
+22376113634
+22376114268
+22376114663
+22376114793
+22376114823
+22376116848
+22376118540
+22376118674
+22376123236
+22376123391
+22376124201
+22376124724
+22376125456
+22376125547
+22376125771
+22376125904
+22376126269
+22376126848
+22376130029
+22376130894
+22376133036
+22376133528
+22376133788
+22376135019
+22376135151
+22376135199
+22376136255
+22376136357
+22376136498
+22376137099
+22376137831
+22376137924
+22376139595
+22376140646
+22376141654
+22376141918
+22376142078
+22376142801
+22376142939
+22376145295
+22376146040
+22376146211
+22376146610
+22376147646
+22376149108
+22376149424
+22376149609
+22376151120
+22376151421
+22376151602
+22376152953
+22376153212
+22376153330
+22376153395
+22376153441
+22376153630
+22376154728
+22376155202
+22376156642
+22376157336
+22376157743
+22376158001
+22376158274
+22376158363
+22376160377
+22376160520
+22376160714
+22376160762
+22376160790
+22376162087
+22376164529
+22376165144
+22376167075
+22376167187
+22376168308
+22376168378
+22376169759
+22376171090
+22376171479
+22376171817
+22376172232
+22376172270
+22376172860
+22376175033
+22376177505
+22376177686
+22376179236
+22376179855
+22376180065
+22376180614
+22376182227
+22376182429
+22376182814
+22376182853
+22376184221
+22376185927
+22376186310
+22376186330
+22376188348
+22376188625
+22376189330
+22376190212
+22376193180
+22376193935
+22376195798
+22376198346
+22376200349
+22376201684
+22376203088
+22376205029
+22376207789
+22376208242
+22376208444
+22376208736
+22376208827
+22376208887
+22376210914
+22376211169
+22376211528
+22376213231
+22376215254
+22376215257
+22376215566
+22376215874
+22376216006
+22376216155
+22376217871
+22376218810
+22376220580
+22376220770
+22376220883
+22376221360
+22376222096
+22376223591
+22376225123
+22376226369
+22376227987
+22376230423
+22376230506
+22376230964
+22376232492
+22376233034
+22376233694
+22376234570
+22376234604
+22376235426
+22376239711
+22376243985
+22376244220
+22376245622
+22376246977
+22376247273
+22376247479
+22376249417
+22376249597
+22376249950
+22376251519
+22376252481
+22376252586
+22376253239
+22376253595
+22376254977
+22376255188
+22376256423
+22376257231
+22376257233
+22376257488
+22376257786
+22376257865
+22376258477
+22376261863
+22376263950
+22376264925
+22376265574
+22376266405
+22376268246
+22376270546
+22376271800
+22376271932
+22376272032
+22376272968
+22376273197
+22376273422
+22376273677
+22376274876
+22376276254
+22376276478
+22376276537
+22376280571
+22376281457
+22376282518
+22376282653
+22376283502
+22376285762
+22376286588
+22376288250
+22376289907
+22376291151
+22376291738
+22376292374
+22376292919
+22376292993
+22376293711
+22376293994
+22376294560
+22376295574
+22376296209
+22376296716
+22376296923
+22376297103
+22376301594
+22376301652
+22376302165
+22376303235
+22376303850
+22376304567
+22376305235
+22376306135
+22376306519
+22376309208
+22376309550
+22376309566
+22376310726
+22376311391
+22376312134
+22376313638
+22376313835
+22376314623
+22376315216
+22376315631
+22376315829
+22376315861
+22376316533
+22376316617
+22376319499
+22376320757
+22376323438
+22376324579
+22376324648
+22376325556
+22376325970
+22376328145
+22376328279
+22376329354
+22376329945
+22376331418
+22376331554
+22376332714
+22376336291
+22376337167
+22376338362
+22376338389
+22376338660
+22376340902
+22376341396
+22376343119
+22376343329
+22376343497
+22376343543
+22376344468
+22376348128
+22376348221
+22376348416
+22376348621
+22376348646
+22376349187
+22376349652
+22376350481
+22376350916
+22376351137
+22376352173
+22376352786
+22376354041
+22376354570
+22376354971
+22376355470
+22376357962
+22376358490
+22376358745
+22376358987
+22376359991
+22376361061
+22376361433
+22376361845
+22376362844
+22376363230
+22376364569
+22376364675
+22376365697
+22376366046
+22376367922
+22376368845
+22376369004
+22376370804
+22376372487
+22376372493
+22376373348
+22376374805
+22376375991
+22376377030
+22376377055
+22376377560
+22376377894
+22376379786
+22376380380
+22376380780
+22376380816
+22376381306
+22376381350
+22376384280
+22376384929
+22376387052
+22376388022
+22376389750
+22376390550
+22376390808
+22376391212
+22376392075
+22376392222
+22376392447
+22376392506
+22376393111
+22376393379
+22376393620
+22376394757
+22376395734
+22376395841
+22376396562
+22376397122
+22376398659
+22376400048
+22376402271
+22376404050
+22376404422
+22376404946
+22376406027
+22376406066
+22376407856
+22376409968
+22376409995
+22376410180
+22376410956
+22376410959
+22376411140
+22376412010
+22376412207
+22376414113
+22376416770
+22376417073
+22376418526
+22376418705
+22376418945
+22376422619
+22376422958
+22376424209
+22376424452
+22376424997
+22376425009
+22376425472
+22376426315
+22376426657
+22376427187
+22376427498
+22376427605
+22376427722
+22376428074
+22376428137
+22376428822
+22376429019
+22376429676
+22376429925
+22376430151
+22376430958
+22376431499
+22376431586
+22376432168
+22376437772
+22376438521
+22376438548
+22376439960
+22376440332
+22376441039
+22376441215
+22376443142
+22376443449
+22376444522
+22376445870
+22376446035
+22376447172
+22376448543
+22376448616
+22376448984
+22376449802
+22376450881
+22376451794
+22376452097
+22376452747
+22376452778
+22376454848
+22376455410
+22376456305
+22376457040
+22376457706
+22376458078
+22376458628
+22376461544
+22376461945
+22376462842
+22376463502
+22376465172
+22376468109
+22376469749
+22376471364
+22376471511
+22376472413
+22376472760
+22376473095
+22376473129
+22376473711
+22376473925
+22376474883
+22376475768
+22376476082
+22376476593
+22376477086
+22376478537
+22376478742
+22376478762
+22376479765
+22376480902
+22376481107
+22376483294
+22376483838
+22376484228
+22376484945
+22376486060
+22376486819
+22376487582
+22376487867
+22376487906
+22376488310
+22376488561
+22376490122
+22376490783
+22376492058
+22376492412
+22376493328
+22376493535
+22376494542
+22376495512
+22376498562
+22376500054
+22376500541
+22376501759
+22376501960
+22376502820
+22376503197
+22376504444
+22376506092
+22376507471
+22376509462
+22376511610
+22376512009
+22376513352
+22376513837
+22376514087
+22376514161
+22376514998
+22376515344
+22376515560
+22376515585
+22376516057
+22376516241
+22376516277
+22376516310
+22376516398
+22376516539
+22376517397
+22376517853
+22376518972
+22376519568
+22376519804
+22376519814
+22376521520
+22376521718
+22376522472
+22376522496
+22376522589
+22376524813
+22376525732
+22376526309
+22376526782
+22376526917
+22376527399
+22376527472
+22376528444
+22376529917
+22376532210
+22376532351
+22376532532
+22376532964
+22376535106
+22376537523
+22376538556
+22376538697
+22376539224
+22376539532
+22376539737
+22376539910
+22376540127
+22376540368
+22376541122
+22376541741
+22376542808
+22376543654
+22376544950
+22376546007
+22376546112
+22376546213
+22376548412
+22376549105
+22376549648
+22376550269
+22376550567
+22376551429
+22376552126
+22376552705
+22376553023
+22376554530
+22376555294
+22376555631
+22376555930
+22376556718
+22376558043
+22376558055
+22376559187
+22376559233
+22376559706
+22376559914
+22376560735
+22376561087
+22376561419
+22376561510
+22376561704
+22376562885
+22376562929
+22376563230
+22376563916
+22376565750
+22376566193
+22376566697
+22376567562
+22376567595
+22376568284
+22376568344
+22376569641
+22376572030
+22376573611
+22376574855
+22376575409
+22376576016
+22376576353
+22376576828
+22376577616
+22376578020
+22376579876
+22376580383
+22376580646
+22376581263
+22376581761
+22376583112
+22376583115
+22376583264
+22376584441
+22376585431
+22376585598
+22376586426
+22376586486
+22376586753
+22376588510
+22376588585
+22376589054
+22376589434
+22376589666
+22376590122
+22376590193
+22376590486
+22376592142
+22376592762
+22376593928
+22376594585
+22376594700
+22376594809
+22376595098
+22376595328
+22376595992
+22376596879
+22376596969
+22376597553
+22376597667
+22376597975
+22376599206
+22376603467
+22376603526
+22376604781
+22376606418
+22376606907
+22376607479
+22376608360
+22376610613
+22376611339
+22376612595
+22376613387
+22376616851
+22376618235
+22376618424
+22376618975
+22376619853
+22376619899
+22376621843
+22376622846
+22376623089
+22376624515
+22376624545
+22376625163
+22376625879
+22376626794
+22376627612
+22376627824
+22376629597
+22376630418
+22376631589
+22376631768
+22376632424
+22376633950
+22376634119
+22376634742
+22376634903
+22376635487
+22376636028
+22376636270
+22376636486
+22376636809
+22376638586
+22376640342
+22376641766
+22376641980
+22376643966
+22376644475
+22376645380
+22376645461
+22376646314
+22376646395
+22376647283
+22376648073
+22376648118
+22376648553
+22376649468
+22376649494
+22376650036
+22376652222
+22376652637
+22376652712
+22376652906
+22376652976
+22376653089
+22376654248
+22376655137
+22376655519
+22376656118
+22376656543
+22376656734
+22376657636
+22376658190
+22376659122
+22376660203
+22376662569
+22376663481
+22376663602
+22376663926
+22376664026
+22376664165
+22376665394
+22376665499
+22376666630
+22376667261
+22376667479
+22376667891
+22376669395
+22376671538
+22376671726
+22376672242
+22376673662
+22376674569
+22376674807
+22376674943
+22376675098
+22376675288
+22376676686
+22376678190
+22376679005
+22376679414
+22376680217
+22376681058
+22376681420
+22376681933
+22376682450
+22376682825
+22376683539
+22376684780
+22376685507
+22376686068
+22376686360
+22376687215
+22376687277
+22376687407
+22376687780
+22376689023
+22376689383
+22376690406
+22376690455
+22376693129
+22376693590
+22376693615
+22376693937
+22376694400
+22376694777
+22376696196
+22376697583
+22376698829
+22376699297
+22376699300
+22376701348
+22376701782
+22376702535
+22376703369
+22376704480
+22376705406
+22376706382
+22376706640
+22376707160
+22376710136
+22376710937
+22376711045
+22376711230
+22376711240
+22376712006
+22376712418
+22376712548
+22376713008
+22376713203
+22376715273
+22376715289
+22376715426
+22376715989
+22376717011
+22376717262
+22376717519
+22376717643
+22376718235
+22376718635
+22376718825
+22376719763
+22376720735
+22376721207
+22376722218
+22376723026
+22376723094
+22376723348
+22376724566
+22376725322
+22376725437
+22376725577
+22376726218
+22376726941
+22376727229
+22376728347
+22376728723
+22376730093
+22376730476
+22376733004
+22376734422
+22376735913
+22376736523
+22376736846
+22376738319
+22376738612
+22376739195
+22376739885
+22376740579
+22376742002
+22376742062
+22376742659
+22376742881
+22376743184
+22376744900
+22376745894
+22376746223
+22376747628
+22376747910
+22376748282
+22376748552
+22376749469
+22376749802
+22376750612
+22376751667
+22376752365
+22376752883
+22376753527
+22376754734
+22376755143
+22376755892
+22376756263
+22376757124
+22376757157
+22376757566
+22376758217
+22376758588
+22376758589
+22376759515
+22376760155
+22376760487
+22376761771
+22376761874
+22376762261
+22376762460
+22376764197
+22376764568
+22376764908
+22376765097
+22376765154
+22376766426
+22376766632
+22376767028
+22376767482
+22376768234
+22376768887
+22376769285
+22376771518
+22376771662
+22376771905
+22376772334
+22376772347
+22376772622
+22376773066
+22376773126
+22376773861
+22376777899
+22376781043
+22376781308
+22376782763
+22376782846
+22376785368
+22376785471
+22376785552
+22376786961
+22376787167
+22376787667
+22376788279
+22376790336
+22376792231
+22376792570
+22376794171
+22376794845
+22376795029
+22376795103
+22376795945
+22376797179
+22376797583
+22376797653
+22376798655
+22376798663
+22376798955
+22376800466
+22376802003
+22376802252
+22376804313
+22376804787
+22376805049
+22376805088
+22376805406
+22376806198
+22376807206
+22376807422
+22376807737
+22376810426
+22376810468
+22376810663
+22376811362
+22376812277
+22376815473
+22376815979
+22376816371
+22376816833
+22376817680
+22376818784
+22376818825
+22376819243
+22376820472
+22376820575
+22376823757
+22376824359
+22376825054
+22376825441
+22376828297
+22376828988
+22376829104
+22376831112
+22376831760
+22376831791
+22376832214
+22376832289
+22376832755
+22376833361
+22376834793
+22376834823
+22376836258
+22376836578
+22376837143
+22376838354
+22376838511
+22376838817
+22376838818
+22376839042
+22376840591
+22376840621
+22376840652
+22376841510
+22376841643
+22376842172
+22376842673
+22376843588
+22376845742
+22376845975
+22376846476
+22376847460
+22376848033
+22376848834
+22376849536
+22376850122
+22376850295
+22376851629
+22376852117
+22376852186
+22376852410
+22376852518
+22376852623
+22376853053
+22376853781
+22376854753
+22376856017
+22376856152
+22376856434
+22376857562
+22376858393
+22376859026
+22376859964
+22376859977
+22376860054
+22376860697
+22376860797
+22376860830
+22376861399
+22376863314
+22376863703
+22376864399
+22376864805
+22376865004
+22376865645
+22376865654
+22376865917
+22376866623
+22376867106
+22376867346
+22376867864
+22376868102
+22376869779
+22376871033
+22376871863
+22376877764
+22376879230
+22376879314
+22376879396
+22376880111
+22376881023
+22376881198
+22376881508
+22376881513
+22376882183
+22376882640
+22376882699
+22376882982
+22376883822
+22376885413
+22376886599
+22376887142
+22376887344
+22376888175
+22376891002
+22376891280
+22376892252
+22376893078
+22376893179
+22376893495
+22376894807
+22376895276
+22376896006
+22376896712
+22376897164
+22376897578
+22376898742
+22376899715
+22376899990
+22376901802
+22376904770
+22376905497
+22376907132
+22376907241
+22376908497
+22376909014
+22376909823
+22376910022
+22376911408
+22376911799
+22376912529
+22376913305
+22376913331
+22376913713
+22376914625
+22376915498
+22376915871
+22376915937
+22376916589
+22376916937
+22376917690
+22376918694
+22376920757
+22376921824
+22376921887
+22376921902
+22376922491
+22376922617
+22376924867
+22376925534
+22376925771
+22376926005
+22376926447
+22376927518
+22376927871
+22376927950
+22376928041
+22376928170
+22376929832
+22376929961
+22376930800
+22376930901
+22376932025
+22376932102
+22376932303
+22376932737
+22376933943
+22376934968
+22376935221
+22376936086
+22376936318
+22376936479
+22376939966
+22376941223
+22376941592
+22376942025
+22376943224
+22376943301
+22376943465
+22376944317
+22376946699
+22376946851
+22376947250
+22376947798
+22376949016
+22376949189
+22376949318
+22376951056
+22376951264
+22376951570
+22376951839
+22376952116
+22376952275
+22376953156
+22376954565
+22376955675
+22376956550
+22376956958
+22376959146
+22376961617
+22376961819
+22376961845
+22376962271
+22376962291
+22376962716
+22376962897
+22376962999
+22376963255
+22376963827
+22376964669
+22376965148
+22376965549
+22376968689
+22376969370
+22376969653
+22376970315
+22376970801
+22376970826
+22376970894
+22376971762
+22376973115
+22376973185
+22376973258
+22376973397
+22376974116
+22376974485
+22376975374
+22376975980
+22376976337
+22376976694
+22376976843
+22376977578
+22376978022
+22376978394
+22376978656
+22376978747
+22376978947
+22376979252
+22376979580
+22376979614
+22376980788
+22376981858
+22376983960
+22376984569
+22376985326
+22376986052
+22376986994
+22376988186
+22376989056
+22376990749
+22376993387
+22376993789
+22376994290
+22376995460
+22376996499
+22376997437
+22376997785
+22377000714
+22377001151
+22377001420
+22377001450
+22377004090
+22377005233
+22377006333
+22377006729
+22377006895
+22377008311
+22377009823
+22377009901
+22377010850
+22377011869
+22377012003
+22377012505
+22377013420
+22377013931
+22377015511
+22377015640
+22377016232
+22377016921
+22377017001
+22377017224
+22377017273
+22377019142
+22377020390
+22377020646
+22377021781
+22377022056
+22377022880
+22377023156
+22377023203
+22377024168
+22377024878
+22377026402
+22377026831
+22377028883
+22377029955
+22377030445
+22377031209
+22377035964
+22377038545
+22377039003
+22377040193
+22377040206
+22377041283
+22377042342
+22377042823
+22377047175
+22377047546
+22377047607
+22377048165
+22377048202
+22377049202
+22377049335
+22377050153
+22377050351
+22377052550
+22377052630
+22377052717
+22377053020
+22377053124
+22377053666
+22377053667
+22377054152
+22377054612
+22377055430
+22377055791
+22377056786
+22377057025
+22377057989
+22377058018
+22377058961
+22377060013
+22377060253
+22377060968
+22377061858
+22377062833
+22377062890
+22377063287
+22377063457
+22377063795
+22377065783
+22377066478
+22377067272
+22377069151
+22377069208
+22377069854
+22377070503
+22377072035
+22377072220
+22377073373
+22377075325
+22377075513
+22377076660
+22377077034
+22377077400
+22377077437
+22377077520
+22377078492
+22377079440
+22377080657
+22377082106
+22377082278
+22377082496
+22377082698
+22377083630
+22377084187
+22377085208
+22377086222
+22377086331
+22377087099
+22377087973
+22377088427
+22377090530
+22377091122
+22377091203
+22377091809
+22377092080
+22377092430
+22377093025
+22377093628
+22377093824
+22377094360
+22377094398
+22377094888
+22377094946
+22377096790
+22377098077
+22377099382
+22377100590
+22377101579
+22377102558
+22377103513
+22377105587
+22377106079
+22377106777
+22377107354
+22377108448
+22377108716
+22377108933
+22377110036
+22377111295
+22377114903
+22377116535
+22377117063
+22377117743
+22377117816
+22377118384
+22377119459
+22377119797
+22377120025
+22377122063
+22377123605
+22377123609
+22377125677
+22377126146
+22377127738
+22377128112
+22377129894
+22377130267
+22377130551
+22377130596
+22377130864
+22377131634
+22377131947
+22377132198
+22377133237
+22377135332
+22377136006
+22377136081
+22377136128
+22377139496
+22377141425
+22377141476
+22377141889
+22377142043
+22377142572
+22377143481
+22377143787
+22377144051
+22377145215
+22377146380
+22377146788
+22377147042
+22377149425
+22377150149
+22377150780
+22377152933
+22377153444
+22377155212
+22377155467
+22377155632
+22377155873
+22377157431
+22377158277
+22377158367
+22377158652
+22377159010
+22377160010
+22377160171
+22377160174
+22377168408
+22377169658
+22377170152
+22377170285
+22377171652
+22377171779
+22377172547
+22377172784
+22377173650
+22377173813
+22377174939
+22377175449
+22377178309
+22377178676
+22377179762
+22377180682
+22377180983
+22377181380
+22377181669
+22377182039
+22377182411
+22377186948
+22377187054
+22377189528
+22377192885
+22377193731
+22377194151
+22377194341
+22377196160
+22377196982
+22377197864
+22377197948
+22377198166
+22377198928
+22377199685
+22377200570
+22377201047
+22377201491
+22377201827
+22377202494
+22377202866
+22377203099
+22377203893
+22377203946
+22377204250
+22377205039
+22377205666
+22377205706
+22377206922
+22377207216
+22377208335
+22377208558
+22377208560
+22377209694
+22377212317
+22377214504
+22377215328
+22377216151
+22377216953
+22377218288
+22377220052
+22377220539
+22377222304
+22377222413
+22377222497
+22377222720
+22377222727
+22377224334
+22377224491
+22377224687
+22377225188
+22377225458
+22377225884
+22377226707
+22377226912
+22377227415
+22377227466
+22377228870
+22377231464
+22377232182
+22377233447
+22377234064
+22377237561
+22377238183
+22377240009
+22377242386
+22377243769
+22377244509
+22377244744
+22377245125
+22377245969
+22377246354
+22377247340
+22377247922
+22377248707
+22377249246
+22377249345
+22377249993
+22377253126
+22377255053
+22377255972
+22377256472
+22377256741
+22377257206
+22377257740
+22377259063
+22377259184
+22377259735
+22377260455
+22377260650
+22377261655
+22377263238
+22377264395
+22377264898
+22377265382
+22377267276
+22377268512
+22377270222
+22377272216
+22377272251
+22377272344
+22377272631
+22377272640
+22377274179
+22377274784
+22377275410
+22377276779
+22377277153
+22377279503
+22377279951
+22377282897
+22377284369
+22377285096
+22377286123
+22377287041
+22377287331
+22377288387
+22377288640
+22377288723
+22377290383
+22377291132
+22377293028
+22377294127
+22377294388
+22377294416
+22377296103
+22377296394
+22377298703
+22377299072
+22377299105
+22377300292
+22377300324
+22377300549
+22377300849
+22377300927
+22377302202
+22377304061
+22377305038
+22377305193
+22377305755
+22377305825
+22377305983
+22377306083
+22377307023
+22377308007
+22377308032
+22377308126
+22377308320
+22377309596
+22377310099
+22377310468
+22377310802
+22377312177
+22377313534
+22377313666
+22377313829
+22377315762
+22377318642
+22377320000
+22377320036
+22377320283
+22377320757
+22377320761
+22377321053
+22377321496
+22377321724
+22377322408
+22377322916
+22377322989
+22377323089
+22377323900
+22377325471
+22377327584
+22377327859
+22377328041
+22377328677
+22377328864
+22377329602
+22377329861
+22377330370
+22377330842
+22377331363
+22377332999
+22377335705
+22377339104
+22377339719
+22377341501
+22377342882
+22377343154
+22377343615
+22377344592
+22377349779
+22377350425
+22377350497
+22377351117
+22377351642
+22377353434
+22377353647
+22377354741
+22377355573
+22377355982
+22377358572
+22377360278
+22377361240
+22377362482
+22377362700
+22377363015
+22377364020
+22377364717
+22377365098
+22377366003
+22377366280
+22377366391
+22377366618
+22377368828
+22377370868
+22377371265
+22377373041
+22377374864
+22377375704
+22377375759
+22377376586
+22377376635
+22377378357
+22377378510
+22377380048
+22377380677
+22377381234
+22377382828
+22377382845
+22377383188
+22377383528
+22377383559
+22377383872
+22377385193
+22377385621
+22377386894
+22377388302
+22377390018
+22377390036
+22377392981
+22377393505
+22377394240
+22377394278
+22377395361
+22377395725
+22377395939
+22377397853
+22377399317
+22377400604
+22377401209
+22377401543
+22377402283
+22377403780
+22377404604
+22377404641
+22377405229
+22377405614
+22377405956
+22377406681
+22377408802
+22377410533
+22377412793
+22377413691
+22377416649
+22377417593
+22377418112
+22377418160
+22377418909
+22377422732
+22377425006
+22377425139
+22377426153
+22377426315
+22377427261
+22377428513
+22377431217
+22377431394
+22377431621
+22377433315
+22377434719
+22377435590
+22377438044
+22377438110
+22377439715
+22377440213
+22377440769
+22377440866
+22377441475
+22377442182
+22377442195
+22377442215
+22377445443
+22377445500
+22377446092
+22377446419
+22377448079
+22377449083
+22377450699
+22377450705
+22377450898
+22377452267
+22377453505
+22377453936
+22377459747
+22377459819
+22377460106
+22377460447
+22377460657
+22377461306
+22377463008
+22377463523
+22377465943
+22377466034
+22377466158
+22377466722
+22377467713
+22377468074
+22377468087
+22377469014
+22377470010
+22377473240
+22377474001
+22377474056
+22377474961
+22377475291
+22377475642
+22377475760
+22377477182
+22377478621
+22377479652
+22377479738
+22377479845
+22377480629
+22377481737
+22377481770
+22377483381
+22377483490
+22377483560
+22377483686
+22377483851
+22377483957
+22377484612
+22377484967
+22377485153
+22377485704
+22377486099
+22377486576
+22377486938
+22377487005
+22377487341
+22377487895
+22377488017
+22377488682
+22377488726
+22377489856
+22377490551
+22377494202
+22377498703
+22377499110
+22377499974
+22377500276
+22377500900
+22377501970
+22377502994
+22377503513
+22377503861
+22377505145
+22377506707
+22377507058
+22377511372
+22377511810
+22377512290
+22377512340
+22377512671
+22377513481
+22377513683
+22377514358
+22377514732
+22377514761
+22377519486
+22377520845
+22377522487
+22377522750
+22377523693
+22377524070
+22377524438
+22377525774
+22377526869
+22377526994
+22377527021
+22377527484
+22377527558
+22377529706
+22377530701
+22377531956
+22377532103
+22377533225
+22377534894
+22377535082
+22377537705
+22377537856
+22377540080
+22377540649
+22377541842
+22377544007
+22377544636
+22377548074
+22377548271
+22377548272
+22377548567
+22377549337
+22377549417
+22377550192
+22377550716
+22377551308
+22377551785
+22377554014
+22377554574
+22377555195
+22377556460
+22377557541
+22377558369
+22377558637
+22377559143
+22377559173
+22377559615
+22377560514
+22377560535
+22377561755
+22377562897
+22377563280
+22377563314
+22377563892
+22377563959
+22377563997
+22377564266
+22377564615
+22377565429
+22377565495
+22377566371
+22377568229
+22377568631
+22377568836
+22377570751
+22377571143
+22377573730
+22377573943
+22377574482
+22377575922
+22377576148
+22377576470
+22377576537
+22377577132
+22377577244
+22377577778
+22377578152
+22377579199
+22377582122
+22377585390
+22377586315
+22377586844
+22377586973
+22377587608
+22377587887
+22377588439
+22377588761
+22377588814
+22377589205
+22377589850
+22377590664
+22377593164
+22377593311
+22377593633
+22377594022
+22377594328
+22377594849
+22377595815
+22377596602
+22377597491
+22377599869
+22377601623
+22377604065
+22377604364
+22377605169
+22377605485
+22377606700
+22377607718
+22377608778
+22377609888
+22377611820
+22377613237
+22377613541
+22377613723
+22377613769
+22377613775
+22377614021
+22377615301
+22377616511
+22377618507
+22377618625
+22377619679
+22377619806
+22377619982
+22377622091
+22377623054
+22377624061
+22377624085
+22377624133
+22377625952
+22377626337
+22377627217
+22377628079
+22377628987
+22377629200
+22377629826
+22377629946
+22377630785
+22377631139
+22377632177
+22377633102
+22377633541
+22377633742
+22377634039
+22377634703
+22377635515
+22377636997
+22377637636
+22377639687
+22377640889
+22377642118
+22377643613
+22377643688
+22377644083
+22377644990
+22377646078
+22377646603
+22377646662
+22377646690
+22377649942
+22377650320
+22377650846
+22377652113
+22377652904
+22377652905
+22377653957
+22377654373
+22377655150
+22377655230
+22377655568
+22377657808
+22377657915
+22377658207
+22377660208
+22377660362
+22377661213
+22377661654
+22377662215
+22377662259
+22377662463
+22377663152
+22377663251
+22377664692
+22377664889
+22377664913
+22377665077
+22377665564
+22377666196
+22377669391
+22377671408
+22377672631
+22377672717
+22377672810
+22377673579
+22377674957
+22377675919
+22377676000
+22377678489
+22377678815
+22377680723
+22377682153
+22377683026
+22377683747
+22377684313
+22377684420
+22377684771
+22377686046
+22377688192
+22377691036
+22377692047
+22377694055
+22377694775
+22377696994
+22377697797
+22377697856
+22377698624
+22377699021
+22377699473
+22377700082
+22377700338
+22377700471
+22377702105
+22377702223
+22377704048
+22377704998
+22377705101
+22377706772
+22377707195
+22377707480
+22377708105
+22377714265
+22377714814
+22377714815
+22377716769
+22377721667
+22377722196
+22377722660
+22377723499
+22377724374
+22377726799
+22377727129
+22377729039
+22377729542
+22377730235
+22377730644
+22377730878
+22377730923
+22377731338
+22377731760
+22377732657
+22377732941
+22377733745
+22377734737
+22377734793
+22377735887
+22377736176
+22377736925
+22377737268
+22377737579
+22377740327
+22377740380
+22377740588
+22377742537
+22377743158
+22377744954
+22377747564
+22377747759
+22377747953
+22377749573
+22377749822
+22377750499
+22377750577
+22377751573
+22377752988
+22377754824
+22377755422
+22377755905
+22377756448
+22377757390
+22377757742
+22377757912
+22377758340
+22377758491
+22377758739
+22377759690
+22377760854
+22377761230
+22377761872
+22377762811
+22377764708
+22377764719
+22377765969
+22377766140
+22377766192
+22377766569
+22377766609
+22377767740
+22377768276
+22377769278
+22377769594
+22377770496
+22377770852
+22377771330
+22377773378
+22377773989
+22377774137
+22377775748
+22377776284
+22377777118
+22377779114
+22377779701
+22377781002
+22377781585
+22377781675
+22377783647
+22377784369
+22377784520
+22377784576
+22377784621
+22377786432
+22377788869
+22377789079
+22377789243
+22377790151
+22377790360
+22377791696
+22377793495
+22377794071
+22377794698
+22377794714
+22377797338
+22377799533
+22377799901
+22377800936
+22377800966
+22377801604
+22377802193
+22377802889
+22377804667
+22377805659
+22377806608
+22377806983
+22377808693
+22377809425
+22377809635
+22377810773
+22377812429
+22377813108
+22377813396
+22377814338
+22377814551
+22377814768
+22377816442
+22377817162
+22377817626
+22377818206
+22377818318
+22377818445
+22377818847
+22377819051
+22377820450
+22377822231
+22377825458
+22377825912
+22377826054
+22377826345
+22377827341
+22377827389
+22377827462
+22377827557
+22377827600
+22377828158
+22377828719
+22377829981
+22377831276
+22377831622
+22377832188
+22377833171
+22377835180
+22377837350
+22377837770
+22377838004
+22377839510
+22377840254
+22377842087
+22377842556
+22377842748
+22377843057
+22377843440
+22377843793
+22377844386
+22377845674
+22377847904
+22377848033
+22377850337
+22377851471
+22377853270
+22377853653
+22377853710
+22377854062
+22377855375
+22377856699
+22377856889
+22377856943
+22377858288
+22377858310
+22377858817
+22377858926
+22377858988
+22377859335
+22377860018
+22377860261
+22377860584
+22377860818
+22377862907
+22377863895
+22377864477
+22377865175
+22377866077
+22377866592
+22377868446
+22377868809
+22377869619
+22377871120
+22377871314
+22377873251
+22377873554
+22377878425
+22377879170
+22377880094
+22377880560
+22377882265
+22377882270
+22377883839
+22377884912
+22377886132
+22377886768
+22377887616
+22377888664
+22377889206
+22377889356
+22377889806
+22377889966
+22377893376
+22377893797
+22377895467
+22377895582
+22377897888
+22377898108
+22377898155
+22377898859
+22377899412
+22377900033
+22377902304
+22377902339
+22377902461
+22377903022
+22377903313
+22377903323
+22377903730
+22377904581
+22377904902
+22377908476
+22377910751
+22377911520
+22377912990
+22377914651
+22377916051
+22377917124
+22377918378
+22377918623
+22377920914
+22377921554
+22377921923
+22377923248
+22377924514
+22377926614
+22377928188
+22377928323
+22377928980
+22377929254
+22377930516
+22377931391
+22377931488
+22377932386
+22377932681
+22377933090
+22377938058
+22377941517
+22377941982
+22377942089
+22377942315
+22377942995
+22377944872
+22377945937
+22377947863
+22377948626
+22377949637
+22377951456
+22377954090
+22377954860
+22377956163
+22377957393
+22377957877
+22377958490
+22377958648
+22377959341
+22377959866
+22377961606
+22377962606
+22377967548
+22377968241
+22377968849
+22377969458
+22377969691
+22377970147
+22377972019
+22377974803
+22377975513
+22377975736
+22377978401
+22377979169
+22377979572
+22377979614
+22377980268
+22377981033
+22377981173
+22377982955
+22377983189
+22377983717
+22377984066
+22377984460
+22377985222
+22377985850
+22377987118
+22377988236
+22377988302
+22377989732
+22377989995
+22377991130
+22377991599
+22377995387
+22377998966
+22378001282
+22378001476
+22378001687
+22378001713
+22378002893
+22378005068
+22378007950
+22378009288
+22378009445
+22378009788
+22378012056
+22378012140
+22378013160
+22378014787
+22378017261
+22378018189
+22378018422
+22378018627
+22378018882
+22378019145
+22378019750
+22378020473
+22378021665
+22378021891
+22378021926
+22378024035
+22378024115
+22378024334
+22378024564
+22378024940
+22378025154
+22378025204
+22378025307
+22378025315
+22378026502
+22378027360
+22378027870
+22378028203
+22378029305
+22378029624
+22378030330
+22378030810
+22378031124
+22378031746
+22378033357
+22378033521
+22378034035
+22378034258
+22378035632
+22378035779
+22378036282
+22378036366
+22378036854
+22378037049
+22378038897
+22378039854
+22378040180
+22378040357
+22378040620
+22378041036
+22378041269
+22378041326
+22378043869
+22378044113
+22378045820
+22378046134
+22378047671
+22378049352
+22378049414
+22378049486
+22378049537
+22378049541
+22378049671
+22378054111
+22378058081
+22378058294
+22378059146
+22378060906
+22378062584
+22378064117
+22378065085
+22378065420
+22378065732
+22378068138
+22378068919
+22378069125
+22378070961
+22378071290
+22378071547
+22378072847
+22378073368
+22378074156
+22378074719
+22378075066
+22378076210
+22378077040
+22378077239
+22378077340
+22378077552
+22378077865
+22378078032
+22378078543
+22378078978
+22378079268
+22378081604
+22378081850
+22378083676
+22378083706
+22378083880
+22378085597
+22378086180
+22378086701
+22378087116
+22378087429
+22378087615
+22378087984
+22378088133
+22378088709
+22378088910
+22378089006
+22378089441
+22378090277
+22378090466
+22378090792
+22378091409
+22378092765
+22378093080
+22378093962
+22378094732
+22378094961
+22378096305
+22378098103
+22378098223
+22378098859
+22378099052
+22378099063
+22378100207
+22378100537
+22378101575
+22378101989
+22378102943
+22378104421
+22378104714
+22378105334
+22378105344
+22378105822
+22378105883
+22378105982
+22378106307
+22378107746
+22378108360
+22378108487
+22378108665
+22378108703
+22378108722
+22378110232
+22378111280
+22378111750
+22378113814
+22378113988
+22378114061
+22378114984
+22378116948
+22378120290
+22378121202
+22378122977
+22378123569
+22378125504
+22378127498
+22378127629
+22378129289
+22378129962
+22378130262
+22378130669
+22378131202
+22378131300
+22378132423
+22378134560
+22378135368
+22378135511
+22378135603
+22378135764
+22378136250
+22378138589
+22378139701
+22378139732
+22378140170
+22378140419
+22378140591
+22378141722
+22378141850
+22378141979
+22378142177
+22378142605
+22378143592
+22378143616
+22378145254
+22378145644
+22378147094
+22378147912
+22378149298
+22378152047
+22378152369
+22378152984
+22378153349
+22378154125
+22378154945
+22378155594
+22378156385
+22378156593
+22378158719
+22378159118
+22378159785
+22378160259
+22378161264
+22378161880
+22378162879
+22378163523
+22378164265
+22378164313
+22378164951
+22378165060
+22378165155
+22378165494
+22378166708
+22378166778
+22378166859
+22378167199
+22378168225
+22378169068
+22378169075
+22378170061
+22378171474
+22378172159
+22378174205
+22378174246
+22378174549
+22378175618
+22378175625
+22378177645
+22378179031
+22378180890
+22378181668
+22378182115
+22378182986
+22378183176
+22378183422
+22378183616
+22378183647
+22378184400
+22378186715
+22378186885
+22378186887
+22378187786
+22378187872
+22378189445
+22378189465
+22378189927
+22378190183
+22378190979
+22378191599
+22378193677
+22378194287
+22378194712
+22378196875
+22378197891
+22378200954
+22378201159
+22378201312
+22378201586
+22378202356
+22378203687
+22378204031
+22378206076
+22378206133
+22378206940
+22378207430
+22378208744
+22378209715
+22378210344
+22378211135
+22378211194
+22378211854
+22378213995
+22378214075
+22378214475
+22378216626
+22378216836
+22378218149
+22378218415
+22378219005
+22378219425
+22378222133
+22378223547
+22378224509
+22378224577
+22378225218
+22378226090
+22378227433
+22378227696
+22378228805
+22378229916
+22378229966
+22378230313
+22378232372
+22378232945
+22378233355
+22378233428
+22378233617
+22378234461
+22378235050
+22378235716
+22378236105
+22378236448
+22378238154
+22378238168
+22378240520
+22378242234
+22378242273
+22378242781
+22378243575
+22378243931
+22378243956
+22378245946
+22378246255
+22378247783
+22378249981
+22378250229
+22378250576
+22378251518
+22378251875
+22378253256
+22378253438
+22378254334
+22378256034
+22378256669
+22378258647
+22378259746
+22378262243
+22378262371
+22378264330
+22378265480
+22378266204
+22378266316
+22378266453
+22378266491
+22378267237
+22378267565
+22378269335
+22378270108
+22378271433
+22378273069
+22378273976
+22378276443
+22378276450
+22378276846
+22378277052
+22378278540
+22378278753
+22378279003
+22378280062
+22378281001
+22378281121
+22378281154
+22378282884
+22378283952
+22378284044
+22378285853
+22378286637
+22378287251
+22378287601
+22378288419
+22378288971
+22378289021
+22378290539
+22378292168
+22378292408
+22378292461
+22378292490
+22378293128
+22378293902
+22378296273
+22378297678
+22378298915
+22378300492
+22378301170
+22378301616
+22378303394
+22378304025
+22378306072
+22378306923
+22378307248
+22378308347
+22378311023
+22378311486
+22378313317
+22378313952
+22378314673
+22378316651
+22378316881
+22378318062
+22378319010
+22378319097
+22378319111
+22378319396
+22378321831
+22378322072
+22378323780
+22378324761
+22378326186
+22378326693
+22378327601
+22378328103
+22378328337
+22378329473
+22378329698
+22378332202
+22378332283
+22378332390
+22378332848
+22378333360
+22378334471
+22378334996
+22378335173
+22378335659
+22378336845
+22378338514
+22378339783
+22378340695
+22378340950
+22378341529
+22378343102
+22378343642
+22378344436
+22378346030
+22378346035
+22378346202
+22378347084
+22378349480
+22378349854
+22378350009
+22378350991
+22378354804
+22378355977
+22378356388
+22378357047
+22378357368
+22378357525
+22378358226
+22378361785
+22378362350
+22378364167
+22378366827
+22378370830
+22378372043
+22378373290
+22378373784
+22378374744
+22378375045
+22378375314
+22378375724
+22378376033
+22378376416
+22378376907
+22378378853
+22378380222
+22378380786
+22378381489
+22378381517
+22378381828
+22378381945
+22378382348
+22378382520
+22378383136
+22378384608
+22378384625
+22378386785
+22378387401
+22378388669
+22378390391
+22378390858
+22378392270
+22378393337
+22378393770
+22378395473
+22378398041
+22378399433
+22378399697
+22378400189
+22378400311
+22378402169
+22378403000
+22378403036
+22378403268
+22378403907
+22378403964
+22378404002
+22378404058
+22378405042
+22378406834
+22378408145
+22378410979
+22378411226
+22378412646
+22378412785
+22378416059
+22378416112
+22378416921
+22378417422
+22378417598
+22378417648
+22378418687
+22378418873
+22378419420
+22378420535
+22378420743
+22378421105
+22378421216
+22378421389
+22378422570
+22378422672
+22378422974
+22378423284
+22378423916
+22378425587
+22378427179
+22378427837
+22378429053
+22378429209
+22378429514
+22378429731
+22378429923
+22378430839
+22378431952
+22378433861
+22378435413
+22378439399
+22378439618
+22378439861
+22378441192
+22378441660
+22378443599
+22378444006
+22378444137
+22378445739
+22378446479
+22378446812
+22378447059
+22378448612
+22378449156
+22378450504
+22378450885
+22378451215
+22378452000
+22378452417
+22378452810
+22378453523
+22378453835
+22378454846
+22378457220
+22378458547
+22378459319
+22378460487
+22378462428
+22378463912
+22378464216
+22378464935
+22378465006
+22378465240
+22378468597
+22378468902
+22378469155
+22378470115
+22378470377
+22378470564
+22378471652
+22378471693
+22378473703
+22378475872
+22378476553
+22378477707
+22378477763
+22378480206
+22378480723
+22378483431
+22378485023
+22378486850
+22378487264
+22378487724
+22378488276
+22378489036
+22378489172
+22378489631
+22378489671
+22378489751
+22378490641
+22378490812
+22378491702
+22378494031
+22378494069
+22378494873
+22378496176
+22378498819
+22378501239
+22378501676
+22378502708
+22378502832
+22378503407
+22378505363
+22378505546
+22378505932
+22378507457
+22378508322
+22378509772
+22378509910
+22378510323
+22378511034
+22378511104
+22378512559
+22378513470
+22378513926
+22378513946
+22378514300
+22378514800
+22378515726
+22378515823
+22378516302
+22378517549
+22378518072
+22378518725
+22378519072
+22378520990
+22378522984
+22378523367
+22378523370
+22378523956
+22378524178
+22378526390
+22378526455
+22378528281
+22378533476
+22378535600
+22378536825
+22378537847
+22378538221
+22378539960
+22378540090
+22378541331
+22378543278
+22378544205
+22378546629
+22378546982
+22378547721
+22378548985
+22378549434
+22378549760
+22378550198
+22378550950
+22378551933
+22378552878
+22378552975
+22378554728
+22378554942
+22378555087
+22378555239
+22378556966
+22378557659
+22378557895
+22378561125
+22378561355
+22378563145
+22378565531
+22378568001
+22378571905
+22378572100
+22378572508
+22378573715
+22378575411
+22378575926
+22378576145
+22378576311
+22378576839
+22378577234
+22378578414
+22378582485
+22378582493
+22378582586
+22378583087
+22378583373
+22378586804
+22378586896
+22378589180
+22378589852
+22378590224
+22378590824
+22378590840
+22378591934
+22378592109
+22378593632
+22378593809
+22378594286
+22378594337
+22378594723
+22378595287
+22378595683
+22378596414
+22378596671
+22378596766
+22378597852
+22378605679
+22378606753
+22378607253
+22378607969
+22378608221
+22378608536
+22378608579
+22378609759
+22378612892
+22378613320
+22378613932
+22378615452
+22378615868
+22378616260
+22378616732
+22378617773
+22378617980
+22378618491
+22378618666
+22378620083
+22378620487
+22378620872
+22378623570
+22378623724
+22378624339
+22378625582
+22378626432
+22378626770
+22378627159
+22378627292
+22378628293
+22378628738
+22378629004
+22378629466
+22378630553
+22378630634
+22378632853
+22378633581
+22378637136
+22378637197
+22378637216
+22378638209
+22378638421
+22378640379
+22378640855
+22378641300
+22378641476
+22378641940
+22378642244
+22378643321
+22378643466
+22378643739
+22378643802
+22378644132
+22378644147
+22378644263
+22378644272
+22378647046
+22378647627
+22378648088
+22378650668
+22378651156
+22378652310
+22378653039
+22378654053
+22378655192
+22378655432
+22378655696
+22378655914
+22378655923
+22378660156
+22378661606
+22378661910
+22378661942
+22378662644
+22378663700
+22378663884
+22378665214
+22378666174
+22378667558
+22378668000
+22378668545
+22378669756
+22378670241
+22378670378
+22378672817
+22378673578
+22378674253
+22378676626
+22378676669
+22378676788
+22378678988
+22378679200
+22378681397
+22378681701
+22378681797
+22378682064
+22378683052
+22378683402
+22378683484
+22378684913
+22378686572
+22378686725
+22378687179
+22378688439
+22378690957
+22378692591
+22378694161
+22378695077
+22378695875
+22378696167
+22378696454
+22378696483
+22378698312
+22378699103
+22378700702
+22378701375
+22378701857
+22378703241
+22378705361
+22378706104
+22378706585
+22378709035
+22378709194
+22378709844
+22378710036
+22378711162
+22378712581
+22378713375
+22378714246
+22378715314
+22378715330
+22378715504
+22378716954
+22378717148
+22378718643
+22378720685
+22378723547
+22378724348
+22378724496
+22378724846
+22378725148
+22378726553
+22378727273
+22378728636
+22378728654
+22378730084
+22378730516
+22378731059
+22378731366
+22378731612
+22378732085
+22378732436
+22378733547
+22378735421
+22378735724
+22378735828
+22378737814
+22378738944
+22378740914
+22378743060
+22378743244
+22378743717
+22378745737
+22378746912
+22378746925
+22378747082
+22378747576
+22378747607
+22378748122
+22378748544
+22378750094
+22378751205
+22378751954
+22378752234
+22378753999
+22378754351
+22378754969
+22378755299
+22378755895
+22378756478
+22378756852
+22378758291
+22378758994
+22378759759
+22378760544
+22378761163
+22378762173
+22378764032
+22378764213
+22378769184
+22378770578
+22378771591
+22378772426
+22378774373
+22378775054
+22378777958
+22378779799
+22378780217
+22378780495
+22378780894
+22378781055
+22378781406
+22378785333
+22378785604
+22378785608
+22378786441
+22378786907
+22378787863
+22378788735
+22378789742
+22378791536
+22378793061
+22378793408
+22378793667
+22378793738
+22378794120
+22378794557
+22378795509
+22378795597
+22378797214
+22378798662
+22378799567
+22378800440
+22378800914
+22378800982
+22378801003
+22378801170
+22378801339
+22378801544
+22378801586
+22378802389
+22378802797
+22378802821
+22378805921
+22378806990
+22378807351
+22378808064
+22378808167
+22378808351
+22378808896
+22378809663
+22378810716
+22378812835
+22378813013
+22378813018
+22378814408
+22378814726
+22378815893
+22378816250
+22378816719
+22378817428
+22378817647
+22378818788
+22378819046
+22378819301
+22378819885
+22378820370
+22378821263
+22378822219
+22378822284
+22378822528
+22378824800
+22378825093
+22378825163
+22378827195
+22378829722
+22378830913
+22378831954
+22378832674
+22378833228
+22378833418
+22378834726
+22378834977
+22378835526
+22378835736
+22378836251
+22378837780
+22378838250
+22378838348
+22378839601
+22378840648
+22378841997
+22378843608
+22378844102
+22378844225
+22378844358
+22378844502
+22378844745
+22378844748
+22378846096
+22378846280
+22378846282
+22378846810
+22378848431
+22378849113
+22378851189
+22378852242
+22378852281
+22378852802
+22378853339
+22378854820
+22378855538
+22378855652
+22378855780
+22378855830
+22378856010
+22378857835
+22378859148
+22378860841
+22378862043
+22378862969
+22378863533
+22378863612
+22378865130
+22378866012
+22378866657
+22378866719
+22378867851
+22378869146
+22378869895
+22378869949
+22378870507
+22378870695
+22378871284
+22378871765
+22378872177
+22378874541
+22378875889
+22378876681
+22378877871
+22378880096
+22378880515
+22378880633
+22378880936
+22378881191
+22378883407
+22378883863
+22378884797
+22378885656
+22378886207
+22378889440
+22378890144
+22378891139
+22378893058
+22378893887
+22378894032
+22378895373
+22378895531
+22378895775
+22378896098
+22378897383
+22378897667
+22378898279
+22378898668
+22378899670
+22378899896
+22378900424
+22378900959
+22378902091
+22378902092
+22378902908
+22378904873
+22378906358
+22378906504
+22378907568
+22378909122
+22378909539
+22378912421
+22378912985
+22378914571
+22378915585
+22378916678
+22378917157
+22378917731
+22378918074
+22378918260
+22378918724
+22378919596
+22378919777
+22378920283
+22378921989
+22378922217
+22378924971
+22378926099
+22378927560
+22378931110
+22378932916
+22378933069
+22378933307
+22378935439
+22378939740
+22378939910
+22378941237
+22378941361
+22378942351
+22378942453
+22378943039
+22378943136
+22378944035
+22378944221
+22378944223
+22378944248
+22378945837
+22378946229
+22378948926
+22378950282
+22378951018
+22378951033
+22378953427
+22378953654
+22378954850
+22378956399
+22378960755
+22378962375
+22378963512
+22378966326
+22378967685
+22378968871
+22378969402
+22378969716
+22378969785
+22378970644
+22378970756
+22378973592
+22378973799
+22378974312
+22378974454
+22378974826
+22378975300
+22378977891
+22378978767
+22378979265
+22378983150
+22378983894
+22378986853
+22378989001
+22378989443
+22378990519
+22378990940
+22378992938
+22378995718
+22378996178
+22378996612
+22378998294
+22378999568
+22378999905
+22379010057
+22379011130
+22379011352
+22379011851
+22379012218
+22379014909
+22379015554
+22379015861
+22379016856
+22379017060
+22379018709
+22379021023
+22379021559
+22379023029
+22379024419
+22379026672
+22379026911
+22379027912
+22379028948
+22379029873
+22379030558
+22379033395
+22379036338
+22379038316
+22379038692
+22379039241
+22379041087
+22379041615
+22379043556
+22379044031
+22379046168
+22379047482
+22379047767
+22379049148
+22379049462
+22379049471
+22379049798
+22379050198
+22379050457
+22379050645
+22379051188
+22379051827
+22379052454
+22379052962
+22379055239
+22379055903
+22379056637
+22379056749
+22379057123
+22379058034
+22379060618
+22379060832
+22379061457
+22379062628
+22379062693
+22379063751
+22379064208
+22379064286
+22379065543
+22379066432
+22379067522
+22379068102
+22379068542
+22379069130
+22379069388
+22379071649
+22379072373
+22379075088
+22379075659
+22379075974
+22379076606
+22379077470
+22379078390
+22379079314
+22379079871
+22379080119
+22379080684
+22379083189
+22379083482
+22379083699
+22379085295
+22379086303
+22379087576
+22379087713
+22379087866
+22379088336
+22379088475
+22379093144
+22379093178
+22379094500
+22379094674
+22379097898
+22379098098
+22379100666
+22379101832
+22379103273
+22379106191
+22379106808
+22379107071
+22379110527
+22379110664
+22379111068
+22379111251
+22379111372
+22379112280
+22379114822
+22379115224
+22379119385
+22379119570
+22379120163
+22379120446
+22379120834
+22379122154
+22379122323
+22379122518
+22379125664
+22379127855
+22379127931
+22379131247
+22379132681
+22379133789
+22379133842
+22379133988
+22379134122
+22379135414
+22379138334
+22379138662
+22379138799
+22379139754
+22379140175
+22379140819
+22379143756
+22379145361
+22379146885
+22379149090
+22379150214
+22379150445
+22379150481
+22379155284
+22379155978
+22379156329
+22379156893
+22379156966
+22379157087
+22379157112
+22379157569
+22379159171
+22379161525
+22379161717
+22379163039
+22379163607
+22379164492
+22379165072
+22379165707
+22379171084
+22379171153
+22379171836
+22379172766
+22379173808
+22379174004
+22379174320
+22379174922
+22379175121
+22379177803
+22379177862
+22379179980
+22379180116
+22379180602
+22379180947
+22379182196
+22379182217
+22379182448
+22379182640
+22379183567
+22379183802
+22379184782
+22379185578
+22379186190
+22379186278
+22379186525
+22379186889
+22379188588
+22379189843
+22379190425
+22379190921
+22379191063
+22379191161
+22379191588
+22379191803
+22379192185
+22379192833
+22379192856
+22379196038
+22379196915
+22379197763
+22379197963
+22379198579
+22379200426
+22379200779
+22379200783
+22379201137
+22379202893
+22379203514
+22379204272
+22379204411
+22379206514
+22379206862
+22379206979
+22379208631
+22379208891
+22379209091
+22379209307
+22379210836
+22379211607
+22379212254
+22379213019
+22379213148
+22379213186
+22379214202
+22379215266
+22379218281
+22379218330
+22379218559
+22379218872
+22379219267
+22379221469
+22379221558
+22379221684
+22379222476
+22379224011
+22379224084
+22379224520
+22379224557
+22379225565
+22379227421
+22379227875
+22379227947
+22379228111
+22379228757
+22379230217
+22379230732
+22379231387
+22379233221
+22379233788
+22379238099
+22379238312
+22379244763
+22379244838
+22379244966
+22379245244
+22379246546
+22379246570
+22379247014
+22379247583
+22379247744
+22379250097
+22379250175
+22379250514
+22379251018
+22379251797
+22379251891
+22379253793
+22379254062
+22379254301
+22379255122
+22379256502
+22379257144
+22379258880
+22379259063
+22379260113
+22379260894
+22379260961
+22379261990
+22379262468
+22379264317
+22379264945
+22379265552
+22379266446
+22379267166
+22379268010
+22379268154
+22379269555
+22379269880
+22379270234
+22379271181
+22379272109
+22379273006
+22379273477
+22379273647
+22379275994
+22379278628
+22379278907
+22379282087
+22379282833
+22379283412
+22379284222
+22379284459
+22379285781
+22379285817
+22379288281
+22379288980
+22379289876
+22379289913
+22379292127
+22379292516
+22379292700
+22379293101
+22379294078
+22379296219
+22379297224
+22379298709
+22379300482
+22379300508
+22379300748
+22379302930
+22379303319
+22379303763
+22379304789
+22379306480
+22379308307
+22379308486
+22379309496
+22379310819
+22379311034
+22379311169
+22379313174
+22379313193
+22379313847
+22379314655
+22379315618
+22379318629
+22379319975
+22379320195
+22379322524
+22379324152
+22379324705
+22379325949
+22379326926
+22379327749
+22379330327
+22379330350
+22379330937
+22379331769
+22379332264
+22379337210
+22379337230
+22379337304
+22379338350
+22379339205
+22379339245
+22379339680
+22379339861
+22379341554
+22379341691
+22379341857
+22379342170
+22379342816
+22379345295
+22379345456
+22379346198
+22379346514
+22379346562
+22379346611
+22379346859
+22379346871
+22379347416
+22379347800
+22379348656
+22379349531
+22379349680
+22379350211
+22379350503
+22379350589
+22379350992
+22379351322
+22379351533
+22379352555
+22379352698
+22379353952
+22379354978
+22379355640
+22379355963
+22379355965
+22379355989
+22379356062
+22379356509
+22379357514
+22379358241
+22379358800
+22379360093
+22379360841
+22379361685
+22379362791
+22379362917
+22379363345
+22379364492
+22379365374
+22379365634
+22379365715
+22379366362
+22379368493
+22379370431
+22379371559
+22379371872
+22379371935
+22379373750
+22379375768
+22379376149
+22379376273
+22379376718
+22379376785
+22379377015
+22379377096
+22379377245
+22379377427
+22379377732
+22379378644
+22379378717
+22379381738
+22379382702
+22379384463
+22379385685
+22379385880
+22379387688
+22379389738
+22379391074
+22379391680
+22379391731
+22379392168
+22379392182
+22379392956
+22379393922
+22379397648
+22379398250
+22379400366
+22379400604
+22379401379
+22379401437
+22379401790
+22379402612
+22379402756
+22379403278
+22379403314
+22379403318
+22379405129
+22379406750
+22379406754
+22379406761
+22379407069
+22379407087
+22379408117
+22379410475
+22379410478
+22379410517
+22379412858
+22379413101
+22379413251
+22379413782
+22379414336
+22379414446
+22379416059
+22379416393
+22379417977
+22379419252
+22379419327
+22379421653
+22379422672
+22379423788
+22379424118
+22379424167
+22379426680
+22379426702
+22379427063
+22379427379
+22379427411
+22379427799
+22379428721
+22379428790
+22379432665
+22379434231
+22379435596
+22379437610
+22379438073
+22379439107
+22379439259
+22379439291
+22379439938
+22379440908
+22379442707
+22379443786
+22379443880
+22379445670
+22379446591
+22379447155
+22379449720
+22379451917
+22379453283
+22379458146
+22379458350
+22379458978
+22379459448
+22379460008
+22379460701
+22379464186
+22379464591
+22379465464
+22379468741
+22379469970
+22379470247
+22379470458
+22379471415
+22379471774
+22379472135
+22379472514
+22379472732
+22379473093
+22379473560
+22379473958
+22379474380
+22379476709
+22379478843
+22379479421
+22379479560
+22379480550
+22379482205
+22379482711
+22379484017
+22379484398
+22379485534
+22379486551
+22379486926
+22379489031
+22379491069
+22379491466
+22379491534
+22379491756
+22379495329
+22379498436
+22379499555
+22379500020
+22379500054
+22379500504
+22379500942
+22379501834
+22379501864
+22379503086
+22379503218
+22379505064
+22379505475
+22379506296
+22379506437
+22379507731
+22379508570
+22379508863
+22379509946
+22379511696
+22379511785
+22379512600
+22379512607
+22379514542
+22379515357
+22379518033
+22379518316
+22379518325
+22379519479
+22379519618
+22379520480
+22379521511
+22379522013
+22379522472
+22379523033
+22379523960
+22379524574
+22379525526
+22379525660
+22379525970
+22379526108
+22379527614
+22379528397
+22379528562
+22379529236
+22379531125
+22379531195
+22379531691
+22379532063
+22379532333
+22379533393
+22379533822
+22379534876
+22379534938
+22379535381
+22379535653
+22379536615
+22379536925
+22379537866
+22379538641
+22379539075
+22379541920
+22379542031
+22379542530
+22379545551
+22379545803
+22379546172
+22379546242
+22379546772
+22379546957
+22379547683
+22379547968
+22379548186
+22379551431
+22379554050
+22379554454
+22379554762
+22379554854
+22379555854
+22379557333
+22379558568
+22379563770
+22379563947
+22379565335
+22379565689
+22379567425
+22379567602
+22379567827
+22379568269
+22379569490
+22379569819
+22379570026
+22379571550
+22379572436
+22379572561
+22379573037
+22379573444
+22379574906
+22379576788
+22379578779
+22379578923
+22379578996
+22379579144
+22379580003
+22379584192
+22379584442
+22379584811
+22379585261
+22379586303
+22379586799
+22379587224
+22379587977
+22379588323
+22379589194
+22379589239
+22379589463
+22379589819
+22379592483
+22379594554
+22379595191
+22379595589
+22379595759
+22379595822
+22379596066
+22379596425
+22379596575
+22379596893
+22379598170
+22379598185
+22379599663
+22379600055
+22379600397
+22379600583
+22379600952
+22379600961
+22379601644
+22379601753
+22379602383
+22379604443
+22379604539
+22379605298
+22379605328
+22379605981
+22379606136
+22379606453
+22379606783
+22379607146
+22379607664
+22379607832
+22379609098
+22379609861
+22379610567
+22379612209
+22379612691
+22379613656
+22379614465
+22379616237
+22379616593
+22379616721
+22379617532
+22379617900
+22379617951
+22379618077
+22379618577
+22379619078
+22379619314
+22379619662
+22379619904
+22379621301
+22379621543
+22379622140
+22379622417
+22379624463
+22379627331
+22379628195
+22379628240
+22379628859
+22379629017
+22379629327
+22379629368
+22379629764
+22379630234
+22379633064
+22379633161
+22379633674
+22379633967
+22379634089
+22379635350
+22379635764
+22379636938
+22379640068
+22379640461
+22379641197
+22379642926
+22379643116
+22379643275
+22379643276
+22379643289
+22379643340
+22379643412
+22379643847
+22379644462
+22379645826
+22379646216
+22379646345
+22379647287
+22379647470
+22379648102
+22379650294
+22379651245
+22379651647
+22379651851
+22379651908
+22379652400
+22379652903
+22379653689
+22379653958
+22379654068
+22379654612
+22379654858
+22379655980
+22379658120
+22379658694
+22379659089
+22379659588
+22379660469
+22379662226
+22379662329
+22379664759
+22379665086
+22379668881
+22379670572
+22379671566
+22379671773
+22379671814
+22379673586
+22379674637
+22379674732
+22379675088
+22379675548
+22379676708
+22379677087
+22379677573
+22379679079
+22379679199
+22379679659
+22379679908
+22379680312
+22379680400
+22379680548
+22379681394
+22379681492
+22379681756
+22379682197
+22379683202
+22379683275
+22379683295
+22379684250
+22379684727
+22379684842
+22379684925
+22379686860
+22379687230
+22379688022
+22379688211
+22379689450
+22379689925
+22379692797
+22379693075
+22379693846
+22379694509
+22379695756
+22379696061
+22379696147
+22379696933
+22379699307
+22379699592
+22379701429
+22379704905
+22379705031
+22379706759
+22379706900
+22379707767
+22379709811
+22379710109
+22379710545
+22379711048
+22379712798
+22379714511
+22379714706
+22379715155
+22379716881
+22379717400
+22379719143
+22379719195
+22379721192
+22379722778
+22379722847
+22379723445
+22379725604
+22379726281
+22379726808
+22379729627
+22379730898
+22379731341
+22379732256
+22379733735
+22379734608
+22379735593
+22379735627
+22379735995
+22379736566
+22379737424
+22379737625
+22379738040
+22379738506
+22379740233
+22379741152
+22379741388
+22379741492
+22379743585
+22379743980
+22379744293
+22379744555
+22379744990
+22379745089
+22379745329
+22379745596
+22379745972
+22379746042
+22379746106
+22379746185
+22379747324
+22379748659
+22379749632
+22379753343
+22379754304
+22379754900
+22379756685
+22379758680
+22379760661
+22379762139
+22379762466
+22379763971
+22379764310
+22379764479
+22379765195
+22379765460
+22379766660
+22379766741
+22379766838
+22379769054
+22379769370
+22379769381
+22379771782
+22379772035
+22379772599
+22379772762
+22379773942
+22379774279
+22379774331
+22379774782
+22379775074
+22379775295
+22379775838
+22379776425
+22379776612
+22379777392
+22379777701
+22379778134
+22379779147
+22379779195
+22379779892
+22379779918
+22379779973
+22379780082
+22379780463
+22379781009
+22379781064
+22379783048
+22379783260
+22379783978
+22379785219
+22379786323
+22379786498
+22379786635
+22379787735
+22379787780
+22379790796
+22379791821
+22379793337
+22379794519
+22379796271
+22379796676
+22379796830
+22379798258
+22379798443
+22379798993
+22379799440
+22379801900
+22379802095
+22379803405
+22379803907
+22379808751
+22379809526
+22379809692
+22379810080
+22379811912
+22379817015
+22379817282
+22379817467
+22379818307
+22379821912
+22379821921
+22379822980
+22379824023
+22379824278
+22379825296
+22379825836
+22379826976
+22379828011
+22379828196
+22379828692
+22379829870
+22379830261
+22379830276
+22379831917
+22379831949
+22379832521
+22379832535
+22379834139
+22379835552
+22379837390
+22379838344
+22379839818
+22379840188
+22379840585
+22379841395
+22379842710
+22379844190
+22379844370
+22379845574
+22379848707
+22379850402
+22379853029
+22379853405
+22379854464
+22379855170
+22379855330
+22379855439
+22379857927
+22379858373
+22379859436
+22379859809
+22379860134
+22379860171
+22379860814
+22379860899
+22379862329
+22379862974
+22379863814
+22379864738
+22379866924
+22379867276
+22379868236
+22379869339
+22379869396
+22379870977
+22379871530
+22379872196
+22379873207
+22379873644
+22379874718
+22379875080
+22379876277
+22379876350
+22379876716
+22379877191
+22379877303
+22379878204
+22379878222
+22379879437
+22379880057
+22379881490
+22379881624
+22379881986
+22379882652
+22379882679
+22379883973
+22379885819
+22379886213
+22379886857
+22379887143
+22379887912
+22379888527
+22379888679
+22379889790
+22379890091
+22379890321
+22379891765
+22379892177
+22379893065
+22379893908
+22379894029
+22379894245
+22379895739
+22379896373
+22379898509
+22379899036
+22379899085
+22379900203
+22379900591
+22379900906
+22379901159
+22379901375
+22379901871
+22379902460
+22379902657
+22379902876
+22379903884
+22379904137
+22379906988
+22379907905
+22379908017
+22379908694
+22379909091
+22379910028
+22379910057
+22379912382
+22379914652
+22379916470
+22379917041
+22379917087
+22379917892
+22379918269
+22379918412
+22379919170
+22379919464
+22379921699
+22379922532
+22379923122
+22379925501
+22379926496
+22379927215
+22379929184
+22379929261
+22379930189
+22379931452
+22379931483
+22379931605
+22379933534
+22379934154
+22379934789
+22379934995
+22379935067
+22379935209
+22379935924
+22379937328
+22379938839
+22379939660
+22379939763
+22379941025
+22379943086
+22379943189
+22379943608
+22379944448
+22379946434
+22379946896
+22379947168
+22379948148
+22379948233
+22379950204
+22379951069
+22379951287
+22379951410
+22379952070
+22379953701
+22379954048
+22379954131
+22379954194
+22379954320
+22379954496
+22379955696
+22379956996
+22379957009
+22379957901
+22379958153
+22379959198
+22379960092
+22379960753
+22379966368
+22379967401
+22379967603
+22379969105
+22379969305
+22379969677
+22379969790
+22379969892
+22379970074
+22379970400
+22379972686
+22379973040
+22379973874
+22379973945
+22379974153
+22379975432
+22379975535
+22379977327
+22379977417
+22379978294
+22379978353
+22379978900
+22379979999
+22379983635
+22379984967
+22379986087
+22379989012
+22379989524
+22379990704
+22379993124
+22379993559
+22379993626
+22379995083
+22379995569
+22379995948
+22379997447
+22379999921
+22379999992
+22382000926
+22382001626
+22382002169
+22382003013
+22382004479
+22382005489
+22382005620
+22382005716
+22382006046
+22382007002
+22382007409
+22382008561
+22382010089
+22382010298
+22382011854
+22382012152
+22382013968
+22382015032
+22382015565
+22382015571
+22382016639
+22382017302
+22382018117
+22382021874
+22382023893
+22382024157
+22382024356
+22382024498
+22382024778
+22382024952
+22382025619
+22382027434
+22382027731
+22382029424
+22382032817
+22382035067
+22382035282
+22382037795
+22382040297
+22382042484
+22382043009
+22382043022
+22382043170
+22382045793
+22382046962
+22382052002
+22382052165
+22382052688
+22382053423
+22382053506
+22382054173
+22382055042
+22382055168
+22382056058
+22382056513
+22382058388
+22382058699
+22382060793
+22382061394
+22382062117
+22382063800
+22382064124
+22382064462
+22382065289
+22382065443
+22382065854
+22382065874
+22382066261
+22382066838
+22382067353
+22382067991
+22382068560
+22382069096
+22382069602
+22382070023
+22382070417
+22382070527
+22382070788
+22382071140
+22382071581
+22382072350
+22382073119
+22382076102
+22382076397
+22382076437
+22382079844
+22382081210
+22382086860
+22382086888
+22382089069
+22382091294
+22382092646
+22382093799
+22382096376
+22382097073
+22382097367
+22382097416
+22382098035
+22382099148
+22382100534
+22382101382
+22382101971
+22382106696
+22382110099
+22382110427
+22382112602
+22382112756
+22382113058
+22382113187
+22382113596
+22382113615
+22382114336
+22382114810
+22382114913
+22382115449
+22382117612
+22382117848
+22382118153
+22382120402
+22382121675
+22382121768
+22382123261
+22382123796
+22382123828
+22382124762
+22382124986
+22382125270
+22382125379
+22382126956
+22382127856
+22382128687
+22382129447
+22382130755
+22382130848
+22382130912
+22382131973
+22382132130
+22382133404
+22382133922
+22382134840
+22382135296
+22382136007
+22382136356
+22382136743
+22382138756
+22382138823
+22382139678
+22382140680
+22382140840
+22382141315
+22382143009
+22382143593
+22382144181
+22382144563
+22382145029
+22382148707
+22382148966
+22382149566
+22382149768
+22382149968
+22382150617
+22382150646
+22382151374
+22382153524
+22382154195
+22382154630
+22382154803
+22382154833
+22382154878
+22382155977
+22382156192
+22382157246
+22382157898
+22382157994
+22382158288
+22382159091
+22382159184
+22382160911
+22382160998
+22382162432
+22382162643
+22382165052
+22382165804
+22382167808
+22382169602
+22382170553
+22382170880
+22382171001
+22382171711
+22382173615
+22382174403
+22382174769
+22382174902
+22382177184
+22382177969
+22382178690
+22382178935
+22382180137
+22382180773
+22382180843
+22382181167
+22382181800
+22382182106
+22382184109
+22382185892
+22382187314
+22382191431
+22382191540
+22382191592
+22382192653
+22382192839
+22382196390
+22382196469
+22382196756
+22382198207
+22382198524
+22382199882
+22382200330
+22382201892
+22382202846
+22382204888
+22382205988
+22382206116
+22382206182
+22382207349
+22382207784
+22382208885
+22382209277
+22382212867
+22382213228
+22382214467
+22382214710
+22382214919
+22382215446
+22382215644
+22382217703
+22382217993
+22382218363
+22382218394
+22382218583
+22382219080
+22382219490
+22382223727
+22382223794
+22382224524
+22382224758
+22382225518
+22382226663
+22382226674
+22382227125
+22382227289
+22382227857
+22382228105
+22382228606
+22382229110
+22382229692
+22382229792
+22382229838
+22382230774
+22382232635
+22382233261
+22382233705
+22382234489
+22382235574
+22382237517
+22382237659
+22382238731
+22382239096
+22382240665
+22382240795
+22382241548
+22382243205
+22382243634
+22382243693
+22382244489
+22382245132
+22382247178
+22382253207
+22382253504
+22382254688
+22382254927
+22382255227
+22382258647
+22382259813
+22382262665
+22382263104
+22382263770
+22382265365
+22382266861
+22382267377
+22382269806
+22382270567
+22382271437
+22382272175
+22382272889
+22382273635
+22382274345
+22382275856
+22382276552
+22382277649
+22382277717
+22382282054
+22382282280
+22382282360
+22382282828
+22382285121
+22382285160
+22382285251
+22382287496
+22382288155
+22382288799
+22382290432
+22382292717
+22382293841
+22382294190
+22382295984
+22382296935
+22382297423
+22382297636
+22382299099
+22382299288
+22382300589
+22382300867
+22382301117
+22382303314
+22382304044
+22382304405
+22382306247
+22382306456
+22382307019
+22382307461
+22382308180
+22382308272
+22382309321
+22382309803
+22382309861
+22382310708
+22382311598
+22382311616
+22382313268
+22382314467
+22382315455
+22382315487
+22382316660
+22382318418
+22382318543
+22382318904
+22382319510
+22382320077
+22382324056
+22382325570
+22382327818
+22382328297
+22382328634
+22382328941
+22382329253
+22382329299
+22382332776
+22382334571
+22382334871
+22382335077
+22382335164
+22382337941
+22382338470
+22382339769
+22382343978
+22382343980
+22382344486
+22382345204
+22382345477
+22382345896
+22382346701
+22382348859
+22382349316
+22382351288
+22382351338
+22382352103
+22382354810
+22382356746
+22382356773
+22382358315
+22382360353
+22382363060
+22382363549
+22382363713
+22382364627
+22382365129
+22382365689
+22382365812
+22382367152
+22382369811
+22382370627
+22382372310
+22382373455
+22382373823
+22382375317
+22382376370
+22382378919
+22382379576
+22382380057
+22382381757
+22382381810
+22382383808
+22382384802
+22382385839
+22382388019
+22382388720
+22382393549
+22382393989
+22382398548
+22382399178
+22382399300
+22382400129
+22382400147
+22382401924
+22382402854
+22382403735
+22382404452
+22382404854
+22382406915
+22382406989
+22382407250
+22382408946
+22382409434
+22382410049
+22382410780
+22382410888
+22382411192
+22382411506
+22382412627
+22382413899
+22382414306
+22382414348
+22382414412
+22382415015
+22382415429
+22382415437
+22382415448
+22382415684
+22382415972
+22382416495
+22382416659
+22382417285
+22382417798
+22382419139
+22382419624
+22382420322
+22382422317
+22382424895
+22382425424
+22382425855
+22382427060
+22382427144
+22382427539
+22382429240
+22382431389
+22382433181
+22382433542
+22382434240
+22382434866
+22382438134
+22382438715
+22382440428
+22382440451
+22382440560
+22382440584
+22382440642
+22382441400
+22382445782
+22382448833
+22382449278
+22382449590
+22382449670
+22382451543
+22382451642
+22382452596
+22382452754
+22382453865
+22382454003
+22382454869
+22382455894
+22382456586
+22382456851
+22382458004
+22382458217
+22382458547
+22382459330
+22382460900
+22382461231
+22382461321
+22382463121
+22382463457
+22382463698
+22382464986
+22382465227
+22382466990
+22382467022
+22382469265
+22382471461
+22382472671
+22382472830
+22382474213
+22382479139
+22382479239
+22382479726
+22382480691
+22382481572
+22382482519
+22382483852
+22382486350
+22382486780
+22382486903
+22382488183
+22382488228
+22382488801
+22382489030
+22382489697
+22382490850
+22382494625
+22382494860
+22382496744
+22382497887
+22382499395
+22382499432
+22382501530
+22382502675
+22382502839
+22382503592
+22382503807
+22382503954
+22382506199
+22382506398
+22382506899
+22382506967
+22382506982
+22382509934
+22382511673
+22382513074
+22382513407
+22382515041
+22382516837
+22382518044
+22382518266
+22382519869
+22382521332
+22382521862
+22382522905
+22382522966
+22382523398
+22382523784
+22382525101
+22382525510
+22382526100
+22382527244
+22382527825
+22382528923
+22382531708
+22382531867
+22382532490
+22382534548
+22382534828
+22382535593
+22382536418
+22382536645
+22382538263
+22382539307
+22382540283
+22382543233
+22382545086
+22382549329
+22382550231
+22382550772
+22382551745
+22382551787
+22382552768
+22382554447
+22382555308
+22382555826
+22382556299
+22382557793
+22382557894
+22382559308
+22382560663
+22382562480
+22382563541
+22382563564
+22382564873
+22382567093
+22382567247
+22382568010
+22382568956
+22382569573
+22382570174
+22382570414
+22382571581
+22382572037
+22382572442
+22382573101
+22382573363
+22382573392
+22382573456
+22382575083
+22382575400
+22382575646
+22382579267
+22382579610
+22382579636
+22382579815
+22382583648
+22382584171
+22382584293
+22382584514
+22382585869
+22382587932
+22382588789
+22382589369
+22382590665
+22382592197
+22382596520
+22382600795
+22382601256
+22382601559
+22382603532
+22382604763
+22382605487
+22382606997
+22382607206
+22382607226
+22382607844
+22382609820
+22382609922
+22382611644
+22382612837
+22382614613
+22382615933
+22382616133
+22382616963
+22382617287
+22382617659
+22382619173
+22382619439
+22382620487
+22382620817
+22382621954
+22382624008
+22382624742
+22382624808
+22382625040
+22382625100
+22382626666
+22382627111
+22382627159
+22382628182
+22382628359
+22382628476
+22382629071
+22382633869
+22382636243
+22382638146
+22382638666
+22382641690
+22382643797
+22382644041
+22382644048
+22382644283
+22382644719
+22382645260
+22382645983
+22382646274
+22382646913
+22382650460
+22382650498
+22382651768
+22382651830
+22382652787
+22382653234
+22382653839
+22382654997
+22382655570
+22382655684
+22382656607
+22382657136
+22382659230
+22382662673
+22382666418
+22382666910
+22382667743
+22382669692
+22382669923
+22382670466
+22382670518
+22382671194
+22382672136
+22382673172
+22382674774
+22382675551
+22382676108
+22382676750
+22382677428
+22382678194
+22382678225
+22382679203
+22382679305
+22382680007
+22382680145
+22382680293
+22382681673
+22382683115
+22382683127
+22382683387
+22382684711
+22382685168
+22382685186
+22382686678
+22382688911
+22382690219
+22382691764
+22382692855
+22382695344
+22382695616
+22382696513
+22382697128
+22382697713
+22382698422
+22382699341
+22382699448
+22382701455
+22382702272
+22382705269
+22382705538
+22382705675
+22382707175
+22382707329
+22382708737
+22382711933
+22382713416
+22382713814
+22382714560
+22382714781
+22382715848
+22382716045
+22382716552
+22382716951
+22382716970
+22382717139
+22382717442
+22382718142
+22382718867
+22382720141
+22382720603
+22382720630
+22382721332
+22382722230
+22382722550
+22382724099
+22382724399
+22382725344
+22382726443
+22382728699
+22382730451
+22382730867
+22382731181
+22382733066
+22382733145
+22382733294
+22382733636
+22382734076
+22382734481
+22382735972
+22382736153
+22382736725
+22382737058
+22382738050
+22382739891
+22382741959
+22382745170
+22382746197
+22382746656
+22382747661
+22382748212
+22382748913
+22382751121
+22382751133
+22382751631
+22382751652
+22382754140
+22382754239
+22382754381
+22382756115
+22382756293
+22382757743
+22382759670
+22382760992
+22382762220
+22382763078
+22382763552
+22382763782
+22382764047
+22382765675
+22382766634
+22382766869
+22382767274
+22382768300
+22382768605
+22382768748
+22382768853
+22382769147
+22382769248
+22382769551
+22382769735
+22382769736
+22382770511
+22382770687
+22382772362
+22382773069
+22382773914
+22382774065
+22382774160
+22382774432
+22382774507
+22382774925
+22382777640
+22382778582
+22382779207
+22382779395
+22382780328
+22382780500
+22382780674
+22382786036
+22382786149
+22382786509
+22382789532
+22382791016
+22382791060
+22382791183
+22382791634
+22382791913
+22382792342
+22382793819
+22382795955
+22382796425
+22382796920
+22382797024
+22382799209
+22382800072
+22382800076
+22382803885
+22382804321
+22382804826
+22382804888
+22382804987
+22382805020
+22382807320
+22382807723
+22382808674
+22382808809
+22382809657
+22382810104
+22382810403
+22382811859
+22382813023
+22382813072
+22382813330
+22382813407
+22382814226
+22382814478
+22382816955
+22382817339
+22382817545
+22382817640
+22382817727
+22382818048
+22382818936
+22382818998
+22382820439
+22382820735
+22382821978
+22382822091
+22382822553
+22382822690
+22382822897
+22382824826
+22382828101
+22382831180
+22382832322
+22382833468
+22382835910
+22382837507
+22382838906
+22382839419
+22382840398
+22382840752
+22382841887
+22382842151
+22382844979
+22382846995
+22382847058
+22382847835
+22382850167
+22382853732
+22382855792
+22382856652
+22382856936
+22382857976
+22382858661
+22382859466
+22382859750
+22382859925
+22382860677
+22382860891
+22382862865
+22382862953
+22382863460
+22382864381
+22382864813
+22382867291
+22382869300
+22382872915
+22382875290
+22382877854
+22382878081
+22382880170
+22382880745
+22382881864
+22382882269
+22382888165
+22382890243
+22382890667
+22382890964
+22382891739
+22382892753
+22382893420
+22382894072
+22382894472
+22382894862
+22382895203
+22382895315
+22382895677
+22382896965
+22382897052
+22382897228
+22382898186
+22382898943
+22382901092
+22382903431
+22382907821
+22382908745
+22382909864
+22382910867
+22382913740
+22382914666
+22382915598
+22382915912
+22382917142
+22382917321
+22382917387
+22382918912
+22382919524
+22382920029
+22382920357
+22382922429
+22382924228
+22382924550
+22382925591
+22382927531
+22382928510
+22382928934
+22382928970
+22382930843
+22382931185
+22382933823
+22382935348
+22382937632
+22382937648
+22382937707
+22382938596
+22382940546
+22382941793
+22382943160
+22382943213
+22382944700
+22382946874
+22382948455
+22382949710
+22382950489
+22382950878
+22382952177
+22382952967
+22382954456
+22382956124
+22382956505
+22382961471
+22382961947
+22382963735
+22382965035
+22382965342
+22382967779
+22382968470
+22382969127
+22382969293
+22382970994
+22382974752
+22382976167
+22382976566
+22382978199
+22382983295
+22382984765
+22382986503
+22382986976
+22382987255
+22382987692
+22382987728
+22382988320
+22382989605
+22382989630
+22382990679
+22382990795
+22382990939
+22382991442
+22382992601
+22382993022
+22382993793
+22382994833
+22382995106
+22382996649
+22382997380
+22382997592
+22382998905
+22383000016
+22383000330
+22383000971
+22383001284
+22383002228
+22383005059
+22383005484
+22383009197
+22383009278
+22383009893
+22383011557
+22383012411
+22383012676
+22383013490
+22383014262
+22383015439
+22383016839
+22383017259
+22383017393
+22383018039
+22383018423
+22383020941
+22383021266
+22383023056
+22383023581
+22383024399
+22383024570
+22383025313
+22383026964
+22383027683
+22383029592
+22383029989
+22383030324
+22383031416
+22383031421
+22383031663
+22383031682
+22383033048
+22383033919
+22383034047
+22383034520
+22383034595
+22383035064
+22383035289
+22383037357
+22383038053
+22383039237
+22383039291
+22383040347
+22383040530
+22383041297
+22383043130
+22383044376
+22383044509
+22383045419
+22383045523
+22383047498
+22383047994
+22383050089
+22383051588
+22383053575
+22383055931
+22383058604
+22383058955
+22383060637
+22383060809
+22383061091
+22383061589
+22383063093
+22383064423
+22383065661
+22383072034
+22383073786
+22383074550
+22383075936
+22383077677
+22383077767
+22383078138
+22383082310
+22383085153
+22383086385
+22383087190
+22383087308
+22383087357
+22383088386
+22383089386
+22383089584
+22383094297
+22383094475
+22383096815
+22383098379
+22383102100
+22383103832
+22383103905
+22383105799
+22383107301
+22383107591
+22383107860
+22383107987
+22383108528
+22383109563
+22383109776
+22383110730
+22383111384
+22383112279
+22383113106
+22383115504
+22383117379
+22383119108
+22383120243
+22383122090
+22383123065
+22383123981
+22383125026
+22383125206
+22383125966
+22383131294
+22383132562
+22383132740
+22383132922
+22383133010
+22383134533
+22383134715
+22383135761
+22383136109
+22383138157
+22383139470
+22383139746
+22383140390
+22383140942
+22383142720
+22383142776
+22383146730
+22383147168
+22383147401
+22383148008
+22383149140
+22383149739
+22383149889
+22383151863
+22383151870
+22383152179
+22383152808
+22383154064
+22383156599
+22383157841
+22383157946
+22383158252
+22383158298
+22383158859
+22383159026
+22383160370
+22383160883
+22383162193
+22383162270
+22383163786
+22383164161
+22383166739
+22383168315
+22383168446
+22383168583
+22383168803
+22383169137
+22383170149
+22383172722
+22383173359
+22383173584
+22383173985
+22383175253
+22383175648
+22383175895
+22383177023
+22383178137
+22383180764
+22383181712
+22383182694
+22383183203
+22383184196
+22383186465
+22383187727
+22383189935
+22383190829
+22383191428
+22383191488
+22383194434
+22383195420
+22383195553
+22383199372
+22383199983
+22383200658
+22383200814
+22383200894
+22383203822
+22383204061
+22383206482
+22383207771
+22383208781
+22383208893
+22383209014
+22383210218
+22383211803
+22383215672
+22383215690
+22383216065
+22383216072
+22383217841
+22383218254
+22383219946
+22383221177
+22383223760
+22383224906
+22383225841
+22383226953
+22383229259
+22383230490
+22383230941
+22383232030
+22383233486
+22383235382
+22383235491
+22383236326
+22383236988
+22383237613
+22383239819
+22383241767
+22383241857
+22383241935
+22383242587
+22383244763
+22383245907
+22383246017
+22383247496
+22383249440
+22383251336
+22383252097
+22383252151
+22383253383
+22383255377
+22383256147
+22383256918
+22383257193
+22383257810
+22383261198
+22383261517
+22383263220
+22383266647
+22383266926
+22383268764
+22383268775
+22383268900
+22383269381
+22383270991
+22383271245
+22383271303
+22383274301
+22383276882
+22383277487
+22383277496
+22383278073
+22383278454
+22383278639
+22383278812
+22383279087
+22383281082
+22383281542
+22383282168
+22383282193
+22383283668
+22383283693
+22383283958
+22383285569
+22383286139
+22383286638
+22383286742
+22383289470
+22383289706
+22383291548
+22383292283
+22383292586
+22383295406
+22383296068
+22383297609
+22383299417
+22383299557
+22383300262
+22383300349
+22383302276
+22383303055
+22383303807
+22383303864
+22383304589
+22383307846
+22383307970
+22383310266
+22383311936
+22383312488
+22383315965
+22383316397
+22383317369
+22383317521
+22383317824
+22383319203
+22383319828
+22383320615
+22383322175
+22383322521
+22383323050
+22383328077
+22383330912
+22383332965
+22383333365
+22383335384
+22383335409
+22383336802
+22383338002
+22383338364
+22383339675
+22383339856
+22383340349
+22383342775
+22383343684
+22383344641
+22383346753
+22383348952
+22383349102
+22383349185
+22383349281
+22383349426
+22383349500
+22383350345
+22383350706
+22383351114
+22383351250
+22383352999
+22383353295
+22383354657
+22383355401
+22383355594
+22383355720
+22383357002
+22383357465
+22383358174
+22383358324
+22383358428
+22383359345
+22383360429
+22383363354
+22383363491
+22383364510
+22383365237
+22383365554
+22383365630
+22383365824
+22383365943
+22383366991
+22383368184
+22383368823
+22383369072
+22383369460
+22383373026
+22383373328
+22383373418
+22383374315
+22383374519
+22383375348
+22383376206
+22383376253
+22383376255
+22383376906
+22383377246
+22383377707
+22383378019
+22383378755
+22383379055
+22383379066
+22383381114
+22383382676
+22383383197
+22383385577
+22383386062
+22383387015
+22383387378
+22383388105
+22383388240
+22383388284
+22383388807
+22383389588
+22383390686
+22383390722
+22383391116
+22383391621
+22383392625
+22383392890
+22383393814
+22383396558
+22383396903
+22383399162
+22383399785
+22383400884
+22383401602
+22383403643
+22383405008
+22383405257
+22383405510
+22383405744
+22383406619
+22383406904
+22383406982
+22383409765
+22383409888
+22383412566
+22383413623
+22383415443
+22383416051
+22383416364
+22383417412
+22383418910
+22383420153
+22383420845
+22383422541
+22383422790
+22383423326
+22383423411
+22383425037
+22383425694
+22383427344
+22383429263
+22383429714
+22383430782
+22383430863
+22383433063
+22383437139
+22383438163
+22383438178
+22383438198
+22383439539
+22383441162
+22383441248
+22383443451
+22383443674
+22383444410
+22383448454
+22383449845
+22383449930
+22383451053
+22383451582
+22383451748
+22383453184
+22383453538
+22383454342
+22383454748
+22383455632
+22383456809
+22383459286
+22383460688
+22383462976
+22383463210
+22383463419
+22383463640
+22383464099
+22383464212
+22383464429
+22383464516
+22383465802
+22383466413
+22383469681
+22383469734
+22383471511
+22383472648
+22383473394
+22383474633
+22383474958
+22383476639
+22383476798
+22383478466
+22383479858
+22383480189
+22383481030
+22383484011
+22383484226
+22383485533
+22383486486
+22383487135
+22383487215
+22383488752
+22383489087
+22383489422
+22383491101
+22383492178
+22383493041
+22383493733
+22383497165
+22383497244
+22383497597
+22383498273
+22383498853
+22383499969
+22383501462
+22383501565
+22383502401
+22383503988
+22383505215
+22383505916
+22383508733
+22383509524
+22383509894
+22383510793
+22383514021
+22383515531
+22383516011
+22383519086
+22383523963
+22383525556
+22383525599
+22383526407
+22383526586
+22383528619
+22383528677
+22383529101
+22383530793
+22383531202
+22383532656
+22383534027
+22383534367
+22383534845
+22383535622
+22383535702
+22383535926
+22383536222
+22383536641
+22383537094
+22383537164
+22383537548
+22383540072
+22383541239
+22383543037
+22383545446
+22383547036
+22383548046
+22383548127
+22383550343
+22383551001
+22383551204
+22383551221
+22383551865
+22383552088
+22383552962
+22383553875
+22383553909
+22383554163
+22383555619
+22383556126
+22383557044
+22383557238
+22383557600
+22383559681
+22383560467
+22383562149
+22383562397
+22383565343
+22383565887
+22383566520
+22383567286
+22383568785
+22383569538
+22383569602
+22383574239
+22383575807
+22383577228
+22383577833
+22383578151
+22383578183
+22383578449
+22383578993
+22383579430
+22383579961
+22383583332
+22383584597
+22383584791
+22383586088
+22383586158
+22383588480
+22383588843
+22383589681
+22383590683
+22383591181
+22383591797
+22383592799
+22383594849
+22383596201
+22383598283
+22383600735
+22383601660
+22383601792
+22383603835
+22383607182
+22383607419
+22383610379
+22383611387
+22383611572
+22383611826
+22383613449
+22383614027
+22383614352
+22383614708
+22383615796
+22383616240
+22383616326
+22383616344
+22383617853
+22383618157
+22383620065
+22383622219
+22383623154
+22383623435
+22383623523
+22383623687
+22383624057
+22383624446
+22383625292
+22383626504
+22383627901
+22383627949
+22383628378
+22383628399
+22383630175
+22383630425
+22383631127
+22383631365
+22383632498
+22383633337
+22383633986
+22383634581
+22383634611
+22383635314
+22383636591
+22383637094
+22383637319
+22383637982
+22383639148
+22383640206
+22383643342
+22383643711
+22383645037
+22383645831
+22383646657
+22383647127
+22383648555
+22383649062
+22383649715
+22383652433
+22383653152
+22383653749
+22383654192
+22383655884
+22383659114
+22383659241
+22383660407
+22383663143
+22383663266
+22383665353
+22383665575
+22383666307
+22383666401
+22383666998
+22383667803
+22383667939
+22383668220
+22383668430
+22383669029
+22383669651
+22383672293
+22383672554
+22383672788
+22383674169
+22383674176
+22383676751
+22383677037
+22383677236
+22383678318
+22383680473
+22383680564
+22383681827
+22383682812
+22383683685
+22383683995
+22383685172
+22383685924
+22383687512
+22383688885
+22383688907
+22383690031
+22383690451
+22383690835
+22383691045
+22383691088
+22383691444
+22383695963
+22383697108
+22383697184
+22383699411
+22383699773
+22383699833
+22383702633
+22383702852
+22383704109
+22383704213
+22383704637
+22383705028
+22383705304
+22383705368
+22383705717
+22383706712
+22383707213
+22383707559
+22383708839
+22383710743
+22383712447
+22383712931
+22383713550
+22383713948
+22383715960
+22383719234
+22383719906
+22383720206
+22383720500
+22383720849
+22383721419
+22383721681
+22383723851
+22383724055
+22383724229
+22383724241
+22383725747
+22383726250
+22383727917
+22383732076
+22383732377
+22383732665
+22383735103
+22383737224
+22383737962
+22383739179
+22383739188
+22383739221
+22383739922
+22383740106
+22383740784
+22383741236
+22383743297
+22383743805
+22383743922
+22383744452
+22383745442
+22383746491
+22383746576
+22383746789
+22383748147
+22383748321
+22383748477
+22383749013
+22383749325
+22383749403
+22383751756
+22383753609
+22383754515
+22383754609
+22383754830
+22383755118
+22383755328
+22383761627
+22383761984
+22383764138
+22383766749
+22383767074
+22383768016
+22383770366
+22383770703
+22383771374
+22383772014
+22383772088
+22383772504
+22383772594
+22383772788
+22383774447
+22383775097
+22383776434
+22383779242
+22383780388
+22383781076
+22383781404
+22383781542
+22383783367
+22383784833
+22383787897
+22383789448
+22383789932
+22383791202
+22383791365
+22383792025
+22383792376
+22383793501
+22383795225
+22383796475
+22383797147
+22383797165
+22383797761
+22383798185
+22383798409
+22383800642
+22383801400
+22383803868
+22383804601
+22383804675
+22383804902
+22383806456
+22383806703
+22383807307
+22383807998
+22383808335
+22383808814
+22383809693
+22383810904
+22383812093
+22383812660
+22383814035
+22383814231
+22383814306
+22383815820
+22383816911
+22383818523
+22383819088
+22383820222
+22383821114
+22383821456
+22383822892
+22383826155
+22383827709
+22383829160
+22383829712
+22383830195
+22383830307
+22383830913
+22383831651
+22383832833
+22383833082
+22383833394
+22383834495
+22383835263
+22383835829
+22383836696
+22383837294
+22383837944
+22383838366
+22383838961
+22383839955
+22383840213
+22383840537
+22383841319
+22383841393
+22383841420
+22383843058
+22383844649
+22383845025
+22383846704
+22383848027
+22383848965
+22383850132
+22383850632
+22383850870
+22383852949
+22383854016
+22383858375
+22383861550
+22383862903
+22383865115
+22383865506
+22383866273
+22383867730
+22383868238
+22383868682
+22383869377
+22383869399
+22383869803
+22383871152
+22383871169
+22383872583
+22383873205
+22383875982
+22383877530
+22383877553
+22383879132
+22383879763
+22383882568
+22383882611
+22383882663
+22383886093
+22383887148
+22383888291
+22383888591
+22383889558
+22383891350
+22383891415
+22383892602
+22383893916
+22383896140
+22383897065
+22383898485
+22383899524
+22383900711
+22383900765
+22383901172
+22383901377
+22383901400
+22383901859
+22383901953
+22383903494
+22383904353
+22383904889
+22383907989
+22383909384
+22383910034
+22383911799
+22383911994
+22383912232
+22383915208
+22383915983
+22383917309
+22383917317
+22383917932
+22383918781
+22383919007
+22383920225
+22383921339
+22383922889
+22383923424
+22383923855
+22383924581
+22383924664
+22383925070
+22383926069
+22383926447
+22383929487
+22383929994
+22383930313
+22383930354
+22383930437
+22383930943
+22383931858
+22383932046
+22383933391
+22383935546
+22383936174
+22383936925
+22383938428
+22383939747
+22383940803
+22383940856
+22383942031
+22383942541
+22383943199
+22383944151
+22383944657
+22383946030
+22383948266
+22383948336
+22383948904
+22383949989
+22383951266
+22383951435
+22383952667
+22383953088
+22383953783
+22383954368
+22383955856
+22383956266
+22383956375
+22383956563
+22383958223
+22383958505
+22383959254
+22383960999
+22383961856
+22383966134
+22383966234
+22383968848
+22383969094
+22383972279
+22383973160
+22383973315
+22383973463
+22383975896
+22383976446
+22383977408
+22383977679
+22383978953
+22383981697
+22383983851
+22383984042
+22383984887
+22383985185
+22383986360
+22383986478
+22383987051
+22383988267
+22383988848
+22383991376
+22383992996
+22383993676
+22383995448
+22383996889
+22383997207
+22383999091
+22383999567
+22384000080
+22384000107
+22384000191
+22384001692
+22384002308
+22384002603
+22384004651
+22384004705
+22384006658
+22384006703
+22384008450
+22384008760
+22384009335
+22384010245
+22384011141
+22384012754
+22384013995
+22384014760
+22384015072
+22384016316
+22384017916
+22384018580
+22384018942
+22384019144
+22384020440
+22384022803
+22384023237
+22384024023
+22384025830
+22384027832
+22384028069
+22384029011
+22384030241
+22384031608
+22384032191
+22384033454
+22384038240
+22384039632
+22384040829
+22384043472
+22384045125
+22384045837
+22384048427
+22384049631
+22384050266
+22384051342
+22384051542
+22384052064
+22384053185
+22384055682
+22384056261
+22384056273
+22384059139
+22384060135
+22384062489
+22384063819
+22384064022
+22384064159
+22384064354
+22384065907
+22384066577
+22384066699
+22384066768
+22384068475
+22384069137
+22384069447
+22384071980
+22384075246
+22384076097
+22384076434
+22384078085
+22384078874
+22384079243
+22384079699
+22384080474
+22384080927
+22384081937
+22384082886
+22384083826
+22384083985
+22384084229
+22384085010
+22384085118
+22384085626
+22384086603
+22384086697
+22384087092
+22384087294
+22384087390
+22384087862
+22384088294
+22384091574
+22384091936
+22384092418
+22384094567
+22384094705
+22384094951
+22384097139
+22384099823
+22384101284
+22384102348
+22384103347
+22384104271
+22384106131
+22384107232
+22384107974
+22384108532
+22384108691
+22384109055
+22384109645
+22384112744
+22384114701
+22384114797
+22384114842
+22384115109
+22384115548
+22384117098
+22384118079
+22384121392
+22384121965
+22384122555
+22384123201
+22384126047
+22384126434
+22384128647
+22384132333
+22384133181
+22384133741
+22384134228
+22384134263
+22384135219
+22384140995
+22384141103
+22384142194
+22384143209
+22384144475
+22384147444
+22384147482
+22384148876
+22384150055
+22384150699
+22384150918
+22384153407
+22384154045
+22384154334
+22384154480
+22384156126
+22384156257
+22384156527
+22384157263
+22384158542
+22384160586
+22384162052
+22384162340
+22384163641
+22384164426
+22384164479
+22384164832
+22384165052
+22384165220
+22384167356
+22384169383
+22384169980
+22384170885
+22384170955
+22384171022
+22384171945
+22384172297
+22384173368
+22384175737
+22384176619
+22384179000
+22384179312
+22384180874
+22384181178
+22384183890
+22384184513
+22384186483
+22384187466
+22384191411
+22384192032
+22384192286
+22384194920
+22384194969
+22384196074
+22384196192
+22384197296
+22384197466
+22384197840
+22384201638
+22384204092
+22384205437
+22384205531
+22384206335
+22384206368
+22384206386
+22384208611
+22384208811
+22384209057
+22384209080
+22384209084
+22384209918
+22384210680
+22384211806
+22384212189
+22384213755
+22384214097
+22384214408
+22384214818
+22384217422
+22384218355
+22384218428
+22384220323
+22384222098
+22384223024
+22384224525
+22384225635
+22384226840
+22384226892
+22384230165
+22384230383
+22384231753
+22384233510
+22384233927
+22384234070
+22384234849
+22384237113
+22384237994
+22384238450
+22384239643
+22384240470
+22384240509
+22384240814
+22384241345
+22384242417
+22384243492
+22384243684
+22384243872
+22384243942
+22384244380
+22384244565
+22384245650
+22384246245
+22384246657
+22384246801
+22384248654
+22384249404
+22384249547
+22384249658
+22384249806
+22384250679
+22384250709
+22384251970
+22384252002
+22384252128
+22384252513
+22384252739
+22384253238
+22384253374
+22384255299
+22384255401
+22384255604
+22384255953
+22384258149
+22384260347
+22384260718
+22384262732
+22384264102
+22384264752
+22384266236
+22384266454
+22384269620
+22384270179
+22384270709
+22384270986
+22384271200
+22384272396
+22384273335
+22384273358
+22384275145
+22384275171
+22384275477
+22384275488
+22384275561
+22384275770
+22384277774
+22384279012
+22384279804
+22384281114
+22384283552
+22384287041
+22384287691
+22384289703
+22384293102
+22384294889
+22384296373
+22384298154
+22384299160
+22384299714
+22384299827
+22384299963
+22384300611
+22384300838
+22384301055
+22384302821
+22384302923
+22384304900
+22384305099
+22384305211
+22384305887
+22384307435
+22384308486
+22384308732
+22384310815
+22384313594
+22384317510
+22384318013
+22384319738
+22384321241
+22384323265
+22384323808
+22384324459
+22384324942
+22384325154
+22384325423
+22384326355
+22384327731
+22384328240
+22384328990
+22384331021
+22384331840
+22384332508
+22384335052
+22384336697
+22384336780
+22384338592
+22384338847
+22384339781
+22384341130
+22384343244
+22384343286
+22384343351
+22384343638
+22384343653
+22384343742
+22384343894
+22384344935
+22384345205
+22384345516
+22384347327
+22384348119
+22384348306
+22384348901
+22384349123
+22384349873
+22384350045
+22384352443
+22384354643
+22384355234
+22384355442
+22384355574
+22384357002
+22384358827
+22384359195
+22384359218
+22384359276
+22384359777
+22384360347
+22384361654
+22384362212
+22384364785
+22384366834
+22384369160
+22384369562
+22384370034
+22384370839
+22384370874
+22384371095
+22384371703
+22384371738
+22384373405
+22384374063
+22384374483
+22384374783
+22384376371
+22384377104
+22384380926
+22384382212
+22384384240
+22384384412
+22384384656
+22384384884
+22384386643
+22384386825
+22384386927
+22384387224
+22384388586
+22384389561
+22384389934
+22384390022
+22384391816
+22384391913
+22384393013
+22384393740
+22384394011
+22384395119
+22384400302
+22384400335
+22384400678
+22384401044
+22384404177
+22384404654
+22384404982
+22384405337
+22384406272
+22384406489
+22384406757
+22384408464
+22384408762
+22384408891
+22384409100
+22384409211
+22384410633
+22384411048
+22384411230
+22384411569
+22384413225
+22384413902
+22384413950
+22384414017
+22384416007
+22384417350
+22384417431
+22384419099
+22384419587
+22384420830
+22384422318
+22384424945
+22384426275
+22384427011
+22384428771
+22384430358
+22384431284
+22384432150
+22384434726
+22384435347
+22384435395
+22384435976
+22384436539
+22384436568
+22384438106
+22384438190
+22384438306
+22384438847
+22384439211
+22384439776
+22384439970
+22384440393
+22384440825
+22384442845
+22384443204
+22384446663
+22384446756
+22384450390
+22384451851
+22384452519
+22384453571
+22384454297
+22384454532
+22384455038
+22384456111
+22384456589
+22384456700
+22384456754
+22384458700
+22384459647
+22384461539
+22384461965
+22384461978
+22384462417
+22384464364
+22384466450
+22384466944
+22384467877
+22384468449
+22384468680
+22384469966
+22384472433
+22384472463
+22384472651
+22384473364
+22384477925
+22384478309
+22384478518
+22384480755
+22384481176
+22384481262
+22384481629
+22384482716
+22384483405
+22384485326
+22384488639
+22384488660
+22384489006
+22384489803
+22384491148
+22384492731
+22384492791
+22384493270
+22384493381
+22384494155
+22384495544
+22384495617
+22384495809
+22384496550
+22384497263
+22384497542
+22384497769
+22384498142
+22384500863
+22384500875
+22384501712
+22384504641
+22384505107
+22384505310
+22384505695
+22384506248
+22384508388
+22384508883
+22384509598
+22384509893
+22384511325
+22384511620
+22384512473
+22384513442
+22384513549
+22384514373
+22384516563
+22384517594
+22384518699
+22384519849
+22384520225
+22384521136
+22384522633
+22384523290
+22384523521
+22384524439
+22384525215
+22384525509
+22384525734
+22384526542
+22384526571
+22384527132
+22384527310
+22384527598
+22384528041
+22384528786
+22384529953
+22384530352
+22384530571
+22384531118
+22384531203
+22384531281
+22384531855
+22384534538
+22384534934
+22384535189
+22384535612
+22384535813
+22384536883
+22384538814
+22384541636
+22384543578
+22384545909
+22384546402
+22384546524
+22384548452
+22384549581
+22384552532
+22384552944
+22384554116
+22384555887
+22384557662
+22384558631
+22384559414
+22384559544
+22384561642
+22384561715
+22384563224
+22384563452
+22384567086
+22384567538
+22384568214
+22384568595
+22384568864
+22384569205
+22384571179
+22384571822
+22384572473
+22384572571
+22384573533
+22384573537
+22384574641
+22384574787
+22384575249
+22384575780
+22384575828
+22384577455
+22384578099
+22384580376
+22384580746
+22384580764
+22384582705
+22384584508
+22384585350
+22384585682
+22384586269
+22384590741
+22384592454
+22384595693
+22384600046
+22384600749
+22384602358
+22384603926
+22384604296
+22384605004
+22384605846
+22384609309
+22384609663
+22384612404
+22384612728
+22384615401
+22384615990
+22384616147
+22384617265
+22384618240
+22384619123
+22384620556
+22384621101
+22384622461
+22384623769
+22384624879
+22384625815
+22384625908
+22384626376
+22384627223
+22384631256
+22384631865
+22384632803
+22384633231
+22384633779
+22384634649
+22384636813
+22384637829
+22384639759
+22384641487
+22384642752
+22384643523
+22384644765
+22384645122
+22384645717
+22384646341
+22384647223
+22384647651
+22384648110
+22384648273
+22384648439
+22384648600
+22384649365
+22384649637
+22384650293
+22384650810
+22384651679
+22384652397
+22384653307
+22384654250
+22384655686
+22384656752
+22384658329
+22384660151
+22384660181
+22384660575
+22384660649
+22384661096
+22384661289
+22384661295
+22384663423
+22384664359
+22384665810
+22384666061
+22384666350
+22384666541
+22384666793
+22384668458
+22384669278
+22384670756
+22384671068
+22384672052
+22384676010
+22384676371
+22384677804
+22384678200
+22384678300
+22384679372
+22384681058
+22384683075
+22384685043
+22384686305
+22384686605
+22384688654
+22384689229
+22384690428
+22384691941
+22384691960
+22384693016
+22384693742
+22384697010
+22384697210
+22384698331
+22384700750
+22384703122
+22384703472
+22384707143
+22384709206
+22384709600
+22384711480
+22384712282
+22384712300
+22384712316
+22384713261
+22384715718
+22384715899
+22384716818
+22384716894
+22384717026
+22384717097
+22384717266
+22384718096
+22384719769
+22384721104
+22384721408
+22384721833
+22384721869
+22384722991
+22384728623
+22384728733
+22384729997
+22384730580
+22384732090
+22384733596
+22384734544
+22384734651
+22384735117
+22384736644
+22384739061
+22384739139
+22384739818
+22384744311
+22384744904
+22384745599
+22384745817
+22384746222
+22384747123
+22384747552
+22384748832
+22384749239
+22384750974
+22384751406
+22384753139
+22384754099
+22384755736
+22384758472
+22384760170
+22384761341
+22384761347
+22384762540
+22384765935
+22384766454
+22384768000
+22384768308
+22384769074
+22384771687
+22384771815
+22384772051
+22384772091
+22384773824
+22384774017
+22384774163
+22384774591
+22384775383
+22384775412
+22384775557
+22384776039
+22384776402
+22384777061
+22384777326
+22384778972
+22384780748
+22384780846
+22384783924
+22384785095
+22384785268
+22384788844
+22384789342
+22384790755
+22384793367
+22384793452
+22384793875
+22384794138
+22384794157
+22384794240
+22384794299
+22384794728
+22384794818
+22384795360
+22384795828
+22384795853
+22384796418
+22384797867
+22384799642
+22384800981
+22384802204
+22384803164
+22384805438
+22384805447
+22384807218
+22384807301
+22384807448
+22384807963
+22384808189
+22384808432
+22384808475
+22384809995
+22384811570
+22384812667
+22384814038
+22384814798
+22384815496
+22384816970
+22384818838
+22384821233
+22384821498
+22384821636
+22384821693
+22384822216
+22384822966
+22384824178
+22384825110
+22384825633
+22384826713
+22384827414
+22384827756
+22384829957
+22384830123
+22384830500
+22384831764
+22384832674
+22384832842
+22384832910
+22384833988
+22384834565
+22384837439
+22384838759
+22384838872
+22384839662
+22384839765
+22384840273
+22384841860
+22384841906
+22384843306
+22384843892
+22384844820
+22384850331
+22384852019
+22384852451
+22384852819
+22384853373
+22384857743
+22384857929
+22384857982
+22384858670
+22384859397
+22384859907
+22384861284
+22384862939
+22384863493
+22384863998
+22384864011
+22384864958
+22384865336
+22384865702
+22384866001
+22384866920
+22384867548
+22384867779
+22384868591
+22384869306
+22384873092
+22384874079
+22384874473
+22384875346
+22384876111
+22384876822
+22384878119
+22384878730
+22384879047
+22384879131
+22384880287
+22384880992
+22384882270
+22384882393
+22384882592
+22384886244
+22384886467
+22384886622
+22384887253
+22384887787
+22384888148
+22384888906
+22384889758
+22384890164
+22384890983
+22384891785
+22384892640
+22384894194
+22384897351
+22384898473
+22384900575
+22384902599
+22384904345
+22384904703
+22384905506
+22384907981
+22384907995
+22384909609
+22384911659
+22384911872
+22384913986
+22384915355
+22384915439
+22384915500
+22384915859
+22384915934
+22384918924
+22384927953
+22384928287
+22384928357
+22384929417
+22384929743
+22384930221
+22384930333
+22384930412
+22384930418
+22384930718
+22384931162
+22384931242
+22384931245
+22384931706
+22384932482
+22384932642
+22384932674
+22384932810
+22384933090
+22384935931
+22384938841
+22384939318
+22384939350
+22384940628
+22384941787
+22384942245
+22384942548
+22384943018
+22384943299
+22384946090
+22384946875
+22384947000
+22384947808
+22384949678
+22384949789
+22384949935
+22384953669
+22384953969
+22384953971
+22384954014
+22384955082
+22384956449
+22384956921
+22384957945
+22384958039
+22384959834
+22384960065
+22384960426
+22384961512
+22384961752
+22384962988
+22384963640
+22384966437
+22384967458
+22384967910
+22384967946
+22384967982
+22384971795
+22384972132
+22384974498
+22384975219
+22384976080
+22384977355
+22384977662
+22384978707
+22384979778
+22384980184
+22384980605
+22384980625
+22384981241
+22384982655
+22384983099
+22384983251
+22384983773
+22384985161
+22384987759
+22384988272
+22384988472
+22384988693
+22384991244
+22384992547
+22384992779
+22384992816
+22384993360
+22384994090
+22384995604
+22384995947
+22384997381
+22384998832
+22384999487
+22385002166
+22385002422
+22385003745
+22385004107
+22385004715
+22385007783
+22385014485
+22385014905
+22385015602
+22385016455
+22385017561
+22385018465
+22385019818
+22385022019
+22385024134
+22385024815
+22385030947
+22385036002
+22385038093
+22385038139
+22385038688
+22385040410
+22385040573
+22385040760
+22385043726
+22385044959
+22385045110
+22385048679
+22385048821
+22385054299
+22385056922
+22385060966
+22385061375
+22385062655
+22385064090
+22385064273
+22385064323
+22385064946
+22385068676
+22385070023
+22385070046
+22385073253
+22385077916
+22385079318
+22385079823
+22385080827
+22385082026
+22385095612
+22385096079
+22385096253
+22385100811
+22385101467
+22385106570
+22385112330
+22385112374
+22385115330
+22385117453
+22385118281
+22385119081
+22385120647
+22385121842
+22385124051
+22385124208
+22385125100
+22385125459
+22385126403
+22385127166
+22385128091
+22385130462
+22385133505
+22385134787
+22385137854
+22385138312
+22385140471
+22385142982
+22385149926
+22385153308
+22385155555
+22385158205
+22385160809
+22385160908
+22385161349
+22385167015
+22385167888
+22385168328
+22385169074
+22385170041
+22385170754
+22385179123
+22385185090
+22385192760
+22385193958
+22385199128
+22385199602
+22385202269
+22385202486
+22385202915
+22385204673
+22385205144
+22385206159
+22385206719
+22385207547
+22385207659
+22385208798
+22385209488
+22385210374
+22385212531
+22385212935
+22385212981
+22385213816
+22385215446
+22385218349
+22385219490
+22385222817
+22385226095
+22385226721
+22385227107
+22385231393
+22385231708
+22385234311
+22385235253
+22385238878
+22385241036
+22385242845
+22385243011
+22385244551
+22385244832
+22385245001
+22385245586
+22385247649
+22385248393
+22385248862
+22385253068
+22385254560
+22385254992
+22385256998
+22385258985
+22385259791
+22385260034
+22385260682
+22385261201
+22385261872
+22385262123
+22385262767
+22385263857
+22385264060
+22385264855
+22385265310
+22385269920
+22385270620
+22385273239
+22385274678
+22385276716
+22385277467
+22385277713
+22385279605
+22385280684
+22385281887
+22385282380
+22385282443
+22385283745
+22385288337
+22385290023
+22385292516
+22385295694
+22385297247
+22385297896
+22385298160
+22385301489
+22385301682
+22385303307
+22385304870
+22385304926
+22385308818
+22385308845
+22385313060
+22385313825
+22385314448
+22385317355
+22385319099
+22385320021
+22385326254
+22385327016
+22385327056
+22385327404
+22385327798
+22385328675
+22385333385
+22385333522
+22385333818
+22385335322
+22385335946
+22385336738
+22385337783
+22385338978
+22385341535
+22385342393
+22385351416
+22385352888
+22385352917
+22385357306
+22385357566
+22385357941
+22385358539
+22385358675
+22385359099
+22385361497
+22385366963
+22385368132
+22385368713
+22385369086
+22385371189
+22385371448
+22385371921
+22385372784
+22385372888
+22385374144
+22385376119
+22385378304
+22385381217
+22385382046
+22385382132
+22385383170
+22385384885
+22385386286
+22385387954
+22385388045
+22385388674
+22385388818
+22385393733
+22385393961
+22385396049
+22385398565
+22385407454
+22385407771
+22385409945
+22385411731
+22385414633
+22385416628
+22385417201
+22385420644
+22385422116
+22385422724
+22385422976
+22385424178
+22385424255
+22385428276
+22385429280
+22385429738
+22385430690
+22385435986
+22385447467
+22385448836
+22385453839
+22385469561
+22385473173
+22385474372
+22385476556
+22385478789
+22385484113
+22385486394
+22385487273
+22385490152
+22385491401
+22385491683
+22385492456
+22385493005
+22385493183
+22385499377
+22390000068
+22390000186
+22390001232
+22390002265
+22390002661
+22390002788
+22390003020
+22390003730
+22390005170
+22390005363
+22390005569
+22390005631
+22390006432
+22390006660
+22390006774
+22390006855
+22390007167
+22390007388
+22390007507
+22390007996
+22390008033
+22390008305
+22390008484
+22390011450
+22390012385
+22390013330
+22390014757
+22390017414
+22390019019
+22390019290
+22390019436
+22390019580
+22390019708
+22390019791
+22390019896
+22390019918
+22390020391
+22390020396
+22390022372
+22390024507
+22390027055
+22390027334
+22390027606
+22390029075
+22390030714
+22390033985
+22390035283
+22390035777
+22390037618
+22390037784
+22390039511
+22390039549
+22390041011
+22390041157
+22390041569
+22390043294
+22390043650
+22390045216
+22390045800
+22390046800
+22390047704
+22390048399
+22390049270
+22390049853
+22390049903
+22390053137
+22390055841
+22390056658
+22390057898
+22390060874
+22390062117
+22390064210
+22390064330
+22390066519
+22390066581
+22390066656
+22390067256
+22390067457
+22390068877
+22390069522
+22390069683
+22390069736
+22390070870
+22390071124
+22390072780
+22390073528
+22390073735
+22390073913
+22390075638
+22390077016
+22390077786
+22390079345
+22390079356
+22390083070
+22390086458
+22390086519
+22390088130
+22390088166
+22390088898
+22390090258
+22390091241
+22390094293
+22390097632
+22390099082
+22390099385
+22390100735
+22390101857
+22390102122
+22390102204
+22390102221
+22390106392
+22390106880
+22390107622
+22390112254
+22390112710
+22390115129
+22390115277
+22390116848
+22390116984
+22390117478
+22390117601
+22390117729
+22390118040
+22390118049
+22390118457
+22390119510
+22390119581
+22390119597
+22390119779
+22390119979
+22390121241
+22390121991
+22390122833
+22390122953
+22390123197
+22390123532
+22390125268
+22390126431
+22390126528
+22390127298
+22390128362
+22390128883
+22390129069
+22390130133
+22390135676
+22390135946
+22390137119
+22390137632
+22390138148
+22390139598
+22390139985
+22390140066
+22390142252
+22390142754
+22390144747
+22390145921
+22390146825
+22390147721
+22390147797
+22390148042
+22390148095
+22390148170
+22390150026
+22390150059
+22390150935
+22390151123
+22390151718
+22390152356
+22390152913
+22390153514
+22390153644
+22390155891
+22390156346
+22390156625
+22390157096
+22390157698
+22390159856
+22390160969
+22390161294
+22390161745
+22390162208
+22390162285
+22390166550
+22390166955
+22390168322
+22390169655
+22390169996
+22390174367
+22390175377
+22390175856
+22390176329
+22390176509
+22390177192
+22390177786
+22390180175
+22390180375
+22390181612
+22390181888
+22390182849
+22390183092
+22390183868
+22390184150
+22390184152
+22390185312
+22390185357
+22390186480
+22390187120
+22390188530
+22390189302
+22390190875
+22390190949
+22390193892
+22390195002
+22390195875
+22390196693
+22390197035
+22390198360
+22390199428
+22390199614
+22390199745
+22390201166
+22390201408
+22390202104
+22390203584
+22390204214
+22390206088
+22390206925
+22390207141
+22390207845
+22390208243
+22390208676
+22390209572
+22390209867
+22390209960
+22390210122
+22390210305
+22390210325
+22390210394
+22390210603
+22390210730
+22390210968
+22390211756
+22390211853
+22390212115
+22390212136
+22390212395
+22390213200
+22390214425
+22390215857
+22390216202
+22390217845
+22390218123
+22390218986
+22390219950
+22390220927
+22390221957
+22390222715
+22390223266
+22390224151
+22390224347
+22390224469
+22390225272
+22390226480
+22390226981
+22390227640
+22390228355
+22390229346
+22390229400
+22390229925
+22390232421
+22390232678
+22390233038
+22390233142
+22390234672
+22390234856
+22390235491
+22390235952
+22390236850
+22390238090
+22390238457
+22390238685
+22390239110
+22390240492
+22390243533
+22390244753
+22390245569
+22390245587
+22390246999
+22390249378
+22390249466
+22390249730
+22390252054
+22390252137
+22390253576
+22390253978
+22390255801
+22390255893
+22390256758
+22390257869
+22390259020
+22390259861
+22390260236
+22390261377
+22390262090
+22390263211
+22390263809
+22390264254
+22390264375
+22390264438
+22390265263
+22390265539
+22390265967
+22390266251
+22390266522
+22390266989
+22390267788
+22390268066
+22390270260
+22390270612
+22390271216
+22390275173
+22390279435
+22390280001
+22390280302
+22390280388
+22390281290
+22390282378
+22390282855
+22390282926
+22390284430
+22390285423
+22390288359
+22390289904
+22390290066
+22390291597
+22390291920
+22390292910
+22390293866
+22390297753
+22390298943
+22390300067
+22390300190
+22390305361
+22390305974
+22390306527
+22390306712
+22390307326
+22390309072
+22390309884
+22390310493
+22390310552
+22390310797
+22390313814
+22390313928
+22390315576
+22390315994
+22390316069
+22390316842
+22390319850
+22390320144
+22390320996
+22390321289
+22390321963
+22390322460
+22390323416
+22390326842
+22390327509
+22390334795
+22390335028
+22390336605
+22390337009
+22390337111
+22390337760
+22390337912
+22390338612
+22390339312
+22390339960
+22390341254
+22390342001
+22390343247
+22390343387
+22390344270
+22390344319
+22390344506
+22390344866
+22390347076
+22390347094
+22390349700
+22390352095
+22390352802
+22390353067
+22390354506
+22390355169
+22390355248
+22390355924
+22390356952
+22390357319
+22390361137
+22390363248
+22390364045
+22390364266
+22390364894
+22390364968
+22390365112
+22390365462
+22390366479
+22390367706
+22390368444
+22390369965
+22390372317
+22390373718
+22390374246
+22390375005
+22390377621
+22390378125
+22390378176
+22390380370
+22390382844
+22390383545
+22390387247
+22390387314
+22390388547
+22390389093
+22390389394
+22390389846
+22390390979
+22390391325
+22390391893
+22390392495
+22390395667
+22390396252
+22390396359
+22390396763
+22390397033
+22390397201
+22390397249
+22390397856
+22390397884
+22390398132
+22390398808
+22390400963
+22390401022
+22390403828
+22390404578
+22390405332
+22390405897
+22390406651
+22390409671
+22390410628
+22390411971
+22390412332
+22390413752
+22390413962
+22390415228
+22390415676
+22390416155
+22390418823
+22390418859
+22390419620
+22390419947
+22390421022
+22390422095
+22390424268
+22390424278
+22390424957
+22390428088
+22390428634
+22390430096
+22390430271
+22390431771
+22390433292
+22390433899
+22390434905
+22390437808
+22390438712
+22390439359
+22390440879
+22390441618
+22390442137
+22390443461
+22390443863
+22390444801
+22390447057
+22390448269
+22390448677
+22390450169
+22390450630
+22390451784
+22390452724
+22390452948
+22390453002
+22390453171
+22390454698
+22390455172
+22390456390
+22390456664
+22390456806
+22390457962
+22390457988
+22390458128
+22390458879
+22390459767
+22390462378
+22390463109
+22390463917
+22390466410
+22390470015
+22390470110
+22390471595
+22390472989
+22390473057
+22390473449
+22390475342
+22390475588
+22390475781
+22390476866
+22390477662
+22390477932
+22390480775
+22390481240
+22390481250
+22390483354
+22390483453
+22390484571
+22390484655
+22390486320
+22390488404
+22390488750
+22390489066
+22390489424
+22390491346
+22390491837
+22390495162
+22390495192
+22390496321
+22390498483
+22390499183
+22390502003
+22390502924
+22390503429
+22390503835
+22390503944
+22390504660
+22390506378
+22390506468
+22390506764
+22390507678
+22390509870
+22390509905
+22390513230
+22390514019
+22390514958
+22390515437
+22390515966
+22390516548
+22390516655
+22390517389
+22390518578
+22390518639
+22390519561
+22390520059
+22390520455
+22390520468
+22390520508
+22390521872
+22390523228
+22390524614
+22390524824
+22390525614
+22390527307
+22390529532
+22390530234
+22390532536
+22390532669
+22390532789
+22390532881
+22390533213
+22390534635
+22390534657
+22390538382
+22390539090
+22390540676
+22390541202
+22390542913
+22390543520
+22390543797
+22390545391
+22390545481
+22390546113
+22390546596
+22390546783
+22390547877
+22390549575
+22390554818
+22390555667
+22390556644
+22390558937
+22390560134
+22390561155
+22390561966
+22390562910
+22390563557
+22390564956
+22390566096
+22390567211
+22390567222
+22390567760
+22390568465
+22390569557
+22390570826
+22390571523
+22390573016
+22390573882
+22390575666
+22390576190
+22390577314
+22390578053
+22390578844
+22390578926
+22390579074
+22390580039
+22390580181
+22390581032
+22390581480
+22390582868
+22390583822
+22390583884
+22390585371
+22390588734
+22390589467
+22390590058
+22390590299
+22390591203
+22390591965
+22390592556
+22390592910
+22390594791
+22390596255
+22390596890
+22390597453
+22390598045
+22390598245
+22390598788
+22390602162
+22390602736
+22390603244
+22390604374
+22390604456
+22390605823
+22390606079
+22390608046
+22390608600
+22390608729
+22390608925
+22390609190
+22390609583
+22390609879
+22390609914
+22390610456
+22390610589
+22390611421
+22390611947
+22390612359
+22390613385
+22390613790
+22390614103
+22390614688
+22390614821
+22390616576
+22390616967
+22390617498
+22390619252
+22390622325
+22390622508
+22390622610
+22390622617
+22390623810
+22390624239
+22390625066
+22390625733
+22390625882
+22390626691
+22390626803
+22390627854
+22390628188
+22390629361
+22390629864
+22390630491
+22390630734
+22390630744
+22390631774
+22390633914
+22390634295
+22390634602
+22390635206
+22390636210
+22390636694
+22390638338
+22390639335
+22390639579
+22390640987
+22390641141
+22390641649
+22390641774
+22390642812
+22390646456
+22390648089
+22390648268
+22390649674
+22390650639
+22390650786
+22390651382
+22390652028
+22390652248
+22390652696
+22390655220
+22390656529
+22390656780
+22390657348
+22390657859
+22390657920
+22390658085
+22390658645
+22390658987
+22390660233
+22390661370
+22390661960
+22390662010
+22390663452
+22390663698
+22390664864
+22390664877
+22390665203
+22390665571
+22390666205
+22390667840
+22390668218
+22390668885
+22390670448
+22390670694
+22390670913
+22390672777
+22390674955
+22390676552
+22390677379
+22390679166
+22390679455
+22390681482
+22390681966
+22390683136
+22390684431
+22390684836
+22390686526
+22390689607
+22390691573
+22390692743
+22390694532
+22390697065
+22390697614
+22390698318
+22390698683
+22390698859
+22390698914
+22390699091
+22390703514
+22390704082
+22390704640
+22390706116
+22390707093
+22390709695
+22390710687
+22390711356
+22390713039
+22390713347
+22390715882
+22390716710
+22390717111
+22390717319
+22390718117
+22390718338
+22390719072
+22390719212
+22390720086
+22390721341
+22390722952
+22390723398
+22390724517
+22390727537
+22390727548
+22390727918
+22390730861
+22390731323
+22390731467
+22390734712
+22390736047
+22390736127
+22390736875
+22390737303
+22390739854
+22390740948
+22390741204
+22390742322
+22390742632
+22390746988
+22390748070
+22390748750
+22390748804
+22390749434
+22390750663
+22390750761
+22390751027
+22390752546
+22390752668
+22390753323
+22390753759
+22390753954
+22390755393
+22390755624
+22390755699
+22390755710
+22390756572
+22390756905
+22390757162
+22390758351
+22390758641
+22390759144
+22390760227
+22390760982
+22390762903
+22390763367
+22390764371
+22390766035
+22390766737
+22390768528
+22390771829
+22390772062
+22390772535
+22390773161
+22390774448
+22390776079
+22390777835
+22390778121
+22390778660
+22390779030
+22390779487
+22390779690
+22390780555
+22390783244
+22390784344
+22390784377
+22390787886
+22390789087
+22390790430
+22390791992
+22390792127
+22390792638
+22390792713
+22390793162
+22390794235
+22390794310
+22390794761
+22390794971
+22390795021
+22390795333
+22390795873
+22390796954
+22390797932
+22390798603
+22390799770
+22390800111
+22390800758
+22390802193
+22390802206
+22390802479
+22390802658
+22390802688
+22390802812
+22390804217
+22390805035
+22390805768
+22390806906
+22390807208
+22390808177
+22390810108
+22390811569
+22390812085
+22390812614
+22390813174
+22390816717
+22390816945
+22390820183
+22390821119
+22390824769
+22390824996
+22390826031
+22390826719
+22390827081
+22390827136
+22390827433
+22390827893
+22390828073
+22390829171
+22390829913
+22390830227
+22390832228
+22390832337
+22390832805
+22390835846
+22390836672
+22390839053
+22390839758
+22390840131
+22390840361
+22390840827
+22390840907
+22390841355
+22390842532
+22390842923
+22390843726
+22390844470
+22390845244
+22390846540
+22390847530
+22390852107
+22390852182
+22390855476
+22390856631
+22390857680
+22390858544
+22390858848
+22390859095
+22390860258
+22390860765
+22390864248
+22390864891
+22390866390
+22390866906
+22390868808
+22390869324
+22390869375
+22390870160
+22390870319
+22390870985
+22390871806
+22390872506
+22390873167
+22390874692
+22390875130
+22390875904
+22390875909
+22390876867
+22390877365
+22390878025
+22390878695
+22390879093
+22390883367
+22390884352
+22390884556
+22390885272
+22390888751
+22390889522
+22390889777
+22390889919
+22390890122
+22390890867
+22390891415
+22390892412
+22390892555
+22390893683
+22390893862
+22390894156
+22390894308
+22390894895
+22390896136
+22390898389
+22390898765
+22390900949
+22390901224
+22390903445
+22390904159
+22390905179
+22390905332
+22390905403
+22390906137
+22390906191
+22390906212
+22390906376
+22390907425
+22390907639
+22390907757
+22390907955
+22390907965
+22390908340
+22390908349
+22390908483
+22390908486
+22390908573
+22390909011
+22390910309
+22390910434
+22390911135
+22390911666
+22390912425
+22390912533
+22390913461
+22390913600
+22390913949
+22390914336
+22390914686
+22390914801
+22390917430
+22390917577
+22390918672
+22390919022
+22390919511
+22390920646
+22390921173
+22390921432
+22390922052
+22390923177
+22390923726
+22390924510
+22390925795
+22390926129
+22390926535
+22390926796
+22390928685
+22390932378
+22390933897
+22390934138
+22390934305
+22390934344
+22390936490
+22390936504
+22390936539
+22390937716
+22390939463
+22390942177
+22390943918
+22390945051
+22390945086
+22390945111
+22390945222
+22390945416
+22390946495
+22390948353
+22390949102
+22390949957
+22390952906
+22390955889
+22390956137
+22390957181
+22390957213
+22390958909
+22390959487
+22390959577
+22390959690
+22390959932
+22390962634
+22390964406
+22390965420
+22390965792
+22390966525
+22390967054
+22390968680
+22390972127
+22390972861
+22390972963
+22390973233
+22390974351
+22390975471
+22390975510
+22390975613
+22390975704
+22390976437
+22390976822
+22390978106
+22390978886
+22390978946
+22390979162
+22390979481
+22390979545
+22390980324
+22390980694
+22390981236
+22390982616
+22390984281
+22390985389
+22390985539
+22390987680
+22390988180
+22390988669
+22390989062
+22390989500
+22390989647
+22390991585
+22390991711
+22390992155
+22390992524
+22390992897
+22390993092
+22390993771
+22390994240
+22390994530
+22390994882
+22390994962
+22390995636
+22390996293
+22390997483
+22390997966
+22390998190
+22390998654
+22390998725
+22391000280
+22391002591
+22391003316
+22391003404
+22391003936
+22391004048
+22391004199
+22391004860
+22391006549
+22391006906
+22391007250
+22391007946
+22391008444
+22391008624
+22391009068
+22391010617
+22391011114
+22391012085
+22391012297
+22391012730
+22391014142
+22391014427
+22391014666
+22391015148
+22391015720
+22391016051
+22391016078
+22391016975
+22391017199
+22391019089
+22391020020
+22391020356
+22391021958
+22391022389
+22391022742
+22391022768
+22391023806
+22391024103
+22391024322
+22391024933
+22391025146
+22391026811
+22391027589
+22391027940
+22391028093
+22391028619
+22391028998
+22391029429
+22391029642
+22391029700
+22391029710
+22391029957
+22391030441
+22391031568
+22391034733
+22391035036
+22391037375
+22391037520
+22391037578
+22391039034
+22391039061
+22391039156
+22391040092
+22391040102
+22391040685
+22391042152
+22391043234
+22391043748
+22391044757
+22391046338
+22391046909
+22391047126
+22391048019
+22391048745
+22391050832
+22391051488
+22391053267
+22391053499
+22391055144
+22391055499
+22391055637
+22391056973
+22391058419
+22391059478
+22391059791
+22391059820
+22391060321
+22391062792
+22391062833
+22391064414
+22391064438
+22391066998
+22391067362
+22391068532
+22391068733
+22391070237
+22391071557
+22391073094
+22391073571
+22391073958
+22391075909
+22391076468
+22391077610
+22391077851
+22391079218
+22391080157
+22391080357
+22391080942
+22391081357
+22391081832
+22391082163
+22391082188
+22391082235
+22391082460
+22391082563
+22391082918
+22391083406
+22391084022
+22391084287
+22391084774
+22391085604
+22391086024
+22391086715
+22391087600
+22391091251
+22391091517
+22391091671
+22391092210
+22391092295
+22391092840
+22391094459
+22391094633
+22391095247
+22391097668
+22391099027
+22391099619
+22391100365
+22391100555
+22391100896
+22391101075
+22391101487
+22391102156
+22391103195
+22391104702
+22391106809
+22391107087
+22391108935
+22391110216
+22391111278
+22391111405
+22391112126
+22391112469
+22391115248
+22391116284
+22391116310
+22391117412
+22391117439
+22391118970
+22391119188
+22391119408
+22391120899
+22391121251
+22391121308
+22391123638
+22391124818
+22391125017
+22391126715
+22391128403
+22391128782
+22391129522
+22391129911
+22391131151
+22391131260
+22391133299
+22391133550
+22391134116
+22391134924
+22391134951
+22391135022
+22391135780
+22391136258
+22391137305
+22391137396
+22391138019
+22391138087
+22391139329
+22391140648
+22391141015
+22391142462
+22391142485
+22391142545
+22391145124
+22391145276
+22391147682
+22391148659
+22391148891
+22391151247
+22391151564
+22391151644
+22391153311
+22391154021
+22391154740
+22391155176
+22391155304
+22391156058
+22391157984
+22391158501
+22391159703
+22391159894
+22391160453
+22391160528
+22391162951
+22391162979
+22391166451
+22391166526
+22391167009
+22391171484
+22391172400
+22391175957
+22391177219
+22391177406
+22391179419
+22391179760
+22391179866
+22391180336
+22391181613
+22391182457
+22391183791
+22391184402
+22391186305
+22391189465
+22391189949
+22391190389
+22391191361
+22391192751
+22391193257
+22391193285
+22391193423
+22391194508
+22391196521
+22391197301
+22391197653
+22391197707
+22391197852
+22391200248
+22391204017
+22391204605
+22391205205
+22391206719
+22391206815
+22391207196
+22391207722
+22391209929
+22391213743
+22391213841
+22391215230
+22391216791
+22391219902
+22391221297
+22391222071
+22391222306
+22391224584
+22391224680
+22391224817
+22391224943
+22391225198
+22391225201
+22391226778
+22391227336
+22391228260
+22391228299
+22391229296
+22391229454
+22391230422
+22391230922
+22391233806
+22391235074
+22391235912
+22391237214
+22391238298
+22391239704
+22391239789
+22391241245
+22391241843
+22391242761
+22391243476
+22391246519
+22391246750
+22391248710
+22391248751
+22391249687
+22391249728
+22391249833
+22391250252
+22391250334
+22391250424
+22391251160
+22391254139
+22391254329
+22391255017
+22391255609
+22391256156
+22391256527
+22391257094
+22391257632
+22391258159
+22391258570
+22391258610
+22391258800
+22391258808
+22391259270
+22391261182
+22391262028
+22391262112
+22391264845
+22391265776
+22391266614
+22391267552
+22391268953
+22391269587
+22391269941
+22391270106
+22391270259
+22391272238
+22391274397
+22391274723
+22391275385
+22391275488
+22391277889
+22391278426
+22391279233
+22391279303
+22391279513
+22391280295
+22391280412
+22391281140
+22391283409
+22391283429
+22391284447
+22391285239
+22391286359
+22391286374
+22391287123
+22391287610
+22391289204
+22391291781
+22391292205
+22391292265
+22391292934
+22391294342
+22391294578
+22391296065
+22391296906
+22391297053
+22391297206
+22391299242
+22391301078
+22391301185
+22391302820
+22391303528
+22391304843
+22391304844
+22391305676
+22391306477
+22391308019
+22391308575
+22391308694
+22391309641
+22391311493
+22391315459
+22391315495
+22391315718
+22391317324
+22391318509
+22391319102
+22391319227
+22391319246
+22391320034
+22391320941
+22391322560
+22391324281
+22391325260
+22391326201
+22391327138
+22391327241
+22391328399
+22391328885
+22391330220
+22391330260
+22391333693
+22391334431
+22391334994
+22391335513
+22391335544
+22391337248
+22391338623
+22391339728
+22391340898
+22391340972
+22391341885
+22391342383
+22391342675
+22391342755
+22391342916
+22391343329
+22391343560
+22391343807
+22391343919
+22391343966
+22391346802
+22391346871
+22391347516
+22391349532
+22391350863
+22391351392
+22391352496
+22391353067
+22391353964
+22391355457
+22391355619
+22391356560
+22391356787
+22391357158
+22391357485
+22391357899
+22391357919
+22391358374
+22391359240
+22391359267
+22391359377
+22391359421
+22391359691
+22391359755
+22391359981
+22391361779
+22391362310
+22391362566
+22391362608
+22391363466
+22391365660
+22391366306
+22391368219
+22391368548
+22391369841
+22391370093
+22391370830
+22391370898
+22391371896
+22391372650
+22391373863
+22391374502
+22391376876
+22391377114
+22391377797
+22391378250
+22391378481
+22391382302
+22391383466
+22391383928
+22391385609
+22391386144
+22391386341
+22391388613
+22391389716
+22391389863
+22391390205
+22391391281
+22391391496
+22391394181
+22391394214
+22391394475
+22391394519
+22391395143
+22391395564
+22391396494
+22391396667
+22391397124
+22391397549
+22391397666
+22391398694
+22391398774
+22391399555
+22391401128
+22391401190
+22391401365
+22391401470
+22391401565
+22391401733
+22391402377
+22391403661
+22391404349
+22391404552
+22391405749
+22391407782
+22391408201
+22391408493
+22391409729
+22391410350
+22391410578
+22391410588
+22391411312
+22391411974
+22391412114
+22391412770
+22391413087
+22391414128
+22391414208
+22391414233
+22391414294
+22391414406
+22391414423
+22391414465
+22391415029
+22391415183
+22391415308
+22391416016
+22391416072
+22391417082
+22391417619
+22391417677
+22391417708
+22391417803
+22391418026
+22391419408
+22391420326
+22391422816
+22391423192
+22391424418
+22391424647
+22391425074
+22391425256
+22391426319
+22391427797
+22391428647
+22391429717
+22391431621
+22391432126
+22391432586
+22391433209
+22391435570
+22391435774
+22391435997
+22391437515
+22391438468
+22391439359
+22391440206
+22391440491
+22391440869
+22391443518
+22391443665
+22391444374
+22391445404
+22391447482
+22391449774
+22391450051
+22391450309
+22391450346
+22391450957
+22391451477
+22391453806
+22391454297
+22391454515
+22391455083
+22391456533
+22391456889
+22391458640
+22391458835
+22391459581
+22391461393
+22391462019
+22391462442
+22391462865
+22391464474
+22391464574
+22391465610
+22391466983
+22391467001
+22391467221
+22391467953
+22391468954
+22391471095
+22391471294
+22391472850
+22391473839
+22391476905
+22391477030
+22391478900
+22391479596
+22391480138
+22391482214
+22391482687
+22391482716
+22391483130
+22391484634
+22391488029
+22391489408
+22391490814
+22391493308
+22391493615
+22391494013
+22391495633
+22391496476
+22391497034
+22391497276
+22391498392
+22391501033
+22391501490
+22391501538
+22391508573
+22391511877
+22391513672
+22391515721
+22391515750
+22391516050
+22391518734
+22391519848
+22391522073
+22391522094
+22391523142
+22391523569
+22391524948
+22391527638
+22391527823
+22391527973
+22391528614
+22391531076
+22391531485
+22391531930
+22391534368
+22391534515
+22391535286
+22391535403
+22391536156
+22391537159
+22391537347
+22391538548
+22391538779
+22391539104
+22391540014
+22391542086
+22391542353
+22391544372
+22391544680
+22391544736
+22391545912
+22391547252
+22391553204
+22391553573
+22391555314
+22391555712
+22391555834
+22391555835
+22391556043
+22391558568
+22391559248
+22391559385
+22391559791
+22391560270
+22391561243
+22391561574
+22391561949
+22391563069
+22391563814
+22391564104
+22391566229
+22391566624
+22391570060
+22391571972
+22391572589
+22391574589
+22391579786
+22391581156
+22391581409
+22391582412
+22391583859
+22391584139
+22391593033
+22391593293
+22391593613
+22391595241
+22391596827
+22391597858
+22391598352
+22391600089
+22391601125
+22391602381
+22391604143
+22391604703
+22391605447
+22391606222
+22391608070
+22391608314
+22391608550
+22391610448
+22391610475
+22391611591
+22391611834
+22391611897
+22391612448
+22391615930
+22391618610
+22391621599
+22391622322
+22391623043
+22391623252
+22391623545
+22391623889
+22391623942
+22391624445
+22391625377
+22391625697
+22391625806
+22391626605
+22391627291
+22391627825
+22391630035
+22391630756
+22391632195
+22391632318
+22391632751
+22391633710
+22391633832
+22391633960
+22391635117
+22391635292
+22391646354
+22391655718
+22391655975
+22391656314
+22391656367
+22391657104
+22391657311
+22391658658
+22391660136
+22391662025
+22391662308
+22391662919
+22391663534
+22391664557
+22391665368
+22391665877
+22391665947
+22391666827
+22391669286
+22391669594
+22391670665
+22391671189
+22391671559
+22391673749
+22391673911
+22391675141
+22391675575
+22391675600
+22391677533
+22391679173
+22391682128
+22391682628
+22391682829
+22391682906
+22391683875
+22391684988
+22391685076
+22391685759
+22391685899
+22391687906
+22391689919
+22391689972
+22391691279
+22391691667
+22391691952
+22391692455
+22391692648
+22391692924
+22391693527
+22391693841
+22391693998
+22391694387
+22391694508
+22391694596
+22391695189
+22391695430
+22391695650
+22391696482
+22391699054
+22391699182
+22391699867
+22391699895
+22391700255
+22391702434
+22391703123
+22391705184
+22391707591
+22391708521
+22391710522
+22391710788
+22391710913
+22391711172
+22391711573
+22391712220
+22391713584
+22391714649
+22391716821
+22391717233
+22391718003
+22391718703
+22391718896
+22391720184
+22391720989
+22391722435
+22391722829
+22391723300
+22391723817
+22391724568
+22391725374
+22391727805
+22391728483
+22391729074
+22391729589
+22391729661
+22391730039
+22391730254
+22391730663
+22391730721
+22391730944
+22391731021
+22391731242
+22391731905
+22391732163
+22391732309
+22391732616
+22391734320
+22391735091
+22391735831
+22391736844
+22391736941
+22391737168
+22391737186
+22391737388
+22391737937
+22391738939
+22391739255
+22391739320
+22391741247
+22391741572
+22391743832
+22391743883
+22391744913
+22391745889
+22391748185
+22391750180
+22391751365
+22391751560
+22391752208
+22391753430
+22391753613
+22391754089
+22391755111
+22391755126
+22391755631
+22391757708
+22391760302
+22391760485
+22391760888
+22391761062
+22391761590
+22391761907
+22391762325
+22391763622
+22391764166
+22391764872
+22391766155
+22391767429
+22391767546
+22391767836
+22391769772
+22391769796
+22391772154
+22391774060
+22391776480
+22391777160
+22391778417
+22391780064
+22391782317
+22391783300
+22391783773
+22391783792
+22391785848
+22391787517
+22391788060
+22391788121
+22391791077
+22391792208
+22391794170
+22391796303
+22391796755
+22391798238
+22391798504
+22391800005
+22391800006
+22391800009
+22391800551
+22391801029
+22391801918
+22391803513
+22391803714
+22391804639
+22391804910
+22391805003
+22391805958
+22391808728
+22391811725
+22391813002
+22391813243
+22391815106
+22391815368
+22391817133
+22391817864
+22391817884
+22391818265
+22391819720
+22391820349
+22391820503
+22391821453
+22391822854
+22391823881
+22391824466
+22391824797
+22391824957
+22391826623
+22391827570
+22391829810
+22391830132
+22391830163
+22391830641
+22391833837
+22391834021
+22391834232
+22391834412
+22391834995
+22391835355
+22391835466
+22391835828
+22391837784
+22391838062
+22391838708
+22391838796
+22391842115
+22391842189
+22391842350
+22391842655
+22391844200
+22391844206
+22391845829
+22391846604
+22391847546
+22391848102
+22391848363
+22391849654
+22391850154
+22391850806
+22391852548
+22391854541
+22391855215
+22391856178
+22391856283
+22391856612
+22391857114
+22391857934
+22391858292
+22391858506
+22391859421
+22391865001
+22391865435
+22391865905
+22391866167
+22391866483
+22391866551
+22391869371
+22391869401
+22391870071
+22391870850
+22391871076
+22391871981
+22391873466
+22391873763
+22391874490
+22391876053
+22391877020
+22391877021
+22391877222
+22391877341
+22391877683
+22391877983
+22391878144
+22391879206
+22391879304
+22391879544
+22391882400
+22391884539
+22391884642
+22391884856
+22391885554
+22391886078
+22391886748
+22391887062
+22391887619
+22391888003
+22391888242
+22391888295
+22391888380
+22391889697
+22391890365
+22391890510
+22391891088
+22391891970
+22391893156
+22391893276
+22391893552
+22391893728
+22391893741
+22391894000
+22391894534
+22391896154
+22391896690
+22391896895
+22391896926
+22391897609
+22391897669
+22391898228
+22391899153
+22391900415
+22391900490
+22391902373
+22391903003
+22391903353
+22391904865
+22391905349
+22391907826
+22391907892
+22391908646
+22391909239
+22391909936
+22391910764
+22391911598
+22391912921
+22391914043
+22391917407
+22391917877
+22391917886
+22391919407
+22391919429
+22391919539
+22391919914
+22391919992
+22391920175
+22391920589
+22391921212
+22391921415
+22391921827
+22391921988
+22391922141
+22391922254
+22391924003
+22391924080
+22391926488
+22391926606
+22391926682
+22391926758
+22391926857
+22391929212
+22391930750
+22391931644
+22391932428
+22391932956
+22391933527
+22391934193
+22391934297
+22391934316
+22391938206
+22391938207
+22391939276
+22391942930
+22391945083
+22391946495
+22391946533
+22391948525
+22391949309
+22391952900
+22391953319
+22391954449
+22391954574
+22391954809
+22391955600
+22391956792
+22391956885
+22391958726
+22391958919
+22391959192
+22391959261
+22391959262
+22391960020
+22391960683
+22391961597
+22391961773
+22391961987
+22391962768
+22391964621
+22391966059
+22391966533
+22391967412
+22391968263
+22391970913
+22391971435
+22391971492
+22391972147
+22391975162
+22391976279
+22391976562
+22391977606
+22391977817
+22391979712
+22391983667
+22391983806
+22391983897
+22391986229
+22391989713
+22391993661
+22391994162
+22391996109
+22391999078
+22392000030
+22392000078
+22392001666
+22392002916
+22392003344
+22392005512
+22392005660
+22392006413
+22392006715
+22392006718
+22392007971
+22392008764
+22392009242
+22392010539
+22392011564
+22392012293
+22392012490
+22392012746
+22392013120
+22392013629
+22392014375
+22392015338
+22392016552
+22392017722
+22392017918
+22392018244
+22392019779
+22392019885
+22392020942
+22392021071
+22392021939
+22392022426
+22392023044
+22392024664
+22392026080
+22392027761
+22392028783
+22392030355
+22392031375
+22392033685
+22392035934
+22392038104
+22392038329
+22392038682
+22392039991
+22392040325
+22392041501
+22392042168
+22392044507
+22392045705
+22392045864
+22392046466
+22392046547
+22392046718
+22392046739
+22392047418
+22392047765
+22392047817
+22392048057
+22392048088
+22392048521
+22392048739
+22392049169
+22392049957
+22392050242
+22392050544
+22392051686
+22392051693
+22392052050
+22392052496
+22392053659
+22392053766
+22392054674
+22392055065
+22392056143
+22392056190
+22392057476
+22392057972
+22392058584
+22392060241
+22392060689
+22392060769
+22392061316
+22392061500
+22392062419
+22392064579
+22392066134
+22392066338
+22392066393
+22392067569
+22392067809
+22392068785
+22392069522
+22392069923
+22392070415
+22392071845
+22392075595
+22392077461
+22392077811
+22392078199
+22392078682
+22392081288
+22392084780
+22392087241
+22392087650
+22392088830
+22392089379
+22392091163
+22392093565
+22392094134
+22392095560
+22392095644
+22392098221
+22392100624
+22392101862
+22392102378
+22392102623
+22392105180
+22392107459
+22392107633
+22392108054
+22392108173
+22392108643
+22392109749
+22392110615
+22392111344
+22392111901
+22392112429
+22392113061
+22392114554
+22392117988
+22392118316
+22392118544
+22392118982
+22392119581
+22392119857
+22392120616
+22392120643
+22392122057
+22392122670
+22392124576
+22392126129
+22392126885
+22392130021
+22392130343
+22392130696
+22392132931
+22392133531
+22392133902
+22392133937
+22392134432
+22392135780
+22392136212
+22392136439
+22392138785
+22392139714
+22392139811
+22392142055
+22392145090
+22392152527
+22392155140
+22392155421
+22392157077
+22392158612
+22392163430
+22392166461
+22392168523
+22392169257
+22392170586
+22392171114
+22392171345
+22392171346
+22392171794
+22392172649
+22392173078
+22392173209
+22392173350
+22392173889
+22392174110
+22392174180
+22392174341
+22392174546
+22392174701
+22392175026
+22392175677
+22392176608
+22392177730
+22392178182
+22392178657
+22392180438
+22392180876
+22392181466
+22392181723
+22392182210
+22392183253
+22392185931
+22392187548
+22392188284
+22392189198
+22392191332
+22392191449
+22392192585
+22392192656
+22392193821
+22392193841
+22392194543
+22392194828
+22392195401
+22392195456
+22392197132
+22392197627
+22392199715
+22392200166
+22392200201
+22392202735
+22392202781
+22392204134
+22392204569
+22392205173
+22392206063
+22392206444
+22392206706
+22392206788
+22392207428
+22392207891
+22392208253
+22392208541
+22392209056
+22392209170
+22392209787
+22392212531
+22392213050
+22392213733
+22392213846
+22392213938
+22392214892
+22392215591
+22392215869
+22392217952
+22392218160
+22392218207
+22392219922
+22392220150
+22392221136
+22392221839
+22392222872
+22392223103
+22392223790
+22392224219
+22392225292
+22392226788
+22392226792
+22392226863
+22392226892
+22392227810
+22392228824
+22392229259
+22392229718
+22392230616
+22392230642
+22392231353
+22392232787
+22392236838
+22392237127
+22392238873
+22392239041
+22392239458
+22392239485
+22392239558
+22392239650
+22392239869
+22392240423
+22392240586
+22392240835
+22392240837
+22392241301
+22392241488
+22392241722
+22392242196
+22392242552
+22392242602
+22392243552
+22392244012
+22392244876
+22392245250
+22392245486
+22392248491
+22392248991
+22392249345
+22392249871
+22392249914
+22392250411
+22392250817
+22392252894
+22392253966
+22392254085
+22392254248
+22392256305
+22392257159
+22392258547
+22392258623
+22392260237
+22392261498
+22392262725
+22392263412
+22392265697
+22392266738
+22392266761
+22392267074
+22392267468
+22392268281
+22392268654
+22392269350
+22392271803
+22392271894
+22392272098
+22392272800
+22392273054
+22392274101
+22392275193
+22392276024
+22392278194
+22392278208
+22392278767
+22392278782
+22392279286
+22392280614
+22392281082
+22392284058
+22392285774
+22392286008
+22392286755
+22392287522
+22392288004
+22392288708
+22392289663
+22392290309
+22392290845
+22392292370
+22392292570
+22392292980
+22392293084
+22392297783
+22392297843
+22392297889
+22392297965
+22392298859
+22392299546
+22392299576
+22392299957
+22392300242
+22392301810
+22392302488
+22392304145
+22392304879
+22392305204
+22392306419
+22392307115
+22392307139
+22392307178
+22392307682
+22392307859
+22392308547
+22392308659
+22392308701
+22392309463
+22392309542
+22392309938
+22392310563
+22392312748
+22392312952
+22392313102
+22392314363
+22392314592
+22392315481
+22392316476
+22392317926
+22392318236
+22392318692
+22392319162
+22392320640
+22392320720
+22392322465
+22392323495
+22392325345
+22392325684
+22392326339
+22392327851
+22392328252
+22392328979
+22392329329
+22392331606
+22392332106
+22392334282
+22392335331
+22392336015
+22392336513
+22392337166
+22392337266
+22392339422
+22392339859
+22392340319
+22392340502
+22392341551
+22392342944
+22392343550
+22392343562
+22392343625
+22392344970
+22392346163
+22392347732
+22392349240
+22392349518
+22392349721
+22392349786
+22392349988
+22392351150
+22392351871
+22392352325
+22392353354
+22392353520
+22392353541
+22392353625
+22392356157
+22392357539
+22392357836
+22392357917
+22392357953
+22392358092
+22392358526
+22392359109
+22392359630
+22392360277
+22392360602
+22392360670
+22392363210
+22392364102
+22392365745
+22392365901
+22392366746
+22392366752
+22392366756
+22392369888
+22392370000
+22392370117
+22392371762
+22392372453
+22392373936
+22392374153
+22392375403
+22392376478
+22392376532
+22392376916
+22392378133
+22392378621
+22392379132
+22392379749
+22392380211
+22392380757
+22392381184
+22392381851
+22392382341
+22392382364
+22392383433
+22392383887
+22392385251
+22392385280
+22392385794
+22392387724
+22392388413
+22392388684
+22392389863
+22392390006
+22392391020
+22392391660
+22392392572
+22392393206
+22392393868
+22392394451
+22392394925
+22392395896
+22392396891
+22392397218
+22392397852
+22392399743
+22392399829
+22392399957
+22392400674
+22392401370
+22392405405
+22392405632
+22392406015
+22392407031
+22392407581
+22392410053
+22392410148
+22392410179
+22392413633
+22392414288
+22392415267
+22392415622
+22392415925
+22392416493
+22392418272
+22392418768
+22392419039
+22392420348
+22392420768
+22392423520
+22392423560
+22392427593
+22392428946
+22392429549
+22392433273
+22392435572
+22392435767
+22392436046
+22392438074
+22392439329
+22392439363
+22392440219
+22392441474
+22392441878
+22392442471
+22392442636
+22392442795
+22392445234
+22392445578
+22392446449
+22392446638
+22392447180
+22392448147
+22392448620
+22392448892
+22392456510
+22392458635
+22392459185
+22392460280
+22392460389
+22392462070
+22392462106
+22392462167
+22392462637
+22392463563
+22392464689
+22392464838
+22392465311
+22392466431
+22392467710
+22392468148
+22392469770
+22392470121
+22392471182
+22392471295
+22392471980
+22392472384
+22392472439
+22392472704
+22392472850
+22392474200
+22392474618
+22392475437
+22392475452
+22392476355
+22392477919
+22392478292
+22392478779
+22392480080
+22392480459
+22392481132
+22392481790
+22392481905
+22392483826
+22392486485
+22392487072
+22392487115
+22392488108
+22392488618
+22392490886
+22392491037
+22392491893
+22392492188
+22392492764
+22392493275
+22392493663
+22392494571
+22392495676
+22392497752
+22392498435
+22392498438
+22392499050
+22392499282
+22392501146
+22392501305
+22392501906
+22392502215
+22392502815
+22392503745
+22392504010
+22392504302
+22392504812
+22392505459
+22392506788
+22392509775
+22392510255
+22392510633
+22392511956
+22392513065
+22392514700
+22392514950
+22392516471
+22392517047
+22392522077
+22392522958
+22392523100
+22392523456
+22392523744
+22392523998
+22392525558
+22392526115
+22392528219
+22392529080
+22392529996
+22392530274
+22392534207
+22392535259
+22392535994
+22392536885
+22392537559
+22392540198
+22392540417
+22392540810
+22392541883
+22392543251
+22392543351
+22392544791
+22392544996
+22392545314
+22392546190
+22392547117
+22392547177
+22392548015
+22392548051
+22392548102
+22392549493
+22392550333
+22392550372
+22392550895
+22392551301
+22392551598
+22392552126
+22392552832
+22392553822
+22392554409
+22392554735
+22392556524
+22392558139
+22392558399
+22392558983
+22392560952
+22392562870
+22392563361
+22392563858
+22392565234
+22392565412
+22392565663
+22392566476
+22392566536
+22392566702
+22392567123
+22392567220
+22392567384
+22392567622
+22392567922
+22392568076
+22392568677
+22392569072
+22392569183
+22392569800
+22392570494
+22392570626
+22392574172
+22392575041
+22392575258
+22392575563
+22392575620
+22392576075
+22392576471
+22392576599
+22392577894
+22392578666
+22392581426
+22392581760
+22392582268
+22392582536
+22392582566
+22392583138
+22392583393
+22392583646
+22392584138
+22392585007
+22392586246
+22392588011
+22392589332
+22392589415
+22392591522
+22392591647
+22392593781
+22392594596
+22392595058
+22392596968
+22392597204
+22392598162
+22392598906
+22392599245
+22392600085
+22392600133
+22392603073
+22392603498
+22392603753
+22392605350
+22392605761
+22392607712
+22392609786
+22392610077
+22392610324
+22392610577
+22392610893
+22392610909
+22392612666
+22392613227
+22392613466
+22392613476
+22392613623
+22392614041
+22392614418
+22392614508
+22392615205
+22392618317
+22392619071
+22392619596
+22392620623
+22392621301
+22392621332
+22392621623
+22392622215
+22392623303
+22392626226
+22392627333
+22392627458
+22392628232
+22392628420
+22392628765
+22392629741
+22392630004
+22392631000
+22392631464
+22392632690
+22392632776
+22392634713
+22392637480
+22392640455
+22392641048
+22392641274
+22392646283
+22392649271
+22392650000
+22392651301
+22392651762
+22392652101
+22392652143
+22392652281
+22392652314
+22392653680
+22392654131
+22392654803
+22392654882
+22392656980
+22392658580
+22392658703
+22392658810
+22392660467
+22392660600
+22392661657
+22392661662
+22392661690
+22392663192
+22392663979
+22392667133
+22392667842
+22392668069
+22392668483
+22392668764
+22392668771
+22392669620
+22392669860
+22392671453
+22392672181
+22392672388
+22392672507
+22392672901
+22392673647
+22392673968
+22392674104
+22392674837
+22392674911
+22392675025
+22392677615
+22392677729
+22392678390
+22392678648
+22392681676
+22392682248
+22392683443
+22392687156
+22392687729
+22392689941
+22392691806
+22392695297
+22392697450
+22392697570
+22392700058
+22392700165
+22392702048
+22392702673
+22392702714
+22392703643
+22392704477
+22392704625
+22392704698
+22392704723
+22392706398
+22392706646
+22392706970
+22392707427
+22392708463
+22392708639
+22392708949
+22392709596
+22392709634
+22392710618
+22392711211
+22392711252
+22392711875
+22392712742
+22392713509
+22392714489
+22392714669
+22392715559
+22392718034
+22392718560
+22392718738
+22392719485
+22392720326
+22392720368
+22392721250
+22392721282
+22392722958
+22392722996
+22392723458
+22392723609
+22392724275
+22392724372
+22392728838
+22392729119
+22392729737
+22392730175
+22392730670
+22392730807
+22392731037
+22392732260
+22392734558
+22392735447
+22392735605
+22392736283
+22392737790
+22392739440
+22392739561
+22392740294
+22392741965
+22392742016
+22392743015
+22392743186
+22392743499
+22392744158
+22392744542
+22392746573
+22392747086
+22392748266
+22392748759
+22392751008
+22392752017
+22392752698
+22392753157
+22392753164
+22392753780
+22392755443
+22392755525
+22392757377
+22392758572
+22392761521
+22392762144
+22392762269
+22392763086
+22392764331
+22392764726
+22392765836
+22392766057
+22392767004
+22392768097
+22392770519
+22392772130
+22392772685
+22392773641
+22392773870
+22392775516
+22392776480
+22392777254
+22392778318
+22392778909
+22392779695
+22392780208
+22392780318
+22392780764
+22392782009
+22392782614
+22392782671
+22392783503
+22392784304
+22392784393
+22392784868
+22392785284
+22392786602
+22392788480
+22392788548
+22392789245
+22392789614
+22392790090
+22392790387
+22392790704
+22392791965
+22392792551
+22392792570
+22392792995
+22392795040
+22392795461
+22392796539
+22392796749
+22392797087
+22392799488
+22392799942
+22392799956
+22392800683
+22392800836
+22392801329
+22392802246
+22392802409
+22392803757
+22392805228
+22392806205
+22392807274
+22392808892
+22392810463
+22392810690
+22392811023
+22392812640
+22392812787
+22392814371
+22392814730
+22392814935
+22392815262
+22392816070
+22392817212
+22392817237
+22392817766
+22392820371
+22392821206
+22392821559
+22392822126
+22392822236
+22392823280
+22392824802
+22392825369
+22392826851
+22392828088
+22392828990
+22392829957
+22392830763
+22392832742
+22392832994
+22392834086
+22392834457
+22392835115
+22392835143
+22392837796
+22392837834
+22392838165
+22392839078
+22392839213
+22392839290
+22392842162
+22392842933
+22392846758
+22392847239
+22392847639
+22392847959
+22392849592
+22392850715
+22392850899
+22392851791
+22392853336
+22392853878
+22392856916
+22392857718
+22392858410
+22392858886
+22392860814
+22392862875
+22392863481
+22392863634
+22392866223
+22392866237
+22392866817
+22392866923
+22392867565
+22392870538
+22392871329
+22392873682
+22392875761
+22392876930
+22392877137
+22392877784
+22392878986
+22392881817
+22392882367
+22392883133
+22392884206
+22392885125
+22392886766
+22392887899
+22392888620
+22392889034
+22392889662
+22392889803
+22392890078
+22392890993
+22392891361
+22392891554
+22392891683
+22392896323
+22392897052
+22392898092
+22392899096
+22392899193
+22392904350
+22392908424
+22392908924
+22392909477
+22392910372
+22392913590
+22392913738
+22392916253
+22392919246
+22392920157
+22392920592
+22392921783
+22392922425
+22392922888
+22392924642
+22392925693
+22392925788
+22392926659
+22392926997
+22392927146
+22392928076
+22392928401
+22392928805
+22392929350
+22392931738
+22392934070
+22392935322
+22392935600
+22392936162
+22392936507
+22392938697
+22392939471
+22392941168
+22392941859
+22392941992
+22392942786
+22392942945
+22392944448
+22392945504
+22392945968
+22392946976
+22392947551
+22392948346
+22392948402
+22392948474
+22392948641
+22392950791
+22392953138
+22392953179
+22392953590
+22392953994
+22392954332
+22392954471
+22392956255
+22392959590
+22392959659
+22392961038
+22392961099
+22392961231
+22392963650
+22392963829
+22392966970
+22392967798
+22392968567
+22392968898
+22392972539
+22392972649
+22392976546
+22392976873
+22392977227
+22392977344
+22392978273
+22392978928
+22392979883
+22392980504
+22392983041
+22392987504
+22392987555
+22392988509
+22392989107
+22392989226
+22392989266
+22392989423
+22392990864
+22392993203
+22392993493
+22392993497
+22392993534
+22392994305
+22392994764
+22392994901
+22392996072
+22392996567
+22392998128
+22392998558
+22392998603
+22392999038
+22393000863
+22393001528
+22393002173
+22393002587
+22393003820
+22393004879
+22393005363
+22393007569
+22393007689
+22393007800
+22393008608
+22393008788
+22393009663
+22393010840
+22393012094
+22393013257
+22393013896
+22393014371
+22393014493
+22393014665
+22393015665
+22393020863
+22393022297
+22393023315
+22393023676
+22393025923
+22393027041
+22393027438
+22393028840
+22393029183
+22393029904
+22393031133
+22393031154
+22393032226
+22393033494
+22393037155
+22393037771
+22393038576
+22393041107
+22393042633
+22393044668
+22393045069
+22393045866
+22393048273
+22393049061
+22393049234
+22393050635
+22393051628
+22393052017
+22393052936
+22393053348
+22393054669
+22393055098
+22393055192
+22393055379
+22393056344
+22393057331
+22393058762
+22393059377
+22393059436
+22393059596
+22393059879
+22393060077
+22393060928
+22393060984
+22393061174
+22393061265
+22393061789
+22393062922
+22393063592
+22393064170
+22393064361
+22393065630
+22393066632
+22393067113
+22393068516
+22393069557
+22393070964
+22393072943
+22393073728
+22393075676
+22393076958
+22393083946
+22393084611
+22393084863
+22393085761
+22393089386
+22393090955
+22393091178
+22393091301
+22393091593
+22393093612
+22393093810
+22393094067
+22393095037
+22393095081
+22393095613
+22393096545
+22393097548
+22393098528
+22393100154
+22393100526
+22393100872
+22393101415
+22393102067
+22393106237
+22393106925
+22393107329
+22393107621
+22393107764
+22393108254
+22393109091
+22393111770
+22393112869
+22393115705
+22393115982
+22393116255
+22393116687
+22393117640
+22393117708
+22393118223
+22393119071
+22393119315
+22393119554
+22393120191
+22393121473
+22393121753
+22393122052
+22393123192
+22393123242
+22393123274
+22393124769
+22393125811
+22393126322
+22393126342
+22393127035
+22393127499
+22393127944
+22393128222
+22393128990
+22393129962
+22393130463
+22393131696
+22393132166
+22393132554
+22393132890
+22393133059
+22393135099
+22393135649
+22393136052
+22393136756
+22393137075
+22393137136
+22393138540
+22393138588
+22393139226
+22393139353
+22393139773
+22393140531
+22393141301
+22393141551
+22393141588
+22393142445
+22393143787
+22393146488
+22393149168
+22393149172
+22393149487
+22393150406
+22393150946
+22393151937
+22393152300
+22393152597
+22393154849
+22393155395
+22393155725
+22393157490
+22393158026
+22393159048
+22393159065
+22393159866
+22393160063
+22393161731
+22393161994
+22393163620
+22393164212
+22393166373
+22393166774
+22393166920
+22393170019
+22393170822
+22393172002
+22393173336
+22393173668
+22393174019
+22393174453
+22393178320
+22393179248
+22393182362
+22393182574
+22393182600
+22393182617
+22393182990
+22393183079
+22393183348
+22393183760
+22393186237
+22393187731
+22393189703
+22393191956
+22393192085
+22393192724
+22393193048
+22393193364
+22393196512
+22393201226
+22393201985
+22393202658
+22393202737
+22393205877
+22393207050
+22393208779
+22393209164
+22393209251
+22393211019
+22393212605
+22393212999
+22393214482
+22393215167
+22393217303
+22393217808
+22393218045
+22393218692
+22393218693
+22393219782
+22393222300
+22393223623
+22393224003
+22393224090
+22393225624
+22393227893
+22393228942
+22393230171
+22393231879
+22393232269
+22393233521
+22393234410
+22393234815
+22393235440
+22393236069
+22393237430
+22393238129
+22393238471
+22393238920
+22393239079
+22393239481
+22393239983
+22393240098
+22393241986
+22393243694
+22393244617
+22393247937
+22393251499
+22393252844
+22393254104
+22393254482
+22393254764
+22393255073
+22393257487
+22393257627
+22393257866
+22393258122
+22393262317
+22393262803
+22393263073
+22393263597
+22393264136
+22393265307
+22393266017
+22393266691
+22393268043
+22393272949
+22393274277
+22393276909
+22393278233
+22393279430
+22393280712
+22393282615
+22393282749
+22393286110
+22393288718
+22393289893
+22393291749
+22393292498
+22393293060
+22393293114
+22393293302
+22393294632
+22393294961
+22393294966
+22393296302
+22393296309
+22393297484
+22393297711
+22393299969
+22393300192
+22393303090
+22393304541
+22393305237
+22393306653
+22393309646
+22393309765
+22393311013
+22393312188
+22393312571
+22393312863
+22393313177
+22393314829
+22393314836
+22393316950
+22393317500
+22393317570
+22393318364
+22393321457
+22393321692
+22393322315
+22393323258
+22393323845
+22393326158
+22393326949
+22393329986
+22393330310
+22393330436
+22393332081
+22393332460
+22393335565
+22393335849
+22393336910
+22393337604
+22393338222
+22393341507
+22393342941
+22393343587
+22393344836
+22393346522
+22393346990
+22393348653
+22393349697
+22393350875
+22393351049
+22393351303
+22393352159
+22393353771
+22393354276
+22393356952
+22393358309
+22393359304
+22393362368
+22393363526
+22393365522
+22393365907
+22393366288
+22393366496
+22393366596
+22393366880
+22393367654
+22393369072
+22393369700
+22393371012
+22393371358
+22393372293
+22393372729
+22393372999
+22393373880
+22393374598
+22393375388
+22393375799
+22393376943
+22393377377
+22393377477
+22393377631
+22393378049
+22393379605
+22393381028
+22393382088
+22393387222
+22393387999
+22393389192
+22393390550
+22393391510
+22393392566
+22393394155
+22393394985
+22393395063
+22393395205
+22393395901
+22393396069
+22393397408
+22393397617
+22393398520
+22393399702
+22393400783
+22393401581
+22393404259
+22393404446
+22393404726
+22393405666
+22393406967
+22393408433
+22393408952
+22393409732
+22393411614
+22393412290
+22393412915
+22393413153
+22393413293
+22393416669
+22393418007
+22393418013
+22393418531
+22393419849
+22393420807
+22393421722
+22393422369
+22393422608
+22393422804
+22393424597
+22393425124
+22393425251
+22393426939
+22393427495
+22393427563
+22393427956
+22393429146
+22393430007
+22393431086
+22393431363
+22393431388
+22393431554
+22393432513
+22393432576
+22393434472
+22393435424
+22393435464
+22393436151
+22393436555
+22393438169
+22393438187
+22393438358
+22393439052
+22393439299
+22393439461
+22393439483
+22393440465
+22393440736
+22393440802
+22393441281
+22393441743
+22393441785
+22393443650
+22393446564
+22393449183
+22393450168
+22393451505
+22393452728
+22393452787
+22393454509
+22393454561
+22393455089
+22393457604
+22393457770
+22393458994
+22393459567
+22393460503
+22393463366
+22393463484
+22393463596
+22393463706
+22393464875
+22393465543
+22393466498
+22393466689
+22393466744
+22393466763
+22393468356
+22393468360
+22393469400
+22393470980
+22393472290
+22393473079
+22393475243
+22393475668
+22393476096
+22393483198
+22393484708
+22393485051
+22393485134
+22393487397
+22393488558
+22393490098
+22393491218
+22393492953
+22393493763
+22393494112
+22393495026
+22393495766
+22393497368
+22393499721
+22393499792
+22393499955
+22393500879
+22393501473
+22393503508
+22393503880
+22393503941
+22393505357
+22393505476
+22393506412
+22393507036
+22393507436
+22393507753
+22393509034
+22393509524
+22393509867
+22393509983
+22393510277
+22393512118
+22393514223
+22393515853
+22393516600
+22393516645
+22393517387
+22393517555
+22393519756
+22393520092
+22393521455
+22393521634
+22393522156
+22393522503
+22393524372
+22393525203
+22393526449
+22393527936
+22393529170
+22393531033
+22393531520
+22393532374
+22393532871
+22393533183
+22393534362
+22393534608
+22393536100
+22393536378
+22393536838
+22393536920
+22393538072
+22393539347
+22393541474
+22393546163
+22393550467
+22393552102
+22393553003
+22393553402
+22393555502
+22393555709
+22393555749
+22393557716
+22393557926
+22393558508
+22393558946
+22393559202
+22393559954
+22393560797
+22393560805
+22393561070
+22393561139
+22393561417
+22393564608
+22393565690
+22393565851
+22393565883
+22393566028
+22393567285
+22393567418
+22393569978
+22393570937
+22393572475
+22393573751
+22393576689
+22393577213
+22393577724
+22393580695
+22393581380
+22393582183
+22393584703
+22393586813
+22393593619
+22393593900
+22393594134
+22393594329
+22393594486
+22393595529
+22393595631
+22393596949
+22393597189
+22393598899
+22393599837
+22393600241
+22393600327
+22393601128
+22393603080
+22393603356
+22393605444
+22393605741
+22393606377
+22393607257
+22393607508
+22393609269
+22393609794
+22393609904
+22393610274
+22393612928
+22393613214
+22393614538
+22393615431
+22393616928
+22393618077
+22393618131
+22393618132
+22393619986
+22393620059
+22393620174
+22393623397
+22393623782
+22393624086
+22393624855
+22393627203
+22393628068
+22393629990
+22393630744
+22393631048
+22393633545
+22393634079
+22393634602
+22393634748
+22393636910
+22393637116
+22393637151
+22393641167
+22393641867
+22393642992
+22393643819
+22393644917
+22393645531
+22393646534
+22393649065
+22393649886
+22393650979
+22393651085
+22393653001
+22393654978
+22393656492
+22393656984
+22393657868
+22393660493
+22393662127
+22393663005
+22393663274
+22393663538
+22393664017
+22393664572
+22393667480
+22393669803
+22393670940
+22393671917
+22393672123
+22393673938
+22393677362
+22393678053
+22393679148
+22393679730
+22393680234
+22393681841
+22393683174
+22393685574
+22393687563
+22393687666
+22393689991
+22393690456
+22393690592
+22393690645
+22393690810
+22393691637
+22393691849
+22393691989
+22393693148
+22393695044
+22393695751
+22393698882
+22393699070
+22393701188
+22393703486
+22393704381
+22393705800
+22393705845
+22393706031
+22393707191
+22393709875
+22393710108
+22393710259
+22393712482
+22393713225
+22393713758
+22393716776
+22393717606
+22393717767
+22393719998
+22393720112
+22393722405
+22393722538
+22393723404
+22393723595
+22393726564
+22393726599
+22393728805
+22393730903
+22393731683
+22393738458
+22393738860
+22393740371
+22393742295
+22393743071
+22393743394
+22393745602
+22393746904
+22393749178
+22393750160
+22393751228
+22393752421
+22393754831
+22393756328
+22393756481
+22393756838
+22393758735
+22393760633
+22393762027
+22393763089
+22393765767
+22393766283
+22393766651
+22393767148
+22393767501
+22393770475
+22393770717
+22393773046
+22393773079
+22393773834
+22393777431
+22393777890
+22393779711
+22393781042
+22393782694
+22393783001
+22393784431
+22393785193
+22393787532
+22393789570
+22393789983
+22393790803
+22393790931
+22393791747
+22393794469
+22393795385
+22393795470
+22393795743
+22393795816
+22393798526
+22393799749
+22393800308
+22393800451
+22393800879
+22393801857
+22393802061
+22393802277
+22393803118
+22393804215
+22393806244
+22393807203
+22393807699
+22393807941
+22393809262
+22393809392
+22393809638
+22393811498
+22393811560
+22393812358
+22393813826
+22393816064
+22393819488
+22393823200
+22393823860
+22393824576
+22393824871
+22393827401
+22393827459
+22393829848
+22393829943
+22393830442
+22393830736
+22393831178
+22393834048
+22393835185
+22393835196
+22393838353
+22393840573
+22393843775
+22393844386
+22393846495
+22393851122
+22393851307
+22393851780
+22393851895
+22393852282
+22393853613
+22393853710
+22393853996
+22393854432
+22393854968
+22393855131
+22393855782
+22393856288
+22393856362
+22393857254
+22393857455
+22393858359
+22393861915
+22393863315
+22393864256
+22393866910
+22393868859
+22393870666
+22393871542
+22393871834
+22393872184
+22393872779
+22393874408
+22393877285
+22393881034
+22393883123
+22393883844
+22393884477
+22393885745
+22393885857
+22393886119
+22393886390
+22393886860
+22393887294
+22393889032
+22393890343
+22393890696
+22393891644
+22393892335
+22393892391
+22393893031
+22393893166
+22393893568
+22393894335
+22393896525
+22393898033
+22393898058
+22393899726
+22393901874
+22393901963
+22393905329
+22393908233
+22393909384
+22393909671
+22393909935
+22393910309
+22393912465
+22393916057
+22393916344
+22393917466
+22393918851
+22393919152
+22393921546
+22393924900
+22393925011
+22393926740
+22393929083
+22393929376
+22393930287
+22393931249
+22393931934
+22393933223
+22393933379
+22393935480
+22393935637
+22393937858
+22393938410
+22393938632
+22393938792
+22393939283
+22393939822
+22393940074
+22393940394
+22393940663
+22393941181
+22393943885
+22393943898
+22393943965
+22393945756
+22393946479
+22393948161
+22393948501
+22393948593
+22393948857
+22393948995
+22393949818
+22393951257
+22393952342
+22393953248
+22393953286
+22393954122
+22393954178
+22393956541
+22393956763
+22393956882
+22393959733
+22393960548
+22393961931
+22393962704
+22393964611
+22393965262
+22393966300
+22393966412
+22393966558
+22393966818
+22393966909
+22393967068
+22393967166
+22393969625
+22393971666
+22393971750
+22393972567
+22393975721
+22393976251
+22393976893
+22393978504
+22393980338
+22393980787
+22393981016
+22393981382
+22393981705
+22393982078
+22393982154
+22393982860
+22393983233
+22393984174
+22393984626
+22393985068
+22393985539
+22393985654
+22393986267
+22393986826
+22393988223
+22393988350
+22393988443
+22393988999
+22393989244
+22393989568
+22393990561
+22393990645
+22393990763
+22393990883
+22393992962
+22393993654
+22393993988
+22393994117
+22393994245
+22393994652
+22393995475
+22393996865
+22393996900
+22393997387
+22393997884
+22393998603
+22393999688
+22394001092
+22394002615
+22394003451
+22394003604
+22394004325
+22394005114
+22394011181
+22394011346
+22394011756
+22394011874
+22394013059
+22394013604
+22394014594
+22394015273
+22394015784
+22394015952
+22394016141
+22394017388
+22394018085
+22394018799
+22394019365
+22394020949
+22394022114
+22394022251
+22394025223
+22394026991
+22394027603
+22394028959
+22394029637
+22394030261
+22394032733
+22394033647
+22394034389
+22394036294
+22394036413
+22394039615
+22394039792
+22394041499
+22394043215
+22394043495
+22394044950
+22394045340
+22394046387
+22394046409
+22394046461
+22394047850
+22394047864
+22394050631
+22394051299
+22394052597
+22394054968
+22394055293
+22394055295
+22394055434
+22394057309
+22394057986
+22394058346
+22394058400
+22394059537
+22394061850
+22394063539
+22394064314
+22394066449
+22394067185
+22394067533
+22394067666
+22394069668
+22394070133
+22394071384
+22394073468
+22394073867
+22394075422
+22394078915
+22394079422
+22394080451
+22394082367
+22394082391
+22394083321
+22394085191
+22394086261
+22394086644
+22394086768
+22394088230
+22394092890
+22394093408
+22394094664
+22394095487
+22394096188
+22394096878
+22394099103
+22394099679
+22394099688
+22394101762
+22394103196
+22394103954
+22394103998
+22394104044
+22394106769
+22394109594
+22394110286
+22394110601
+22394113830
+22394114045
+22394114157
+22394115095
+22394116362
+22394116634
+22394118682
+22394119945
+22394120018
+22394120056
+22394124178
+22394125070
+22394125073
+22394126207
+22394126423
+22394128858
+22394129446
+22394133799
+22394135117
+22394137276
+22394139543
+22394140926
+22394141100
+22394142564
+22394143112
+22394144864
+22394145973
+22394146911
+22394149457
+22394151330
+22394152767
+22394153310
+22394153643
+22394157992
+22394159362
+22394159656
+22394160578
+22394161233
+22394163240
+22394163385
+22394163884
+22394169598
+22394175320
+22394176781
+22394177209
+22394178411
+22394179166
+22394181090
+22394183202
+22394183349
+22394183446
+22394184435
+22394186328
+22394188227
+22394188933
+22394190446
+22394191300
+22394192800
+22394193391
+22394194027
+22394194308
+22394196051
+22394198654
+22394199272
+22394199876
+22394200840
+22394201848
+22394205657
+22394205731
+22394206547
+22394206793
+22394207628
+22394207632
+22394209295
+22394210930
+22394213833
+22394215773
+22394217108
+22394217530
+22394218465
+22394219080
+22394219209
+22394220546
+22394222953
+22394224971
+22394227641
+22394229092
+22394231574
+22394232387
+22394234510
+22394235206
+22394235486
+22394237500
+22394237872
+22394238531
+22394240772
+22394240793
+22394241791
+22394246304
+22394246688
+22394247028
+22394247315
+22394252389
+22394254130
+22394256594
+22394257982
+22394258614
+22394260717
+22394261436
+22394263718
+22394264184
+22394264310
+22394264767
+22394265280
+22394268951
+22394270695
+22394270967
+22394272062
+22394273195
+22394274766
+22394278709
+22394279412
+22394282327
+22394286793
+22394287190
+22394289401
+22394289964
+22394291635
+22394291653
+22394292100
+22394295617
+22394296606
+22394297438
+22394298914
+22394299699
+22394300616
+22394303899
+22394304288
+22394306677
+22394307232
+22394309687
+22394310697
+22394312862
+22394313033
+22394313202
+22394314227
+22394315395
+22394315712
+22394316171
+22394316600
+22394317558
+22394317640
+22394318501
+22394319215
+22394319216
+22394319251
+22394319643
+22394319891
+22394321703
+22394322316
+22394322823
+22394322853
+22394325279
+22394325546
+22394325580
+22394326624
+22394327225
+22394328659
+22394329501
+22394331411
+22394333085
+22394334256
+22394334534
+22394334776
+22394335338
+22394336562
+22394336759
+22394339140
+22394339403
+22394339488
+22394340491
+22394343829
+22394344750
+22394344833
+22394345647
+22394345770
+22394347536
+22394350446
+22394350760
+22394351423
+22394353221
+22394353658
+22394356816
+22394357263
+22394357948
+22394361424
+22394363054
+22394363509
+22394364082
+22394365119
+22394366942
+22394367238
+22394367466
+22394367678
+22394367856
+22394368975
+22394369201
+22394371076
+22394371672
+22394372089
+22394372534
+22394374416
+22394375044
+22394375318
+22394375377
+22394375894
+22394376393
+22394376884
+22394380036
+22394380095
+22394380556
+22394381813
+22394382344
+22394383439
+22394383948
+22394383985
+22394384633
+22394387932
+22394390625
+22394394901
+22394396284
+22394396517
+22394396860
+22394398393
+22394399084
+22394399359
+22394400510
+22394402423
+22394403936
+22394404892
+22394406374
+22394410071
+22394410134
+22394410870
+22394411048
+22394411766
+22394411798
+22394412232
+22394414308
+22394414649
+22394417583
+22394418202
+22394418372
+22394418682
+22394418975
+22394419004
+22394420185
+22394422710
+22394424260
+22394427169
+22394428399
+22394428756
+22394428972
+22394428993
+22394429961
+22394429987
+22394430523
+22394430798
+22394434484
+22394435288
+22394435723
+22394438962
+22394439300
+22394440697
+22394440948
+22394441247
+22394441735
+22394442294
+22394442866
+22394443030
+22394443350
+22394443991
+22394444097
+22394444303
+22394444308
+22394445000
+22394445398
+22394445558
+22394445943
+22394447499
+22394449734
+22394450234
+22394450588
+22394452145
+22394452606
+22394452979
+22394453465
+22394454529
+22394454919
+22394456603
+22394456670
+22394458975
+22394459691
+22394462636
+22394462910
+22394463893
+22394464167
+22394464974
+22394465540
+22394465680
+22394467527
+22394471413
+22394471896
+22394472007
+22394472824
+22394473038
+22394474072
+22394474725
+22394475048
+22394475726
+22394476938
+22394477014
+22394477016
+22394478275
+22394479323
+22394482920
+22394483173
+22394484660
+22394485859
+22394486205
+22394486342
+22394487833
+22394488408
+22394488942
+22394493123
+22394494000
+22394494606
+22394495207
+22394496608
+22394501223
+22394502734
+22394503151
+22394503875
+22394503970
+22394504607
+22394505896
+22394508234
+22394509201
+22394510583
+22394511822
+22394514457
+22394514471
+22394515194
+22394515744
+22394517548
+22394517802
+22394519514
+22394519692
+22394519819
+22394520344
+22394523065
+22394523220
+22394524151
+22394529693
+22394529953
+22394530007
+22394530565
+22394531270
+22394531351
+22394534811
+22394537079
+22394538078
+22394539755
+22394539986
+22394541033
+22394541317
+22394542348
+22394542590
+22394542829
+22394544731
+22394546315
+22394548134
+22394550983
+22394553392
+22394555161
+22394556491
+22394559063
+22394560665
+22394561824
+22394562310
+22394562943
+22394564847
+22394565494
+22394565697
+22394567587
+22394568803
+22394569593
+22394572006
+22394573245
+22394573646
+22394573656
+22394578029
+22394579023
+22394579337
+22394580033
+22394580432
+22394581698
+22394582811
+22394582967
+22394583336
+22394583674
+22394583705
+22394586076
+22394590722
+22394591033
+22394594464
+22394595264
+22394595587
+22394596810
+22394596968
+22394597200
+22394597666
+22394597945
+22394598869
+22394599580
+22394600235
+22394600787
+22394605142
+22394605465
+22394605834
+22394607015
+22394608872
+22394610149
+22394616658
+22394617477
+22394619327
+22394619836
+22394620555
+22394622473
+22394623920
+22394625168
+22394626579
+22394626946
+22394629352
+22394629646
+22394631814
+22394635006
+22394635306
+22394637399
+22394638154
+22394641101
+22394641751
+22394642863
+22394643285
+22394643601
+22394645400
+22394647537
+22394648387
+22394650417
+22394650513
+22394653000
+22394657532
+22394659505
+22394661915
+22394663114
+22394664998
+22394667336
+22394667689
+22394667991
+22394669299
+22394669648
+22394670623
+22394671488
+22394673705
+22394673857
+22394673903
+22394673937
+22394674192
+22394675174
+22394675394
+22394676322
+22394677592
+22394678689
+22394678945
+22394680365
+22394681128
+22394681967
+22394684519
+22394685631
+22394686959
+22394687035
+22394689243
+22394689309
+22394692671
+22394693428
+22394696129
+22394698652
+22394700012
+22394700934
+22394701119
+22394703468
+22394705082
+22394705706
+22394705741
+22394706014
+22394706171
+22394706646
+22394709871
+22394710360
+22394710483
+22394712063
+22394714278
+22394714401
+22394714426
+22394714864
+22394717210
+22394719394
+22394723259
+22394723866
+22394725216
+22394729121
+22394729183
+22394729522
+22394731134
+22394731519
+22394731810
+22394732129
+22394732337
+22394732735
+22394733091
+22394733294
+22394734536
+22394734585
+22394736955
+22394739310
+22394739579
+22394739818
+22394740590
+22394741248
+22394742076
+22394743062
+22394744383
+22394744577
+22394745158
+22394746114
+22394746902
+22394747969
+22394749791
+22394749841
+22394753228
+22394754138
+22394756099
+22394756503
+22394757903
+22394758741
+22394759156
+22394760047
+22394761100
+22394762207
+22394762568
+22394765243
+22394771124
+22394772086
+22394772246
+22394773163
+22394773624
+22394775285
+22394775464
+22394777065
+22394779592
+22394779845
+22394780240
+22394781645
+22394783996
+22394785183
+22394785733
+22394786304
+22394787949
+22394789558
+22394790903
+22394792723
+22394794172
+22394798171
+22394798514
+22394798770
+22394799383
+22394799596
+22394799695
+22394801752
+22394805060
+22394805381
+22394808051
+22394808369
+22394808903
+22394809222
+22394810017
+22394811155
+22394811385
+22394811410
+22394812850
+22394814235
+22394816273
+22394818538
+22394819643
+22394819661
+22394822096
+22394822854
+22394825008
+22394825037
+22394825471
+22394825504
+22394827009
+22394830944
+22394832498
+22394835821
+22394838196
+22394839298
+22394840180
+22394840826
+22394841080
+22394843294
+22394844476
+22394845504
+22394846751
+22394846947
+22394847583
+22394848106
+22394848494
+22394848900
+22394850871
+22394852661
+22394858570
+22394858859
+22394863522
+22394866387
+22394866397
+22394868092
+22394869405
+22394869831
+22394870638
+22394872082
+22394873497
+22394876382
+22394877770
+22394878276
+22394878631
+22394878657
+22394880378
+22394880576
+22394881494
+22394890155
+22394891085
+22394891203
+22394891506
+22394892386
+22394892564
+22394892747
+22394894751
+22394896777
+22394896988
+22394898208
+22394898990
+22394899173
+22394899694
+22394900680
+22394902062
+22394902202
+22394905712
+22394908499
+22394909718
+22394912607
+22394912725
+22394915755
+22394918688
+22394919628
+22394920096
+22394921243
+22394922572
+22394923254
+22394925141
+22394927714
+22394928323
+22394930567
+22394932034
+22394932407
+22394932520
+22394932988
+22394933464
+22394934007
+22394936811
+22394937391
+22394942072
+22394942158
+22394943829
+22394944631
+22394947098
+22394948667
+22394952519
+22394954711
+22394956669
+22394961114
+22394961231
+22394962028
+22394966351
+22394967224
+22394970352
+22394972301
+22394973289
+22394975225
+22394976613
+22394980204
+22394981776
+22394982436
+22394988101
+22394988788