+22370004272
+22370006748
+22370006789
+22370010427
+22370012097
+22370014813
+22370016802
+22370018740
+22370020063
+22370022221
+22370028185
+22370028403
+22370028728
+22370031446
+22370033185
+22370033222
+22370035933
+22370036839
+22370037310
+22370037610
+22370038470
+22370038588
+22370041528
+22370044279
+22370048729
+22370050892
+22370051062
+22370052602
+22370052641
+22370052904
+22370053348
+22370054473
+22370055140
+22370055473
+22370056220
+22370056442
+22370056746
+22370057630
+22370057728
+22370058480
+22370059272
+22370060855
+22370065905
+22370067706
+22370069864
+22370070951
+22370071891
+22370075736
+22370081031
+22370082042
+22370083475
+22370084218
+22370085111
+22370089604
+22370093201
+22370094914
+22370094958
+22370098236
+22370101295
+22370104222
+22370106118
+22370106212
+22370107023
+22370107375
+22370107846
+22370109015
+22370109603
+22370110497
+22370113793
+22370115413
+22370116277
+22370116980
+22370121519
+22370123114
+22370123533
+22370124497
+22370127184
+22370127340
+22370130033
+22370130099
+22370131000
+22370132802
+22370134662
+22370134797
+22370135247
+22370141711
+22370143317
+22370146201
+22370147455
+22370149698
+22370150779
+22370152304
+22370154811
+22370158933
+22370160887
+22370162651
+22370164294
+22370165999
+22370170092
+22370171962
+22370174123
+22370177455
+22370178884
+22370180207
+22370180946
+22370181446
+22370186987
+22370188135
+22370188584
+22370188782
+22370188881
+22370188950
+22370189130
+22370189925
+22370190831
+22370191100
+22370192304
+22370192429
+22370194581
+22370194591
+22370194613
+22370195369
+22370201573
+22370203229
+22370203599
+22370207173
+22370212261
+22370215315
+22370216159
+22370216404
+22370216951
+22370217575
+22370224230
+22370225566
+22370228798
+22370230506
+22370231184
+22370232232
+22370233482
+22370233952
+22370236651
+22370237061
+22370238585
+22370240640
+22370241913
+22370243159
+22370243431
+22370244243
+22370244479
+22370247567
+22370249138
+22370250422
+22370250940
+22370255854
+22370255896
+22370257567
+22370259523
+22370262075
+22370262957
+22370264025
+22370264357
+22370264391
+22370267326
+22370267903
+22370268157
+22370268226
+22370270238
+22370271471
+22370271997
+22370274318
+22370283203
+22370283642
+22370284470
+22370285912
+22370286442
+22370286455
+22370286709
+22370288477
+22370295971
+22370296103
+22370298399
+22370299123
+22370304346
+22370305045
+22370306682
+22370308115
+22370308586
+22370310635
+22370313121
+22370313365
+22370320593
+22370321517
+22370322496
+22370323050
+22370323780
+22370324521
+22370326730
+22370327736
+22370329226
+22370329780
+22370330335
+22370330578
+22370331056
+22370331847
+22370332740
+22370335009
+22370335875
+22370337113
+22370337517
+22370337647
+22370338555
+22370338816
+22370339232
+22370339250
+22370339351
+22370339452
+22370343138
+22370345696
+22370346810
+22370347253
+22370347820
+22370348433
+22370349506
+22370352250
+22370354959
+22370355544
+22370356122
+22370359412
+22370363674
+22370366056
+22370366067
+22370366398
+22370366545
+22370366560
+22370366673
+22370371211
+22370376024
+22370378638
+22370379781
+22370381127
+22370382615
+22370388251
+22370389793
+22370391734
+22370391972
+22370397746
+22370398115
+22370398911
+22370399378
+22370404153
+22370404717
+22370405060
+22370405725
+22370407113
+22370408879
+22370409003
+22370409795
+22370412783
+22370413994
+22370416420
+22370420471
+22370422403
+22370424045
+22370424965
+22370424997
+22370425339
+22370425835
+22370426634
+22370428516
+22370429405
+22370429660
+22370429820
+22370433142
+22370433417
+22370433459
+22370433602
+22370433750
+22370435413
+22370435416
+22370435418
+22370435419
+22370435420
+22370435421
+22370435422
+22370436291
+22370439794
+22370440337
+22370440836
+22370442356
+22370442817
+22370444860
+22370446491
+22370448290
+22370448671
+22370448674
+22370454255
+22370454321
+22370461988
+22370462310
+22370463171
+22370463221
+22370463481
+22370463497
+22370463564
+22370463876
+22370463983
+22370469325
+22370472669
+22370473480
+22370474361
+22370475010
+22370477948
+22370478611
+22370478862
+22370479101
+22370480066
+22370480543
+22370483800
+22370484963
+22370485129
+22370486071
+22370487590
+22370487867
+22370488533
+22370491318
+22370492664
+22370492949
+22370494004
+22370499285
+22370499533
+22370500025
+22370501237
+22370503058
+22370505301
+22370505823
+22370507016
+22370507901
+22370509472
+22370511012
+22370512505
+22370514365
+22370518824
+22370519540
+22370521270
+22370521671
+22370524142
+22370524243
+22370524503
+22370524531
+22370525494
+22370526026
+22370526976
+22370528768
+22370529728
+22370533572
+22370533600
+22370534081
+22370536351
+22370549666
+22370550114
+22370551221
+22370553230
+22370553816
+22370556794
+22370560620
+22370565195
+22370569059
+22370569947
+22370570238
+22370570931
+22370571926
+22370576207
+22370582139
+22370588619
+22370589694
+22370592780
+22370594525
+22370598198
+22370598771
+22370598927
+22370599015
+22370600058
+22370601675
+22370602078
+22370603645
+22370605687
+22370606154
+22370606175
+22370606649
+22370610654
+22370613101
+22370615099
+22370616122
+22370616370
+22370621302
+22370626630
+22370628136
+22370628956
+22370629930
+22370631340
+22370632677
+22370634637
+22370639135
+22370639307
+22370640319
+22370641327
+22370641649
+22370644511
+22370649288
+22370649925
+22370649935
+22370653552
+22370653969
+22370654146
+22370654272
+22370655076
+22370655182
+22370655551
+22370655631
+22370656260
+22370656428
+22370663761
+22370664188
+22370665927
+22370668148
+22370670309
+22370671607
+22370672329
+22370674093
+22370674286
+22370675281
+22370675383
+22370675654
+22370676021
+22370676086
+22370677902
+22370679218
+22370679450
+22370679663
+22370679957
+22370680660
+22370680706
+22370684009
+22370684086
+22370685011
+22370685566
+22370686122
+22370687873
+22370688242
+22370688893
+22370689031
+22370689187
+22370693010
+22370694906
+22370695034
+22370695132
+22370695756
+22370696428
+22370698376
+22370702965
+22370704209
+22370704802
+22370705072
+22370706062
+22370706536
+22370706600
+22370707113
+22370708517
+22370708522
+22370708610
+22370709072
+22370710333
+22370715792
+22370716898
+22370719446
+22370719492
+22370721836
+22370722247
+22370723234
+22370723364
+22370723371
+22370724466
+22370724506
+22370725947
+22370726320
+22370726787
+22370728576
+22370728660
+22370729253
+22370729607
+22370730058
+22370730089
+22370731388
+22370733701
+22370733829
+22370734314
+22370735930
+22370736025
+22370738592
+22370738742
+22370738829
+22370740078
+22370740679
+22370740738
+22370744033
+22370744278
+22370744731
+22370744852
+22370744988
+22370745447
+22370748735
+22370749910
+22370749950
+22370751226
+22370752288
+22370753404
+22370753538
+22370758843
+22370759885
+22370760989
+22370762290
+22370762631
+22370762688
+22370762709
+22370762928
+22370763466
+22370764473
+22370765112
+22370766894
+22370767605
+22370770323
+22370772341
+22370773365
+22370773439
+22370774493
+22370776090
+22370776951
+22370777182
+22370780866
+22370781349
+22370782089
+22370785919
+22370786794
+22370787533
+22370788584
+22370788680
+22370791474
+22370795136
+22370795435
+22370796889
+22370798139
+22370798481
+22370799000
+22370799525
+22370800279
+22370802533
+22370804399
+22370804427
+22370805193
+22370805424
+22370805689
+22370807379
+22370808260
+22370808716
+22370810548
+22370811415
+22370813430
+22370814754
+22370815304
+22370816808
+22370819151
+22370821305
+22370822973
+22370823486
+22370824594
+22370825080
+22370825142
+22370826696
+22370827383
+22370829579
+22370830219
+22370830503
+22370830682
+22370830810
+22370831488
+22370831566
+22370832356
+22370832366
+22370833061
+22370833080
+22370833130
+22370833285
+22370833289
+22370833353
+22370833441
+22370833446
+22370833493
+22370834313
+22370834927
+22370835916
+22370835922
+22370836037
+22370836251
+22370836310
+22370836331
+22370836603
+22370836718
+22370836766
+22370836826
+22370838930
+22370839719
+22370841605
+22370844170
+22370846708
+22370847261
+22370850471
+22370852239
+22370854570
+22370855872
+22370856448
+22370858275
+22370860627
+22370860719
+22370861081
+22370863211
+22370863706
+22370867392
+22370867994
+22370870627
+22370870983
+22370878002
+22370879020
+22370880744
+22370881680
+22370882215
+22370883287
+22370884584
+22370885195
+22370886413
+22370887341
+22370890564
+22370890585
+22370893398
+22370893704
+22370894464
+22370895751
+22370899482
+22370902828
+22370904274
+22370907721
+22370911335
+22370912527
+22370914239
+22370914718
+22370918959
+22370921371
+22370924821
+22370925925
+22370927356
+22370930924
+22370931076
+22370931426
+22370933872
+22370934066
+22370934303
+22370935449
+22370936980
+22370937600
+22370938018
+22370938030
+22370938112
+22370938145
+22370938225
+22370938301
+22370938314
+22370938503
+22370938506
+22370938560
+22370938590
+22370938605
+22370938631
+22370938669
+22370938685
+22370938724
+22370938836
+22370938856
+22370938881
+22370938896
+22370939037
+22370939319
+22370939624
+22370939750
+22370947095
+22370949020
+22370949079
+22370949295
+22370950801
+22370952933
+22370953556
+22370957329
+22370958024
+22370958667
+22370962621
+22370964018
+22370964024
+22370967207
+22370969584
+22370971830
+22370976187
+22370977231
+22370977673
+22370977688
+22370979877
+22370982055
+22370982290
+22370982319
+22370982386
+22370982767
+22370985857
+22370987111
+22370987251
+22370993495
+22370995428
+22370995755
+22370999042
+22370999720
+22371000855
+22371001070
+22371002543
+22371003680
+22371004650
+22371006380
+22371006701
+22371007105
+22371007877
+22371008768
+22371009232
+22371009958
+22371011456
+22371013881
+22371016825
+22371019320
+22371022612
+22371043545
+22371043973
+22371044280
+22371045327
+22371049810
+22371051237
+22371051317
+22371055276
+22371057222
+22371059255
+22371059285
+22371060655
+22371060871
+22371062857
+22371062917
+22371065410
+22371065809
+22371067283
+22371067495
+22371070039
+22371070092
+22371070338
+22371072734
+22371073755
+22371073990
+22371075500
+22371075568
+22371076248
+22371077008
+22371077472
+22371078053
+22371080381
+22371081155
+22371083395
+22371084528
+22371091609
+22371092253
+22371092437
+22371092564
+22371093956
+22371097925
+22371100050
+22371101056
+22371101209
+22371101466
+22371102101
+22371105205
+22371106859
+22371106988
+22371107717
+22371107763
+22371107989
+22371108808
+22371112850
+22371118949
+22371119667
+22371122895
+22371125548
+22371127543
+22371130585
+22371133505
+22371137812
+22371138486
+22371139080
+22371139082
+22371139084
+22371140611
+22371141423
+22371142406
+22371145468
+22371146613
+22371146858
+22371147638
+22371149793
+22371150057
+22371151371
+22371154328
+22371156541
+22371159787
+22371162950
+22371164079
+22371164399
+22371164952
+22371165611
+22371165995
+22371166039
+22371166192
+22371166454
+22371167422
+22371167753
+22371168289
+22371169367
+22371169852
+22371170058
+22371174792
+22371175195
+22371176191
+22371177319
+22371177757
+22371179905
+22371180501
+22371180734
+22371186252
+22371186539
+22371191021
+22371192420
+22371193355
+22371194792
+22371199455
+22371199961
+22371201758
+22371203383
+22371203430
+22371210010
+22371213234
+22371213388
+22371215629
+22371216191
+22371217330
+22371219251
+22371222716
+22371223432
+22371224404
+22371225666
+22371225967
+22371228200
+22371228222
+22371230747
+22371232279
+22371233594
+22371238031
+22371241723
+22371241841
+22371241871
+22371242592
+22371243767
+22371247828
+22371248384
+22371249498
+22371250610
+22371253370
+22371253832
+22371258745
+22371259456
+22371259674
+22371259845
+22371261167
+22371262471
+22371263586
+22371264703
+22371265352
+22371267787
+22371269458
+22371271462
+22371271646
+22371273805
+22371275079
+22371281392
+22371282740
+22371283266
+22371287026
+22371287211
+22371287389
+22371288506
+22371288883
+22371290545
+22371291508
+22371293353
+22371295765
+22371296442
+22371298104
+22371301156
+22371302625
+22371303302
+22371303452
+22371303935
+22371304285
+22371306556
+22371307895
+22371309549
+22371310053
+22371314190
+22371314296
+22371319971
+22371322061
+22371322255
+22371322952
+22371323711
+22371325893
+22371326114
+22371327076
+22371327448
+22371328224
+22371328516
+22371329823
+22371330853
+22371331495
+22371332849
+22371334877
+22371335722
+22371338876
+22371338937
+22371340216
+22371340277
+22371340601
+22371341113
+22371341859
+22371342609
+22371342665
+22371344571
+22371345467
+22371346572
+22371347041
+22371347704
+22371348338
+22371350697
+22371351440
+22371352030
+22371354883
+22371355452
+22371355502
+22371358464
+22371359967
+22371360107
+22371360977
+22371363424
+22371364018
+22371364626
+22371368446
+22371370433
+22371371276
+22371372060
+22371372893
+22371374121
+22371375662
+22371375750
+22371375814
+22371377615
+22371381041
+22371382655
+22371384726
+22371389797
+22371391664
+22371391815
+22371395660
+22371396691
+22371400103
+22371400164
+22371401364
+22371407515
+22371409570
+22371410826
+22371411155
+22371411774
+22371413343
+22371415697
+22371419255
+22371421504
+22371422998
+22371428065
+22371428127
+22371428576
+22371431433
+22371431757
+22371432417
+22371434668
+22371434825
+22371439674
+22371440363
+22371441243
+22371441624
+22371441928
+22371444640
+22371444994
+22371445387
+22371445515
+22371449228
+22371449352
+22371449362
+22371449606
+22371451342
+22371451371
+22371451937
+22371453815
+22371456508
+22371456539
+22371457234
+22371457743
+22371458702
+22371458755
+22371463705
+22371464635
+22371465399
+22371465579
+22371467581
+22371468670
+22371469658
+22371470044
+22371472226
+22371472560
+22371474452
+22371474799
+22371474908
+22371475386
+22371476178
+22371479095
+22371480724
+22371485272
+22371486027
+22371487068
+22371487450
+22371487887
+22371490950
+22371491335
+22371492555
+22371493010
+22371495517
+22371496723
+22371497518
+22371498061
+22371498640
+22371499399
+22371499788
+22371499794
+22371500126
+22371501351
+22371502458
+22371502652
+22371503898
+22371504747
+22371509042
+22371511272
+22371511436
+22371511833
+22371514100
+22371516297
+22371517738
+22371519770
+22371522889
+22371524103
+22371524942
+22371525320
+22371525346
+22371528781
+22371532074
+22371533436
+22371533545
+22371533802
+22371535865
+22371536316
+22371541836
+22371542259
+22371542411
+22371544887
+22371545144
+22371545218
+22371549085
+22371549368
+22371553590
+22371556920
+22371558186
+22371558661
+22371558933
+22371559680
+22371559954
+22371560429
+22371561833
+22371561978
+22371566261
+22371568002
+22371568298
+22371569674
+22371569933
+22371572511
+22371574015
+22371574987
+22371578765
+22371581814
+22371581876
+22371583702
+22371584237
+22371586841
+22371588419
+22371588831
+22371590052
+22371592325
+22371592490
+22371592940
+22371594415
+22371595261
+22371595472
+22371595943
+22371596430
+22371602104
+22371605718
+22371606691
+22371607479
+22371609950
+22371612493
+22371612654
+22371614443
+22371616577
+22371617730
+22371618055
+22371619122
+22371624304
+22371624311
+22371624672
+22371630855
+22371631475
+22371631753
+22371634124
+22371634515
+22371636194
+22371637911
+22371638128
+22371640087
+22371640286
+22371640431
+22371641533
+22371643171
+22371647166
+22371647736
+22371647827
+22371651144
+22371651887
+22371653709
+22371654412
+22371656818
+22371668373
+22371670334
+22371671200
+22371671792
+22371672680
+22371674528
+22371674576
+22371674795
+22371674990
+22371677382
+22371678109
+22371678352
+22371678508
+22371681281
+22371683447
+22371684836
+22371685841
+22371688480
+22371689156
+22371689803
+22371689835
+22371691171
+22371692002
+22371692038
+22371692179
+22371692233
+22371692271
+22371692723
+22371692824
+22371692972
+22371693099
+22371693183
+22371693215
+22371693474
+22371693826
+22371694599
+22371695922
+22371695976
+22371697071
+22371697304
+22371697327
+22371697721
+22371697800
+22371698438
+22371698757
+22371698765
+22371698935
+22371699286
+22371699328
+22371699431
+22371699518
+22371703035
+22371708901
+22371710446
+22371711785
+22371712436
+22371715260
+22371716196
+22371716502
+22371716688
+22371718371
+22371718668
+22371722787
+22371728788
+22371730793
+22371730813
+22371733141
+22371733455
+22371737370
+22371739007
+22371742209
+22371743675
+22371747559
+22371748208
+22371749484
+22371752715
+22371757768
+22371757784
+22371762329
+22371763441
+22371764075
+22371764740
+22371766112
+22371766584
+22371768967
+22371769498
+22371770719
+22371774667
+22371775456
+22371775639
+22371776420
+22371777948
+22371778608
+22371780544
+22371782324
+22371785090
+22371787672
+22371789139
+22371789227
+22371789445
+22371790650
+22371791522
+22371794072
+22371795416
+22371796818
+22371800145
+22371800436
+22371802413
+22371802704
+22371805272
+22371807902
+22371809328
+22371809520
+22371810548
+22371812021
+22371812165
+22371817619
+22371818293
+22371822724
+22371824378
+22371824404
+22371828084
+22371829652
+22371831354
+22371834727
+22371834738
+22371836237
+22371836943
+22371837722
+22371837953
+22371839949
+22371841433
+22371842021
+22371843630
+22371844436
+22371846355
+22371849001
+22371850802
+22371851484
+22371858657
+22371860023
+22371860186
+22371861519
+22371861799
+22371862367
+22371862428
+22371862819
+22371863038
+22371863088
+22371863112
+22371863159
+22371863253
+22371863386
+22371863615
+22371866289
+22371869376
+22371870559
+22371871704
+22371877007
+22371877209
+22371878541
+22371880445
+22371881157
+22371883142
+22371883908
+22371885195
+22371886331
+22371888782
+22371889111
+22371892111
+22371892652
+22371895388
+22371903384
+22371903982
+22371906153
+22371908022
+22371910069
+22371910722
+22371912483
+22371912541
+22371912887
+22371913133
+22371913568
+22371915749
+22371917304
+22371917728
+22371919336
+22371920921
+22371928335
+22371928902
+22371929550
+22371932885
+22371933288
+22371936668
+22371937164
+22371939926
+22371941859
+22371941902
+22371943064
+22371944397
+22371946047
+22371948455
+22371948758
+22371951274
+22371953159
+22371953459
+22371954762
+22371955702
+22371961150
+22371961570
+22371962205
+22371967673
+22371968108
+22371970364
+22371970686
+22371974214
+22371976678
+22371977951
+22371979008
+22371980321
+22371980717
+22371981966
+22371983175
+22371985722
+22371987362
+22371989020
+22371995567
+22371996158
+22371997108
+22372000245
+22372001772
+22372003129
+22372003325
+22372004240
+22372004715
+22372005360
+22372005782
+22372007340
+22372007768
+22372008839
+22372010072
+22372012696
+22372013093
+22372014635
+22372014654
+22372016052
+22372016749
+22372017817
+22372018401
+22372019724
+22372020279
+22372023209
+22372023800
+22372024409
+22372025535
+22372028105
+22372028718
+22372029129
+22372030450
+22372034247
+22372036756
+22372036793
+22372039458
+22372043590
+22372043768
+22372044967
+22372048141
+22372048835
+22372049149
+22372051333
+22372051550
+22372053333
+22372053791
+22372054446
+22372054514
+22372055798
+22372057920
+22372060698
+22372061056
+22372061994
+22372062055
+22372062707
+22372063065
+22372063701
+22372064960
+22372066647
+22372070067
+22372074852
+22372076333
+22372078387
+22372080937
+22372081265
+22372082660
+22372087390
+22372090230
+22372091113
+22372092761
+22372093032
+22372095207
+22372098740
+22372099022
+22372100470
+22372101889
+22372104104
+22372107245
+22372107373
+22372107740
+22372107805
+22372108911
+22372109175
+22372110140
+22372110613
+22372111131
+22372112597
+22372114637
+22372118479
+22372119183
+22372122020
+22372122285
+22372122805
+22372123910
+22372124577
+22372127432
+22372130417
+22372130641
+22372135727
+22372135822
+22372137086
+22372137156
+22372137948
+22372138576
+22372139048
+22372139397
+22372139847
+22372140027
+22372140536
+22372141876
+22372143830
+22372144215
+22372145712
+22372146088
+22372148002
+22372150874
+22372151471
+22372152803
+22372153508
+22372154228
+22372154939
+22372155154
+22372155174
+22372155970
+22372157142
+22372157705
+22372158289
+22372158464
+22372158693
+22372160423
+22372161914
+22372163696
+22372165777
+22372165925
+22372167308
+22372169495
+22372171141
+22372172259
+22372173265
+22372174721
+22372178067
+22372180576
+22372181147
+22372181832
+22372182211
+22372182277
+22372182486
+22372183125
+22372187209
+22372187862
+22372188843
+22372191525
+22372192137
+22372192605
+22372194600
+22372195439
+22372195726
+22372195942
+22372197098
+22372198580
+22372198753
+22372199265
+22372200154
+22372201213
+22372201975
+22372203206
+22372205263
+22372205838
+22372211582
+22372212110
+22372214918
+22372216563
+22372216730
+22372217219
+22372218055
+22372220288
+22372221127
+22372221620
+22372221621
+22372222690
+22372222882
+22372223670
+22372224262
+22372224528
+22372225233
+22372228755
+22372229617
+22372230046
+22372230630
+22372230766
+22372231075
+22372235431
+22372236910
+22372237687
+22372238323
+22372239811
+22372240795
+22372242545
+22372242558
+22372243817
+22372243839
+22372250612
+22372252645
+22372253107
+22372254498
+22372255558
+22372257355
+22372258771
+22372260251
+22372263746
+22372265320
+22372268335
+22372268803
+22372268988
+22372269465
+22372269967
+22372272411
+22372273307
+22372273647
+22372274682
+22372274978
+22372277109
+22372277448
+22372277656
+22372277671
+22372277707
+22372277930
+22372280797
+22372281562
+22372281946
+22372282578
+22372284586
+22372285133
+22372285338
+22372285933
+22372286215
+22372286788
+22372287422
+22372288062
+22372290871
+22372294392
+22372294986
+22372296296
+22372297305
+22372298486
+22372300450
+22372301491
+22372306392
+22372307216
+22372308035
+22372308243
+22372309600
+22372311114
+22372312229
+22372312598
+22372313477
+22372314956
+22372318209
+22372321500
+22372325189
+22372326187
+22372326544
+22372327129
+22372327424
+22372327582
+22372328892
+22372329627
+22372329724
+22372329905
+22372330250
+22372332231
+22372333040
+22372334357
+22372334559
+22372334944
+22372338112
+22372338148
+22372340478
+22372340956
+22372341902
+22372342090
+22372342767
+22372345483
+22372346219
+22372351507
+22372353913
+22372355033
+22372355741
+22372357240
+22372357307
+22372357720
+22372360258
+22372361817
+22372362092
+22372362666
+22372365413
+22372366130
+22372368340
+22372370970
+22372373844
+22372373896
+22372375230
+22372377230
+22372377238
+22372377338
+22372377451
+22372377766
+22372378463
+22372380358
+22372381571
+22372383630
+22372383890
+22372384522
+22372384916
+22372385244
+22372387478
+22372387613
+22372389104
+22372390859
+22372391360
+22372395771
+22372397334
+22372398345
+22372400297
+22372401714
+22372402084
+22372405148
+22372407592
+22372409400
+22372409550
+22372410011
+22372410279
+22372414209
+22372415187
+22372416159
+22372418519
+22372418736
+22372421016
+22372421952
+22372422269
+22372422870
+22372423066
+22372423915
+22372424338
+22372426926
+22372428605
+22372428646
+22372429575
+22372431341
+22372433525
+22372434473
+22372437541
+22372437620
+22372438553
+22372438799
+22372443395
+22372444711
+22372444742
+22372450178
+22372450201
+22372450477
+22372451428
+22372452486
+22372452636
+22372452932
+22372454482
+22372454576
+22372455076
+22372455564
+22372455582
+22372457855
+22372458170
+22372459714
+22372459999
+22372460855
+22372463337
+22372464251
+22372465773
+22372467092
+22372470581
+22372473689
+22372475116
+22372481641
+22372483870
+22372485096
+22372486438
+22372486512
+22372487355
+22372488416
+22372488858
+22372489278
+22372490043
+22372490925
+22372491533
+22372492040
+22372492095
+22372495222
+22372495351
+22372502276
+22372502663
+22372503443
+22372504954
+22372505474
+22372506008
+22372509012
+22372510085
+22372511617
+22372511952
+22372512050
+22372513089
+22372513482
+22372515064
+22372515176
+22372517412
+22372521006
+22372522010
+22372522607
+22372524640
+22372528539
+22372529327
+22372530007
+22372530009
+22372530012
+22372530013
+22372530018
+22372530023
+22372530024
+22372530225
+22372531485
+22372533708
+22372534227
+22372534453
+22372535185
+22372536362
+22372537119
+22372537792
+22372544192
+22372545280
+22372548172
+22372549612
+22372550352
+22372550816
+22372551618
+22372551737
+22372553020
+22372554224
+22372554483
+22372554557
+22372555024
+22372555212
+22372555503
+22372555530
+22372555546
+22372555573
+22372555865
+22372556204
+22372557174
+22372557278
+22372559567
+22372561470
+22372563974
+22372564980
+22372565877
+22372567728
+22372568668
+22372568815
+22372569000
+22372569189
+22372569369
+22372570916
+22372571865
+22372572140
+22372574476
+22372575722
+22372577236
+22372577559
+22372578274
+22372580216
+22372582220
+22372586172
+22372586730
+22372586838
+22372587879
+22372591150
+22372592087
+22372592719
+22372593458
+22372595207
+22372600217
+22372608333
+22372609686
+22372613405
+22372614246
+22372619881
+22372622382
+22372622423
+22372623717
+22372628171
+22372629587
+22372634767
+22372637052
+22372642488
+22372644502
+22372646163
+22372646288
+22372647273
+22372647372
+22372647996
+22372652074
+22372652191
+22372652863
+22372655682
+22372656098
+22372657711
+22372661871
+22372664442
+22372665769
+22372666036
+22372666485
+22372667272
+22372667294
+22372667962
+22372671490
+22372673747
+22372680158
+22372680332
+22372680354
+22372681393
+22372681602
+22372682127
+22372682479
+22372682641
+22372684958
+22372685110
+22372688435
+22372690865
+22372691806
+22372692538
+22372692809
+22372695224
+22372695256
+22372696931
+22372698322
+22372700260
+22372703138
+22372703747
+22372704278
+22372705009
+22372705839
+22372707606
+22372708455
+22372708840
+22372710508
+22372711807
+22372716197
+22372716278
+22372716385
+22372716505
+22372717361
+22372719600
+22372720027
+22372722092
+22372722635
+22372722692
+22372723174
+22372723196
+22372723293
+22372723925
+22372725145
+22372726089
+22372727601
+22372728484
+22372728867
+22372729544
+22372730097
+22372734724
+22372735158
+22372736932
+22372740283
+22372741528
+22372741752
+22372742555
+22372742686
+22372745269
+22372746811
+22372747066
+22372747985
+22372749343
+22372751563
+22372753089
+22372756477
+22372758932
+22372759568
+22372763351
+22372765232
+22372765507
+22372767698
+22372769611
+22372772890
+22372774398
+22372774858
+22372775442
+22372778532
+22372779840
+22372781999
+22372782335
+22372782445
+22372782447
+22372783363
+22372784707
+22372786576
+22372789073
+22372790302
+22372791715
+22372792021
+22372792178
+22372794865
+22372795820
+22372797291
+22372800625
+22372802145
+22372809027
+22372811288
+22372812615
+22372815279
+22372817873
+22372817943
+22372818004
+22372818086
+22372819190
+22372821479
+22372821656
+22372822415
+22372824684
+22372826225
+22372826603
+22372826727
+22372828133
+22372833761
+22372835088
+22372841740
+22372841803
+22372845143
+22372846423
+22372847815
+22372850510
+22372851295
+22372851519
+22372851988
+22372853195
+22372855413
+22372855994
+22372858254
+22372858268
+22372865837
+22372867755
+22372873503
+22372875116
+22372875982
+22372876261
+22372882526
+22372884425
+22372884683
+22372884856
+22372885522
+22372888841
+22372889561
+22372890498
+22372890509
+22372891575
+22372893446
+22372895418
+22372895767
+22372896594
+22372898169
+22372898602
+22372899242
+22372899445
+22372901873
+22372908027
+22372909149
+22372912738
+22372913065
+22372914969
+22372916478
+22372918316
+22372919778
+22372919881
+22372921263
+22372923670
+22372923916
+22372926808
+22372926915
+22372928604
+22372930011
+22372933853
+22372940026
+22372940069
+22372942398
+22372943227
+22372946404
+22372947538
+22372949779
+22372951709
+22372954231
+22372956825
+22372956859
+22372959754
+22372959879
+22372962303
+22372963844
+22372964007
+22372964388
+22372966814
+22372968322
+22372969286
+22372971593
+22372972962
+22372977430
+22372978475
+22372979384
+22372979899
+22372981471
+22372982089
+22372982485
+22372983758
+22372986838
+22372987461
+22372988412
+22372988888
+22372990261
+22372990581
+22372990731
+22372991777
+22372995933
+22372998350
+22372998940
+22372999513
+22373001067
+22373002384
+22373002937
+22373004097
+22373004521
+22373007468
+22373008445
+22373010473
+22373012398
+22373012895
+22373014071
+22373014301
+22373015146
+22373017115
+22373017338
+22373020713
+22373020796
+22373021971
+22373022280
+22373032094
+22373034188
+22373035083
+22373035360
+22373037225
+22373041721
+22373042460
+22373043871
+22373045272
+22373046133
+22373046291
+22373048374
+22373051094
+22373051620
+22373052777
+22373053091
+22373057679
+22373059902
+22373067674
+22373067760
+22373068254
+22373068290
+22373070840
+22373071010
+22373071545
+22373076058
+22373076435
+22373077547
+22373079971
+22373080869
+22373081521
+22373082730
+22373083877
+22373085725
+22373086694
+22373088064
+22373088278
+22373089018
+22373090115
+22373091121
+22373092086
+22373093087
+22373093448
+22373100301
+22373100343
+22373103537
+22373106916
+22373109518
+22373110545
+22373113299
+22373113475
+22373114906
+22373115272
+22373116043
+22373116513
+22373119170
+22373120380
+22373121269
+22373121419
+22373123322
+22373124898
+22373127122
+22373129991
+22373130015
+22373131478
+22373131493
+22373131639
+22373132120
+22373135926
+22373136343
+22373138782
+22373138980
+22373141008
+22373143474
+22373148285
+22373148748
+22373156616
+22373158766
+22373160357
+22373161714
+22373166577
+22373167921
+22373170070
+22373173408
+22373173595
+22373174439
+22373174449
+22373175027
+22373176250
+22373177399
+22373177875
+22373180593
+22373181496
+22373184462
+22373185952
+22373187178
+22373187423
+22373188521
+22373190673
+22373191973
+22373193046
+22373193835
+22373195694
+22373196046
+22373197215
+22373197680
+22373199773
+22373200350
+22373200351
+22373200353
+22373200354
+22373200355
+22373200356
+22373200357
+22373200358
+22373200359
+22373202172
+22373202659
+22373203724
+22373203825
+22373205558
+22373205708
+22373206108
+22373206402
+22373208698
+22373209927
+22373212717
+22373212899
+22373215524
+22373216105
+22373220578
+22373220682
+22373223520
+22373225154
+22373227780
+22373227781
+22373229521
+22373233066
+22373236710
+22373243061
+22373244122
+22373244991
+22373245365
+22373247664
+22373248918
+22373249874
+22373251099
+22373251274
+22373251279
+22373253552
+22373256109
+22373258111
+22373259031
+22373260854
+22373262562
+22373263825
+22373264347
+22373266983
+22373267323
+22373269356
+22373270794
+22373271067
+22373272382
+22373275865
+22373275955
+22373276125
+22373279775
+22373279825
+22373283069
+22373284441
+22373285389
+22373286498
+22373287547
+22373289479
+22373289553
+22373290277
+22373291129
+22373293288
+22373297176
+22373297451
+22373298535
+22373302477
+22373302553
+22373304383
+22373306572
+22373306897
+22373309604
+22373310560
+22373314032
+22373314232
+22373315434
+22373315701
+22373319115
+22373319133
+22373321817
+22373322123
+22373323752
+22373324551
+22373327918
+22373328084
+22373329900
+22373330251
+22373335256
+22373335554
+22373336411
+22373337150
+22373338051
+22373338335
+22373340094
+22373340250
+22373343252
+22373343550
+22373344205
+22373345221
+22373345546
+22373348681
+22373350840
+22373350849
+22373352617
+22373353295
+22373353948
+22373354157
+22373356553
+22373359058
+22373359078
+22373359326
+22373359454
+22373359559
+22373366074
+22373367314
+22373368512
+22373375248
+22373375944
+22373382613
+22373384829
+22373386339
+22373387389
+22373387857
+22373387963
+22373388378
+22373393164
+22373393181
+22373394276
+22373394340
+22373394370
+22373397311
+22373397786
+22373400493
+22373401011
+22373403366
+22373404245
+22373405910
+22373406447
+22373407353
+22373409480
+22373410154
+22373410785
+22373411357
+22373411727
+22373419178
+22373419209
+22373421358
+22373421978
+22373422598
+22373423045
+22373423164
+22373425924
+22373426412
+22373427863
+22373430858
+22373433159
+22373433340
+22373434722
+22373434789
+22373436307
+22373436495
+22373437015
+22373440138
+22373441325
+22373441679
+22373441738
+22373442247
+22373442369
+22373444278
+22373444970
+22373445258
+22373446427
+22373452316
+22373452969
+22373457739
+22373459161
+22373460413
+22373460740
+22373460862
+22373460867
+22373461750
+22373467053
+22373468589
+22373469334
+22373469487
+22373473409
+22373473590
+22373474491
+22373474540
+22373475540
+22373476828
+22373476996
+22373477281
+22373478608
+22373478901
+22373479159
+22373481486
+22373481786
+22373482043
+22373487643
+22373489091
+22373489883
+22373491553
+22373491820
+22373491976
+22373494518
+22373495121
+22373495840
+22373496918
+22373504036
+22373506257
+22373506987
+22373510666
+22373512144
+22373513391
+22373513482
+22373514689
+22373515106
+22373515777
+22373518343
+22373518835
+22373519086
+22373520992
+22373523439
+22373524768
+22373525409
+22373527267
+22373530257
+22373530596
+22373530601
+22373530676
+22373533156
+22373534506
+22373535098
+22373536147
+22373536235
+22373536669
+22373537264
+22373538173
+22373538438
+22373538843
+22373540989
+22373541003
+22373541384
+22373541431
+22373545666
+22373545909
+22373550347
+22373554505
+22373554873
+22373555257
+22373555274
+22373555693
+22373556751
+22373557212
+22373558953
+22373562676
+22373565350
+22373565647
+22373566147
+22373567417
+22373568173
+22373575307
+22373579659
+22373582497
+22373583037
+22373584020
+22373585302
+22373588713
+22373589038
+22373590757
+22373592366
+22373593554
+22373594428
+22373594769
+22373596009
+22373599806
+22373600093
+22373600679
+22373603044
+22373604782
+22373606308
+22373606433
+22373607963
+22373608252
+22373608374
+22373611161
+22373612959
+22373617289
+22373621161
+22373621644
+22373625756
+22373627199
+22373628411
+22373628851
+22373629197
+22373629799
+22373630827
+22373631801
+22373632736
+22373634574
+22373635311
+22373639948
+22373640632
+22373641676
+22373643606
+22373646948
+22373648896
+22373648967
+22373649487
+22373651395
+22373653129
+22373653888
+22373654575
+22373655160
+22373655344
+22373655975
+22373661762
+22373662520
+22373664858
+22373665457
+22373665472
+22373665637
+22373665931
+22373666539
+22373666938
+22373668070
+22373670064
+22373670816
+22373673133
+22373673185
+22373674269
+22373675513
+22373675582
+22373676343
+22373677182
+22373678251
+22373679000
+22373684681
+22373685537
+22373685717
+22373688354
+22373689365
+22373695808
+22373697931
+22373699157
+22373699998
+22373700411
+22373703054
+22373703606
+22373705304
+22373706608
+22373709293
+22373711462
+22373711555
+22373712388
+22373712563
+22373713739
+22373714591
+22373715888
+22373716843
+22373717763
+22373718118
+22373719899
+22373720359
+22373722063
+22373726121
+22373730886
+22373734172
+22373734345
+22373734784
+22373736133
+22373736848
+22373737848
+22373738130
+22373738530
+22373740457
+22373741341
+22373742000
+22373743033
+22373745208
+22373746214
+22373746333
+22373746885
+22373748051
+22373749822
+22373750503
+22373752038
+22373754345
+22373754654
+22373754959
+22373755277
+22373758901
+22373759738
+22373761202
+22373761229
+22373762999
+22373764490
+22373766552
+22373768818
+22373770201
+22373770786
+22373771513
+22373773239
+22373775552
+22373777804
+22373781051
+22373783078
+22373783374
+22373784253
+22373784742
+22373785285
+22373785519
+22373786295
+22373787030
+22373787808
+22373788455
+22373789532
+22373793198
+22373795696
+22373795975
+22373796120
+22373796370
+22373796972
+22373797407
+22373798875
+22373800257
+22373804466
+22373804571
+22373805794
+22373809654
+22373810903
+22373812912
+22373814339
+22373816383
+22373816450
+22373819932
+22373819938
+22373821735
+22373828580
+22373829518
+22373830363
+22373831012
+22373831461
+22373833097
+22373837879
+22373838441
+22373838446
+22373843929
+22373846146
+22373847683
+22373849200
+22373851925
+22373854041
+22373854712
+22373856414
+22373857258
+22373858000
+22373858055
+22373859259
+22373861935
+22373863759
+22373865603
+22373867119
+22373868161
+22373868924
+22373870820
+22373873203
+22373875603
+22373876831
+22373876979
+22373878572
+22373879923
+22373882884
+22373887723
+22373888863
+22373888909
+22373891336
+22373892171
+22373892899
+22373897113
+22373899342
+22373902577
+22373902691
+22373902768
+22373903498
+22373905011
+22373906106
+22373906300
+22373908668
+22373910646
+22373913382
+22373913947
+22373914449
+22373914463
+22373914842
+22373915193
+22373915519
+22373916411
+22373916919
+22373919589
+22373919615
+22373923970
+22373924323
+22373934073
+22373936821
+22373941666
+22373946540
+22373946997
+22373947514
+22373949144
+22373950183
+22373950561
+22373952002
+22373955403
+22373955873
+22373956457
+22373956596
+22373957542
+22373957877
+22373959735
+22373965194
+22373968518
+22373969831
+22373970199
+22373970607
+22373971431
+22373972131
+22373974204
+22373974745
+22373975472
+22373981043
+22373981477
+22373981925
+22373984673
+22373990383
+22373992141
+22373992677
+22373997889
+22373998664
+22373998880
+22374001213
+22374001347
+22374004333
+22374004438
+22374006568
+22374006858
+22374008338
+22374009875
+22374010399
+22374010877
+22374011577
+22374011837
+22374013069
+22374016350
+22374016979
+22374017699
+22374018539
+22374019698
+22374023167
+22374023885
+22374024040
+22374025142
+22374026129
+22374026310
+22374027461
+22374031744
+22374035071
+22374036420
+22374038437
+22374039757
+22374039808
+22374042889
+22374043424
+22374046838
+22374047532
+22374049452
+22374053072
+22374055880
+22374058721
+22374064445
+22374066208
+22374068340
+22374070406
+22374070407
+22374071532
+22374075428
+22374075644
+22374075776
+22374079297
+22374081018
+22374081347
+22374081701
+22374082852
+22374085529
+22374086856
+22374088883
+22374089897
+22374090542
+22374091061
+22374092579
+22374097144
+22374102624
+22374102759
+22374102917
+22374104707
+22374105238
+22374105455
+22374105910
+22374106918
+22374107762
+22374108091
+22374109034
+22374109198
+22374110849
+22374112381
+22374115414
+22374115671
+22374118051
+22374118511
+22374120579
+22374126197
+22374127322
+22374127397
+22374130044
+22374131186
+22374133360
+22374133951
+22374133955
+22374138816
+22374138854
+22374142811
+22374143640
+22374144529
+22374146573
+22374148394
+22374151213
+22374151953
+22374152318
+22374152499
+22374155278
+22374155712
+22374155945
+22374158101
+22374158166
+22374158524
+22374158985
+22374159708
+22374161731
+22374163732
+22374164628
+22374166957
+22374167546
+22374167708
+22374168606
+22374170264
+22374171105
+22374172734
+22374173327
+22374174763
+22374176247
+22374176453
+22374176573
+22374179141
+22374180216
+22374183963
+22374185350
+22374185849
+22374186397
+22374187026
+22374187215
+22374188969
+22374190598
+22374191357
+22374192034
+22374194869
+22374195874
+22374197160
+22374198665
+22374199888
+22374200029
+22374204323
+22374204859
+22374205337
+22374207340
+22374210790
+22374210908
+22374212032
+22374212868
+22374213052
+22374215862
+22374218816
+22374219789
+22374220324
+22374222348
+22374224164
+22374224924
+22374226103
+22374226273
+22374229763
+22374231244
+22374235882
+22374240855
+22374241695
+22374243085
+22374243744
+22374244473
+22374245330
+22374245636
+22374246485
+22374247544
+22374247645
+22374251243
+22374251380
+22374252589
+22374253585
+22374254623
+22374254632
+22374255516
+22374256179
+22374256254
+22374256839
+22374257793
+22374258104
+22374258531
+22374266313
+22374266553
+22374269481
+22374270727
+22374271431
+22374271741
+22374274249
+22374275196
+22374277400
+22374277814
+22374277862
+22374278978
+22374279450
+22374279740
+22374281877
+22374282658
+22374284094
+22374286303
+22374287136
+22374287534
+22374291990
+22374293823
+22374294553
+22374299017
+22374299318
+22374299371
+22374301869
+22374305440
+22374306058
+22374306071
+22374308256
+22374308272
+22374309981
+22374310698
+22374311248
+22374312019
+22374314216
+22374319342
+22374320588
+22374321568
+22374327123
+22374332935
+22374336037
+22374337427
+22374337610
+22374339413
+22374343456
+22374344171
+22374347003
+22374348993
+22374349463
+22374351610
+22374351650
+22374351660
+22374351780
+22374352281
+22374352692
+22374353100
+22374353628
+22374353940
+22374354541
+22374354673
+22374355291
+22374355331
+22374355887
+22374356519
+22374356626
+22374357580
+22374357622
+22374358054
+22374358268
+22374358381
+22374358506
+22374359013
+22374359620
+22374360438
+22374362453
+22374362974
+22374363475
+22374364471
+22374371097
+22374371271
+22374371737
+22374376153
+22374376404
+22374376731
+22374381330
+22374381414
+22374389315
+22374393878
+22374395433
+22374396094
+22374398490
+22374399037
+22374403353
+22374404223
+22374405450
+22374405659
+22374407230
+22374409357
+22374409773
+22374416852
+22374418007
+22374418991
+22374419149
+22374419183
+22374419416
+22374420076
+22374422140
+22374423639
+22374423841
+22374424450
+22374425228
+22374425274
+22374431309
+22374431388
+22374431807
+22374431998
+22374432070
+22374434006
+22374436072
+22374436912
+22374443527
+22374445929
+22374446957
+22374451115
+22374453153
+22374453377
+22374454186
+22374454504
+22374454938
+22374455701
+22374456189
+22374456472
+22374456573
+22374462519
+22374462816
+22374463500
+22374463668
+22374464239
+22374465371
+22374465760
+22374468106
+22374469239
+22374469240
+22374469248
+22374472744
+22374472969
+22374473580
+22374474867
+22374476207
+22374478412
+22374478780
+22374481946
+22374483122
+22374483955
+22374485239
+22374485612
+22374485765
+22374486282
+22374486667
+22374486983
+22374488422
+22374493583
+22374494105
+22374494543
+22374494567
+22374494579
+22374494734
+22374494818
+22374495203
+22374495754
+22374495851
+22374496016
+22374498788
+22374499029
+22374499734
+22374502459
+22374502591
+22374502651
+22374505080
+22374505090
+22374505286
+22374507662
+22374508657
+22374513108
+22374514331
+22374515909
+22374516549
+22374517743
+22374517752
+22374520436
+22374522089
+22374524707
+22374527635
+22374530157
+22374530602
+22374532645
+22374534837
+22374536873
+22374538831
+22374539860
+22374540668
+22374542172
+22374543399
+22374544449
+22374547807
+22374549252
+22374549658
+22374550796
+22374551566
+22374551706
+22374552000
+22374556210
+22374558573
+22374558977
+22374560078
+22374565135
+22374565404
+22374567395
+22374571256
+22374572865
+22374573978
+22374577363
+22374577490
+22374578726
+22374581033
+22374581374
+22374581382
+22374582067
+22374585977
+22374586785
+22374587722
+22374590223
+22374590916
+22374591602
+22374592160
+22374593472
+22374595418
+22374596781
+22374597221
+22374598970
+22374599162
+22374600053
+22374600968
+22374601306
+22374601564
+22374603003
+22374605976
+22374606692
+22374607495
+22374608257
+22374608453
+22374608930
+22374608993
+22374612603
+22374612973
+22374614890
+22374616709
+22374619155
+22374619851
+22374619897
+22374620936
+22374622199
+22374625675
+22374626109
+22374631363
+22374633847
+22374634531
+22374635567
+22374635746
+22374638580
+22374639795
+22374644156
+22374644865
+22374645231
+22374645352
+22374646655
+22374648733
+22374654817
+22374655594
+22374657226
+22374657858
+22374658927
+22374659662
+22374660201
+22374661359
+22374662032
+22374662080
+22374662511
+22374662862
+22374662886
+22374663171
+22374663932
+22374665528
+22374667000
+22374667629
+22374672022
+22374672270
+22374675961
+22374676642
+22374676791
+22374678007
+22374678275
+22374679264
+22374681963
+22374683044
+22374683096
+22374684220
+22374684285
+22374686751
+22374686922
+22374687608
+22374688453
+22374695097
+22374696477
+22374698993
+22374701113
+22374701660
+22374702269
+22374702975
+22374703562
+22374704235
+22374704392
+22374705705
+22374706912
+22374707544
+22374708946
+22374709650
+22374711258
+22374711455
+22374711944
+22374712592
+22374713296
+22374713336
+22374714039
+22374714529
+22374715795
+22374720175
+22374721265
+22374721270
+22374723927
+22374733134
+22374734166
+22374740096
+22374741514
+22374741954
+22374744035
+22374744424
+22374745411
+22374745569
+22374746319
+22374747555
+22374748071
+22374749530
+22374749698
+22374750178
+22374751303
+22374751439
+22374752614
+22374753654
+22374754160
+22374757872
+22374758481
+22374759378
+22374767025
+22374768896
+22374769213
+22374770970
+22374775574
+22374775611
+22374777126
+22374780606
+22374782373
+22374787182
+22374787982
+22374792185
+22374794319
+22374797090
+22374798844
+22374800887
+22374800897
+22374806307
+22374807240
+22374808568
+22374811531
+22374813552
+22374814606
+22374815770
+22374817070
+22374817112
+22374818794
+22374821860
+22374822515
+22374822839
+22374823015
+22374823330
+22374823613
+22374824475
+22374824709
+22374824760
+22374826724
+22374826760
+22374827794
+22374827833
+22374828310
+22374828439
+22374828797
+22374828905
+22374829362
+22374829643
+22374829899
+22374829925
+22374830935
+22374831050
+22374831338
+22374831456
+22374833962
+22374836330
+22374838022
+22374838096
+22374838598
+22374838984
+22374839008
+22374841972
+22374845539
+22374845573
+22374848267
+22374848452
+22374849977
+22374851418
+22374852322
+22374855667
+22374858179
+22374861389
+22374862073
+22374863791
+22374865062
+22374866533
+22374870228
+22374870329
+22374871256
+22374871745
+22374873008
+22374873046
+22374873164
+22374873268
+22374873290
+22374873309
+22374873317
+22374873373
+22374873606
+22374873642
+22374873650
+22374873652
+22374873794
+22374873823
+22374873894
+22374873931
+22374874016
+22374874299
+22374874481
+22374874972
+22374875693
+22374875946
+22374875967
+22374879768
+22374879856
+22374879940
+22374881333
+22374882118
+22374883420
+22374885344
+22374886827
+22374887533
+22374887563
+22374894711
+22374897844
+22374898886
+22374900801
+22374902257
+22374903189
+22374911310
+22374914536
+22374916622
+22374919147
+22374920371
+22374920626
+22374921101
+22374922407
+22374924351
+22374925807
+22374926444
+22374927591
+22374928158
+22374929283
+22374929477
+22374930481
+22374930999
+22374933611
+22374934015
+22374939338
+22374941239
+22374942464
+22374942599
+22374945219
+22374947608
+22374949659
+22374949767
+22374950010
+22374955431
+22374958770
+22374959540
+22374959948
+22374961001
+22374961427
+22374961699
+22374961712
+22374961768
+22374962680
+22374964120
+22374964396
+22374964577
+22374965150
+22374965747
+22374965806
+22374965890
+22374966223
+22374966574
+22374966910
+22374967077
+22374967181
+22374967315
+22374968418
+22374968475
+22374968681
+22374968899
+22374970376
+22374976369
+22374977304
+22374978404
+22374979856
+22374984118
+22374987844
+22374988388
+22374990334
+22374990675
+22374991767
+22374993681
+22374999385
+22375002035
+22375002532
+22375004542
+22375005794
+22375009313
+22375009510
+22375009528
+22375010705
+22375011119
+22375011904
+22375013163
+22375014315
+22375014614
+22375016191
+22375016281
+22375019587
+22375020027
+22375020732
+22375020853
+22375022062
+22375022481
+22375022979
+22375024334
+22375024444
+22375026236
+22375027595
+22375028181
+22375028405
+22375030417
+22375032415
+22375032796
+22375033088
+22375033510
+22375034351
+22375035046
+22375035488
+22375036622
+22375036656
+22375037260
+22375038622
+22375038809
+22375040493
+22375040887
+22375042725
+22375042856
+22375045559
+22375045614
+22375046491
+22375047279
+22375047469
+22375048224
+22375050012
+22375050661
+22375051321
+22375052430
+22375052864
+22375053696
+22375053878
+22375058023
+22375058047
+22375058094
+22375061919
+22375062101
+22375062200
+22375062425
+22375063171
+22375064172
+22375065098
+22375065153
+22375069417
+22375071910
+22375074297
+22375074473
+22375075140
+22375078381
+22375081430
+22375081537
+22375082916
+22375083291
+22375085003
+22375085840
+22375086500
+22375086513
+22375087187
+22375087285
+22375087632
+22375087731
+22375088161
+22375088681
+22375089171
+22375090434
+22375090788
+22375091135
+22375092242
+22375092459
+22375092827
+22375096271
+22375099125
+22375099715
+22375100313
+22375100470
+22375101561
+22375103056
+22375103707
+22375106232
+22375106565
+22375108890
+22375112820
+22375113291
+22375113842
+22375116083
+22375117129
+22375117243
+22375119003
+22375120157
+22375123344
+22375125127
+22375128289
+22375130597
+22375131348
+22375132790
+22375132987
+22375133438
+22375135037
+22375136632
+22375137861
+22375140106
+22375141209
+22375142113
+22375142266
+22375142503
+22375142813
+22375142859
+22375143189
+22375145099
+22375145404
+22375146333
+22375146879
+22375148057
+22375151456
+22375153418
+22375153697
+22375154541
+22375154769
+22375156447
+22375156948
+22375159721
+22375160641
+22375163868
+22375164231
+22375164990
+22375165942
+22375168640
+22375168856
+22375169294
+22375171812
+22375175045
+22375175111
+22375177144
+22375177919
+22375177920
+22375177935
+22375178241
+22375179818
+22375183324
+22375183343
+22375186456
+22375188142
+22375191958
+22375192433
+22375193275
+22375196388
+22375197952
+22375201225
+22375201895
+22375201930
+22375202209
+22375202455
+22375203280
+22375205788
+22375205870
+22375208718
+22375209516
+22375213274
+22375213465
+22375214570
+22375218488
+22375219434
+22375223374
+22375228336
+22375228348
+22375228696
+22375228741
+22375228820
+22375228877
+22375229325
+22375232076
+22375234030
+22375238649
+22375240017
+22375240110
+22375240369
+22375241422
+22375242714
+22375242887
+22375245033
+22375245646
+22375246311
+22375250025
+22375250386
+22375251018
+22375251160
+22375251439
+22375253721
+22375254136
+22375255925
+22375263130
+22375264911
+22375266373
+22375268820
+22375269080
+22375269116
+22375269304
+22375269696
+22375269897
+22375271206
+22375271275
+22375276252
+22375276422
+22375276928
+22375278525
+22375284066
+22375285858
+22375288550
+22375290257
+22375298000
+22375298910
+22375299513
+22375301741
+22375302260
+22375303020
+22375303837
+22375304603
+22375306276
+22375307124
+22375308155
+22375309047
+22375310063
+22375310626
+22375311376
+22375311412
+22375311621
+22375313325
+22375314840
+22375318113
+22375319703
+22375319907
+22375322666
+22375323412
+22375324456
+22375325707
+22375330349
+22375331009
+22375331020
+22375331320
+22375332316
+22375332772
+22375333653
+22375335886
+22375336036
+22375336130
+22375336271
+22375336543
+22375336628
+22375336738
+22375336823
+22375336879
+22375336882
+22375337619
+22375343279
+22375345040
+22375346000
+22375346351
+22375350980
+22375351778
+22375353290
+22375354475
+22375356212
+22375359467
+22375364910
+22375366529
+22375367032
+22375367447
+22375369309
+22375370980
+22375371785
+22375373350
+22375376600
+22375376988
+22375377992
+22375378065
+22375378228
+22375378681
+22375379429
+22375380293
+22375383430
+22375383651
+22375385027
+22375385309
+22375388627
+22375388876
+22375390511
+22375391739
+22375394283
+22375398982
+22375400761
+22375401714
+22375402013
+22375402750
+22375405961
+22375406847
+22375406971
+22375407442
+22375409034
+22375409617
+22375412235
+22375413554
+22375416612
+22375417355
+22375418590
+22375420267
+22375424030
+22375424253
+22375425199
+22375426005
+22375428448
+22375431698
+22375433072
+22375433508
+22375438300
+22375440467
+22375442302
+22375445585
+22375446490
+22375446840
+22375448457
+22375453523
+22375455257
+22375457853
+22375458103
+22375458451
+22375459681
+22375459710
+22375462484
+22375465348
+22375467527
+22375467638
+22375470763
+22375472206
+22375473066
+22375474966
+22375476251
+22375477310
+22375477931
+22375478680
+22375478683
+22375479890
+22375481610
+22375484470
+22375486158
+22375487363
+22375490049
+22375490173
+22375490667
+22375491880
+22375493319
+22375493352
+22375496544
+22375497297
+22375499222
+22375503013
+22375506594
+22375509029
+22375509890
+22375510962
+22375510974
+22375514146
+22375515316
+22375520689
+22375520775
+22375524837
+22375525786
+22375527594
+22375527903
+22375528300
+22375531481
+22375531493
+22375532074
+22375532659
+22375533729
+22375536699
+22375536798
+22375536911
+22375538813
+22375538841
+22375539933
+22375541167
+22375543859
+22375544147
+22375545258
+22375547526
+22375547956
+22375548159
+22375548212
+22375549849
+22375550822
+22375551339
+22375551576
+22375554919
+22375555463
+22375556258
+22375559564
+22375564910
+22375566508
+22375566819
+22375567851
+22375568178
+22375568273
+22375568600
+22375570314
+22375570442
+22375571485
+22375571522
+22375574791
+22375576343
+22375580181
+22375582009
+22375582150
+22375585937
+22375587714
+22375588088
+22375590082
+22375591004
+22375591228
+22375592938
+22375594850
+22375595627
+22375596047
+22375598393
+22375600892
+22375601820
+22375602303
+22375605303
+22375605688
+22375606940
+22375606942
+22375607796
+22375607915
+22375608275
+22375608352
+22375610274
+22375610349
+22375611318
+22375612628
+22375613002
+22375613238
+22375613538
+22375614352
+22375615846
+22375616798
+22375617139
+22375618279
+22375619249
+22375619774
+22375619874
+22375619919
+22375621788
+22375625723
+22375628138
+22375628982
+22375631348
+22375631354
+22375633484
+22375634984
+22375635299
+22375635491
+22375636580
+22375638759
+22375639706
+22375643913
+22375647992
+22375648724
+22375649452
+22375651627
+22375652303
+22375652921
+22375653708
+22375657235
+22375657339
+22375662784
+22375663877
+22375667376
+22375667836
+22375668378
+22375669212
+22375670402
+22375672208
+22375672251
+22375674260
+22375674655
+22375675211
+22375676544
+22375678725
+22375679507
+22375679863
+22375680705
+22375683880
+22375686069
+22375688090
+22375693324
+22375694411
+22375696166
+22375696733
+22375697055
+22375698180
+22375699283
+22375702020
+22375702457
+22375703538
+22375705297
+22375715108
+22375716057
+22375716823
+22375716959
+22375717798
+22375719464
+22375720599
+22375721233
+22375721710
+22375726211
+22375730180
+22375732016
+22375734227
+22375734776
+22375734845
+22375734892
+22375735571
+22375740247
+22375741722
+22375741790
+22375742632
+22375743740
+22375744035
+22375744865
+22375745208
+22375746732
+22375753093
+22375753334
+22375753756
+22375754838
+22375754885
+22375755785
+22375756292
+22375757242
+22375758233
+22375759683
+22375759695
+22375760394
+22375761147
+22375761366
+22375761502
+22375762388
+22375763413
+22375763431
+22375765345
+22375766400
+22375767532
+22375767862
+22375768628
+22375768978
+22375769623
+22375769752
+22375769929
+22375770135
+22375770477
+22375770541
+22375771311
+22375773436
+22375776513
+22375776628
+22375776733
+22375777873
+22375780186
+22375780272
+22375781371
+22375784251
+22375785888
+22375788650
+22375789163
+22375790341
+22375791147
+22375797550
+22375801394
+22375801530
+22375801765
+22375803145
+22375803310
+22375804564
+22375805574
+22375808499
+22375810161
+22375810991
+22375811020
+22375811536
+22375812910
+22375813260
+22375813424
+22375813475
+22375814403
+22375816260
+22375821716
+22375823934
+22375824181
+22375824770
+22375825787
+22375826694
+22375827055
+22375827710
+22375827734
+22375829055
+22375830315
+22375830901
+22375833121
+22375833340
+22375835008
+22375835040
+22375836263
+22375836521
+22375837468
+22375838544
+22375838754
+22375838764
+22375840552
+22375841615
+22375842107
+22375843543
+22375844079
+22375844359
+22375844816
+22375845214
+22375848756
+22375849539
+22375850608
+22375850937
+22375851687
+22375852300
+22375856204
+22375857733
+22375858556
+22375861029
+22375863942
+22375864593
+22375869259
+22375872927
+22375874955
+22375877124
+22375879723
+22375879837
+22375881166
+22375881272
+22375881364
+22375882583
+22375882638
+22375885899
+22375885958
+22375886545
+22375886827
+22375887402
+22375887611
+22375887687
+22375892351
+22375894358
+22375899329
+22375900680
+22375903542
+22375903663
+22375908978
+22375912037
+22375914680
+22375917776
+22375919605
+22375921528
+22375922020
+22375924599
+22375925231
+22375926806
+22375927331
+22375928302
+22375929370
+22375935157
+22375938465
+22375940862
+22375941398
+22375941481
+22375942215
+22375945763
+22375951127
+22375951475
+22375952281
+22375952355
+22375953716
+22375955437
+22375958985
+22375959185
+22375963329
+22375965049
+22375970847
+22375971860
+22375972072
+22375972264
+22375972588
+22375973928
+22375974788
+22375975367
+22375975539
+22375975715
+22375977919
+22375978202
+22375978357
+22375979101
+22375979781
+22375980558
+22375982358
+22375983272
+22375984064
+22375984978
+22375988457
+22375989486
+22375991540
+22375991677
+22375993665
+22376001567
+22376004040
+22376004458
+22376006217
+22376006965
+22376007963
+22376010054
+22376011541
+22376012035
+22376013657
+22376013891
+22376014587
+22376016548
+22376017542
+22376017852
+22376018024
+22376019276
+22376019962
+22376020980
+22376021810
+22376022565
+22376023628
+22376024262
+22376024928
+22376026171
+22376027102
+22376027990
+22376030461
+22376030716
+22376033231
+22376033932
+22376036070
+22376036078
+22376036112
+22376037885
+22376037913
+22376039113
+22376040246
+22376040335
+22376040604
+22376040798
+22376041479
+22376041997
+22376042447
+22376044398
+22376044455
+22376044783
+22376045218
+22376046046
+22376046050
+22376046124
+22376046148
+22376046154
+22376046185
+22376046202
+22376046315
+22376046316
+22376046328
+22376046390
+22376046436
+22376046705
+22376046877
+22376046887
+22376046912
+22376046925
+22376046987
+22376047455
+22376047614
+22376048481
+22376049739
+22376049831
+22376053494
+22376055549
+22376056750
+22376057721
+22376059214
+22376060138
+22376061001
+22376061260
+22376066265
+22376068120
+22376068560
+22376074118
+22376074853
+22376075153
+22376075211
+22376075218
+22376076543
+22376077607
+22376078338
+22376080829
+22376081142
+22376082270
+22376082688
+22376083737
+22376084900
+22376085107
+22376085598
+22376086421
+22376088197
+22376089056
+22376089849
+22376095921
+22376100535
+22376101639
+22376104358
+22376104465
+22376104639
+22376104919
+22376104925
+22376105554
+22376108685
+22376108888
+22376109167
+22376109566
+22376112169
+22376112453
+22376112456
+22376112716
+22376113762
+22376114681
+22376115528
+22376115974
+22376117979
+22376120220
+22376120542
+22376122639
+22376124531
+22376125252
+22376126596
+22376126824
+22376127462
+22376127915
+22376132204
+22376136735
+22376137000
+22376138111
+22376138219
+22376139198
+22376139725
+22376140830
+22376141499
+22376142312
+22376142448
+22376143098
+22376143472
+22376144861
+22376146944
+22376147945
+22376148522
+22376149320
+22376149583
+22376150930
+22376153737
+22376156039
+22376156425
+22376157039
+22376158598
+22376161243
+22376162641
+22376163535
+22376167635
+22376168130
+22376168239
+22376168577
+22376170201
+22376170663
+22376171109
+22376172384
+22376173097
+22376173711
+22376174362
+22376175524
+22376179167
+22376182112
+22376182800
+22376184299
+22376185006
+22376185461
+22376188203
+22376189816
+22376190274
+22376190535
+22376191025
+22376191184
+22376191815
+22376193194
+22376193949
+22376194826
+22376195100
+22376195589
+22376195802
+22376197351
+22376197452
+22376197772
+22376198635
+22376199241
+22376199633
+22376199965
+22376201132
+22376203665
+22376203757
+22376205620
+22376207363
+22376207410
+22376208515
+22376209004
+22376209245
+22376210288
+22376210940
+22376211664
+22376211916
+22376212370
+22376212841
+22376213272
+22376213275
+22376216555
+22376219419
+22376221075
+22376221092
+22376221971
+22376222332
+22376222585
+22376223118
+22376223175
+22376223809
+22376225085
+22376225262
+22376225858
+22376225994
+22376226246
+22376228735
+22376232003
+22376232690
+22376232890
+22376233006
+22376233203
+22376234853
+22376235137
+22376235748
+22376236375
+22376236533
+22376236627
+22376238008
+22376238101
+22376240288
+22376241141
+22376241461
+22376241943
+22376242882
+22376243037
+22376244689
+22376246009
+22376246038
+22376247537
+22376248602
+22376250653
+22376250676
+22376250789
+22376253032
+22376254949
+22376256235
+22376256900
+22376257027
+22376258037
+22376259164
+22376260407
+22376261656
+22376262806
+22376263480
+22376265426
+22376266054
+22376268503
+22376270422
+22376270489
+22376270859
+22376271004
+22376271301
+22376272198
+22376274384
+22376275801
+22376276082
+22376278793
+22376281740
+22376281983
+22376282676
+22376282777
+22376283352
+22376283786
+22376284752
+22376284854
+22376285663
+22376286095
+22376287681
+22376288060
+22376289239
+22376289942
+22376290268
+22376291770
+22376292301
+22376297152
+22376297513
+22376298012
+22376299705
+22376300918
+22376301021
+22376301291
+22376302698
+22376305893
+22376306525
+22376306579
+22376306752
+22376307045
+22376310732
+22376311982
+22376312416
+22376312634
+22376313532
+22376314005
+22376314283
+22376320770
+22376321526
+22376321675
+22376322805
+22376324923
+22376325139
+22376325610
+22376325634
+22376326153
+22376326316
+22376327420
+22376328689
+22376329292
+22376332084
+22376332851
+22376333165
+22376334884
+22376335561
+22376338809
+22376338992
+22376339248
+22376339255
+22376340898
+22376342432
+22376342559
+22376343076
+22376343307
+22376346895
+22376347151
+22376347677
+22376348512
+22376348963
+22376350157
+22376350494
+22376350505
+22376352308
+22376355600
+22376357262
+22376357659
+22376359028
+22376359289
+22376360424
+22376360905
+22376362000
+22376362634
+22376363160
+22376365110
+22376366488
+22376366603
+22376366822
+22376368202
+22376369408
+22376370228
+22376370930
+22376370994
+22376370996
+22376371434
+22376372361
+22376372405
+22376374304
+22376375089
+22376375838
+22376376505
+22376376542
+22376377006
+22376379166
+22376380237
+22376381414
+22376382096
+22376382727
+22376383016
+22376383123
+22376385348
+22376386579
+22376390357
+22376391163
+22376393859
+22376394923
+22376395634
+22376397966
+22376398120
+22376398574
+22376398640
+22376398657
+22376398855
+22376399204
+22376399378
+22376400202
+22376400607
+22376401472
+22376402766
+22376403833
+22376406887
+22376407091
+22376410469
+22376413562
+22376414178
+22376414827
+22376415889
+22376416567
+22376417276
+22376417279
+22376417777
+22376419050
+22376421758
+22376422173
+22376424973
+22376425032
+22376426889
+22376427170
+22376430483
+22376431406
+22376433623
+22376433662
+22376433872
+22376439245
+22376439493
+22376439592
+22376441474
+22376441494
+22376441724
+22376441917
+22376442377
+22376442756
+22376443122
+22376443445
+22376443616
+22376443949
+22376444598
+22376446670
+22376447788
+22376448227
+22376450457
+22376451474
+22376451644
+22376452110
+22376452909
+22376453407
+22376454314
+22376454879
+22376455110
+22376455294
+22376456888
+22376456999
+22376458904
+22376459997
+22376460668
+22376460701
+22376462147
+22376463788
+22376464407
+22376464690
+22376466096
+22376466167
+22376466606
+22376466667
+22376466998
+22376467626
+22376468332
+22376471265
+22376472065
+22376473727
+22376475318
+22376476172
+22376477190
+22376477374
+22376479072
+22376479659
+22376479695
+22376479744
+22376480504
+22376483009
+22376483153
+22376483319
+22376484180
+22376485518
+22376486958
+22376488846
+22376493882
+22376494082
+22376494741
+22376498002
+22376500549
+22376501197
+22376502685
+22376503610
+22376504232
+22376505357
+22376505998
+22376506383
+22376506731
+22376507596
+22376507981
+22376508312
+22376510651
+22376512086
+22376513733
+22376514606
+22376515382
+22376516229
+22376518550
+22376521130
+22376523287
+22376523736
+22376524772
+22376528112
+22376528295
+22376531113
+22376531983
+22376532182
+22376532955
+22376533040
+22376535259
+22376536747
+22376537300
+22376538873
+22376539362
+22376540468
+22376541089
+22376541174
+22376545447
+22376547683
+22376548478
+22376548626
+22376549139
+22376549492
+22376549797
+22376551272
+22376551331
+22376551696
+22376552062
+22376552508
+22376553584
+22376554017
+22376555139
+22376555901
+22376558054
+22376559385
+22376560465
+22376560544
+22376560702
+22376560794
+22376561083
+22376561110
+22376561161
+22376561175
+22376561243
+22376561600
+22376561733
+22376561785
+22376561846
+22376561940
+22376562012
+22376562247
+22376562283
+22376562302
+22376562305
+22376562712
+22376562728
+22376562880
+22376563188
+22376563775
+22376564038
+22376564599
+22376564666
+22376564804
+22376564833
+22376564989
+22376565078
+22376565191
+22376565369
+22376565636
+22376565806
+22376565921
+22376565956
+22376566071
+22376566127
+22376566152
+22376566277
+22376566291
+22376566292
+22376566308
+22376566313
+22376566320
+22376566623
+22376566635
+22376566871
+22376566887
+22376566902
+22376566982
+22376566983
+22376567128
+22376567354
+22376567992
+22376568110
+22376568425
+22376568650
+22376568741
+22376568873
+22376569128
+22376569405
+22376569467
+22376569486
+22376569600
+22376569702
+22376569834
+22376570046
+22376570477
+22376571163
+22376574340
+22376574934
+22376575717
+22376575863
+22376576132
+22376579090
+22376579928
+22376580227
+22376580263
+22376582114
+22376582506
+22376583190
+22376583933
+22376585102
+22376585160
+22376587993
+22376588048
+22376588696
+22376591823
+22376592258
+22376593881
+22376594288
+22376596564
+22376597375
+22376597910
+22376599584
+22376599688
+22376600048
+22376601179
+22376601420
+22376601798
+22376602223
+22376602365
+22376602876
+22376603557
+22376603662
+22376603768
+22376604924
+22376605893
+22376606649
+22376607730
+22376608782
+22376610802
+22376611835
+22376614693
+22376615484
+22376618035
+22376620739
+22376620885
+22376620940
+22376621260
+22376623330
+22376623383
+22376626118
+22376628592
+22376629678
+22376629798
+22376630088
+22376635018
+22376636139
+22376637492
+22376639296
+22376639773
+22376640015
+22376641634
+22376642167
+22376642323
+22376644151
+22376646377
+22376646448
+22376649487
+22376650535
+22376652939
+22376655563
+22376655668
+22376656416
+22376656790
+22376656878
+22376659717
+22376660005
+22376660438
+22376661473
+22376662056
+22376666144
+22376668060
+22376669609
+22376675316
+22376678754
+22376679097
+22376680034
+22376680147
+22376680247
+22376684444
+22376684488
+22376686017
+22376688147
+22376688726
+22376689131
+22376690159
+22376696952
+22376697035
+22376697154
+22376697355
+22376698512
+22376699013
+22376699597
+22376700275
+22376702082
+22376703913
+22376706985
+22376707611
+22376712841
+22376713433
+22376713874
+22376714093
+22376714706
+22376719494
+22376720377
+22376720682
+22376722560
+22376722629
+22376722919
+22376724955
+22376725318
+22376727340
+22376727952
+22376727961
+22376727979
+22376728143
+22376728544
+22376729139
+22376729777
+22376730220
+22376732427
+22376736154
+22376736258
+22376736877
+22376737408
+22376737669
+22376738344
+22376740026
+22376740258
+22376741140
+22376741862
+22376742632
+22376743273
+22376746035
+22376746870
+22376747265
+22376747871
+22376748734
+22376748782
+22376749511
+22376749988
+22376750238
+22376750511
+22376750955
+22376751631
+22376751659
+22376751811
+22376752562
+22376752970
+22376753728
+22376755537
+22376757385
+22376757546
+22376757748
+22376759445
+22376759516
+22376760170
+22376761229
+22376762001
+22376762131
+22376762132
+22376763081
+22376763345
+22376763457
+22376765538
+22376766878
+22376767209
+22376768192
+22376768710
+22376768730
+22376771319
+22376773324
+22376773329
+22376774152
+22376775308
+22376776481
+22376777108
+22376777656
+22376778038
+22376781116
+22376784531
+22376785926
+22376795565
+22376796766
+22376799820
+22376801340
+22376801609
+22376803811
+22376803826
+22376804742
+22376805853
+22376806609
+22376808652
+22376810027
+22376810109
+22376811866
+22376813581
+22376814494
+22376815835
+22376817423
+22376818669
+22376820276
+22376820940
+22376822284
+22376822558
+22376823873
+22376824555
+22376830807
+22376831804
+22376832143
+22376833023
+22376833902
+22376834458
+22376834602
+22376835611
+22376837678
+22376839382
+22376839602
+22376839850
+22376840067
+22376840126
+22376840755
+22376840757
+22376841763
+22376842161
+22376842675
+22376842901
+22376842998
+22376843041
+22376845050
+22376848360
+22376848507
+22376848555
+22376849542
+22376850050
+22376851340
+22376851626
+22376851933
+22376854030
+22376855368
+22376856320
+22376856732
+22376856749
+22376857589
+22376858820
+22376859994
+22376860481
+22376860817
+22376867977
+22376868210
+22376870684
+22376871063
+22376871360
+22376872328
+22376872547
+22376874955
+22376875116
+22376875243
+22376876685
+22376876718
+22376877049
+22376878061
+22376878942
+22376879018
+22376880069
+22376880555
+22376880775
+22376880857
+22376881056
+22376881697
+22376881838
+22376882120
+22376882453
+22376884932
+22376887189
+22376887731
+22376887859
+22376889492
+22376891915
+22376892258
+22376894423
+22376894991
+22376894993
+22376895115
+22376895215
+22376895959
+22376897250
+22376900735
+22376903547
+22376905221
+22376907606
+22376909038
+22376909477
+22376917196
+22376918013
+22376918034
+22376920582
+22376923801
+22376923981
+22376925071
+22376926135
+22376926483
+22376927476
+22376927748
+22376929112
+22376931193
+22376931869
+22376932543
+22376933342
+22376934260
+22376934610
+22376935651
+22376936444
+22376939037
+22376939424
+22376940199
+22376942378
+22376943286
+22376944336
+22376944494
+22376948270
+22376949850
+22376952209
+22376953286
+22376954452
+22376954868
+22376955637
+22376956887
+22376957063
+22376961435
+22376962451
+22376963961
+22376964238
+22376964787
+22376964862
+22376965615
+22376965890
+22376966353
+22376966784
+22376967171
+22376970202
+22376970568
+22376971259
+22376971506
+22376974341
+22376975186
+22376975257
+22376975390
+22376975951
+22376976342
+22376978294
+22376978859
+22376978892
+22376978904
+22376980051
+22376980132
+22376981016
+22376981131
+22376981415
+22376982451
+22376983470
+22376985226
+22376988326
+22376988583
+22376989500
+22376991166
+22376993306
+22376995009
+22376995980
+22376997133
+22376997194
+22376997280
+22377000181
+22377000759
+22377001261
+22377004328
+22377009592
+22377010425
+22377012360
+22377012902
+22377013719
+22377013904
+22377015042
+22377017069
+22377020447
+22377020913
+22377021373
+22377023046
+22377023298
+22377024542
+22377025000
+22377030722
+22377031767
+22377035587
+22377036311
+22377037625
+22377039703
+22377040674
+22377040817
+22377041709
+22377042011
+22377042216
+22377043213
+22377044218
+22377044395
+22377049965
+22377050393
+22377050853
+22377053450
+22377054033
+22377054918
+22377055811
+22377058733
+22377059607
+22377060356
+22377061058
+22377062481
+22377065420
+22377069252
+22377071247
+22377072069
+22377078641
+22377079907
+22377081309
+22377083828
+22377084792
+22377089497
+22377090067
+22377090282
+22377091941
+22377093986
+22377095381
+22377096137
+22377098212
+22377099645
+22377101072
+22377101315
+22377104808
+22377104825
+22377108575
+22377109129
+22377109399
+22377110106
+22377113072
+22377115095
+22377115239
+22377115491
+22377116152
+22377116344
+22377121475
+22377124601
+22377124725
+22377125000
+22377127244
+22377128832
+22377130525
+22377130772
+22377134151
+22377134601
+22377134673
+22377135888
+22377140749
+22377141711
+22377141777
+22377142225
+22377142425
+22377143512
+22377143636
+22377145296
+22377146569
+22377149330
+22377154987
+22377158304
+22377158376
+22377159521
+22377159615
+22377159954
+22377160889
+22377161302
+22377162002
+22377162734
+22377162898
+22377164186
+22377164457
+22377166400
+22377166464
+22377168071
+22377172610
+22377174731
+22377174737
+22377175839
+22377178336
+22377178793
+22377182507
+22377183511
+22377186962
+22377188656
+22377189004
+22377189991
+22377190265
+22377190365
+22377190671
+22377190937
+22377192328
+22377194663
+22377195165
+22377195523
+22377196635
+22377197170
+22377197498
+22377198158
+22377201472
+22377202280
+22377202408
+22377202760
+22377202958
+22377206969
+22377207356
+22377207937
+22377213465
+22377216747
+22377221442
+22377222232
+22377222625
+22377223506
+22377225930
+22377228106
+22377231809
+22377231944
+22377232505
+22377232697
+22377233673
+22377234153
+22377234336
+22377234366
+22377234873
+22377236591
+22377238423
+22377238473
+22377240365
+22377241218
+22377241362
+22377242580
+22377243315
+22377244767
+22377245556
+22377245733
+22377252382
+22377252696
+22377253115
+22377253252
+22377253867
+22377253956
+22377255407
+22377256388
+22377256610
+22377256873
+22377257530
+22377258133
+22377260551
+22377263262
+22377263418
+22377266927
+22377267087
+22377267263
+22377268664
+22377269384
+22377272441
+22377274835
+22377276882
+22377277691
+22377277884
+22377280676
+22377281479
+22377282803
+22377284163
+22377284629
+22377284842
+22377285662
+22377287356
+22377287498
+22377289036
+22377291944
+22377293706
+22377294174
+22377294492
+22377296173
+22377299875
+22377300314
+22377301008
+22377303036
+22377305728
+22377305981
+22377307276
+22377308695
+22377312174
+22377317768
+22377320894
+22377322388
+22377323883
+22377329412
+22377329920
+22377331463
+22377331512
+22377331986
+22377333245
+22377334098
+22377335356
+22377335636
+22377338050
+22377344007
+22377346972
+22377348671
+22377348933
+22377350382
+22377350928
+22377355494
+22377355872
+22377356289
+22377359138
+22377360244
+22377360265
+22377361456
+22377361756
+22377361848
+22377363644
+22377365007
+22377365695
+22377366373
+22377368262
+22377369440
+22377371006
+22377371711
+22377372195
+22377375644
+22377379388
+22377379429
+22377381422
+22377381519
+22377385476
+22377386725
+22377387788
+22377390032
+22377390790
+22377397981
+22377398015
+22377400160
+22377406286
+22377406686
+22377407655
+22377407705
+22377408286
+22377408541
+22377409035
+22377410847
+22377410864
+22377413911
+22377417504
+22377423143
+22377424487
+22377425363
+22377427595
+22377427838
+22377428072
+22377428818
+22377429847
+22377432065
+22377433417
+22377436085
+22377440799
+22377442080
+22377448042
+22377449351
+22377450233
+22377451019
+22377453879
+22377454742
+22377455387
+22377456220
+22377456360
+22377458253
+22377459826
+22377460035
+22377460528
+22377460529
+22377461966
+22377462834
+22377464228
+22377464425
+22377466254
+22377468992
+22377470006
+22377470314
+22377473605
+22377473785
+22377474773
+22377475550
+22377476157
+22377478550
+22377480255
+22377480424
+22377482225
+22377482463
+22377482587
+22377484150
+22377484672
+22377485619
+22377494297
+22377494601
+22377495047
+22377496012
+22377498648
+22377499265
+22377500725
+22377501260
+22377501331
+22377504909
+22377505327
+22377505874
+22377505903
+22377506860
+22377508553
+22377509593
+22377513235
+22377514262
+22377514651
+22377515342
+22377516090
+22377520346
+22377524424
+22377524819
+22377525510
+22377526151
+22377528179
+22377528672
+22377529715
+22377530504
+22377531391
+22377532227
+22377534464
+22377534669
+22377536895
+22377538007
+22377539111
+22377539587
+22377540229
+22377544748
+22377545957
+22377547693
+22377547952
+22377549857
+22377552311
+22377552850
+22377553310
+22377553383
+22377555696
+22377556172
+22377556609
+22377557260
+22377557956
+22377558973
+22377561167
+22377561783
+22377564153
+22377567475
+22377569520
+22377571403
+22377574000
+22377574003
+22377574214
+22377576005
+22377576011
+22377579839
+22377581885
+22377582848
+22377583065
+22377586290
+22377587021
+22377588033
+22377589255
+22377590109
+22377593575
+22377594146
+22377595837
+22377596077
+22377596793
+22377597381
+22377598717
+22377598855
+22377599802
+22377600027
+22377600103
+22377603086
+22377606805
+22377606959
+22377611160
+22377611207
+22377612754
+22377613473
+22377615166
+22377615602
+22377616898
+22377619949
+22377620642
+22377623543
+22377624117
+22377624684
+22377625340
+22377626431
+22377626879
+22377627316
+22377629263
+22377631773
+22377634716
+22377636475
+22377638083
+22377641451
+22377644607
+22377647998
+22377650134
+22377650464
+22377653844
+22377654184
+22377655192
+22377656155
+22377657153
+22377657509
+22377657649
+22377659779
+22377663087
+22377672317
+22377672936
+22377672956
+22377673945
+22377674803
+22377675534
+22377676971
+22377677198
+22377677248
+22377678093
+22377679237
+22377681020
+22377681853
+22377681966
+22377683217
+22377683347
+22377684569
+22377684939
+22377686829
+22377686891
+22377688583
+22377689529
+22377691539
+22377693849
+22377695514
+22377696434
+22377697032
+22377697467
+22377699695
+22377701129
+22377701654
+22377703823
+22377708720
+22377710856
+22377712026
+22377714584
+22377715655
+22377717102
+22377719389
+22377719800
+22377721474
+22377721796
+22377722823
+22377726081
+22377727050
+22377727666
+22377728844
+22377729777
+22377730402
+22377731905
+22377733040
+22377733857
+22377734391
+22377735807
+22377738255
+22377738874
+22377738930
+22377739055
+22377740165
+22377743667
+22377744300
+22377744508
+22377747461
+22377747967
+22377749029
+22377751942
+22377754341
+22377755036
+22377759344
+22377760003
+22377760023
+22377760836
+22377762772
+22377763164
+22377766551
+22377770098
+22377770183
+22377770357
+22377770595
+22377770991
+22377772545
+22377773604
+22377774739
+22377774803
+22377775421
+22377776416
+22377776651
+22377777776
+22377777912
+22377779334
+22377779366
+22377779369
+22377781569
+22377781713
+22377782541
+22377784350
+22377787190
+22377787262
+22377790640
+22377793718
+22377794345
+22377795177
+22377796558
+22377797022
+22377797581
+22377797836
+22377799066
+22377799407
+22377799917
+22377800435
+22377801492
+22377801953
+22377803325
+22377804561
+22377805549
+22377805666
+22377811173
+22377812843
+22377815603
+22377815790
+22377815956
+22377817831
+22377818540
+22377818923
+22377820263
+22377821254
+22377821733
+22377821896
+22377821929
+22377822423
+22377825844
+22377826222
+22377826934
+22377827498
+22377827597
+22377827624
+22377828231
+22377830174
+22377830421
+22377830522
+22377830781
+22377832346
+22377832621
+22377833784
+22377834067
+22377834375
+22377836473
+22377837384
+22377840040
+22377841145
+22377841344
+22377841977
+22377844505
+22377844967
+22377846534
+22377846949
+22377849589
+22377850432
+22377851835
+22377852268
+22377852560
+22377852665
+22377856062
+22377856900
+22377857660
+22377861012
+22377863132
+22377865880
+22377866672
+22377867524
+22377868172
+22377868421
+22377870593
+22377871661
+22377873167
+22377873177
+22377874700
+22377875240
+22377876300
+22377877203
+22377877732
+22377877817
+22377878712
+22377878778
+22377878875
+22377880058
+22377880343
+22377881496
+22377883350
+22377884644
+22377890503
+22377891497
+22377892594
+22377892595
+22377892695
+22377893063
+22377893224
+22377895756
+22377895864
+22377897405
+22377899283
+22377899540
+22377899776
+22377900879
+22377904179
+22377905550
+22377906303
+22377907599
+22377907612
+22377907813
+22377907872
+22377909132
+22377909833
+22377909885
+22377911088
+22377912809
+22377913078
+22377914204
+22377915196
+22377917906
+22377919213
+22377921106
+22377922977
+22377922995
+22377924977
+22377925681
+22377926593
+22377926607
+22377928382
+22377929287
+22377930164
+22377932102
+22377934067
+22377934961
+22377935441
+22377939208
+22377939711
+22377939879
+22377940002
+22377943214
+22377943404
+22377944544
+22377945529
+22377948291
+22377950280
+22377950327
+22377953373
+22377954758
+22377956015
+22377957138
+22377959982
+22377959989
+22377960472
+22377961912
+22377967557
+22377969258
+22377969683
+22377970150
+22377970949
+22377971250
+22377972184
+22377972233
+22377972586
+22377974416
+22377975599
+22377977868
+22377979029
+22377979671
+22377980082
+22377981166
+22377981328
+22377982769
+22377984006
+22377985736
+22377988225
+22377988486
+22377989438
+22377990931
+22377995386
+22378000184
+22378000404
+22378001284
+22378003305
+22378004540
+22378007043
+22378007843
+22378009642
+22378009837
+22378009838
+22378012186
+22378012879
+22378013374
+22378013703
+22378017928
+22378022192
+22378022306
+22378022453
+22378026421
+22378028619
+22378028664
+22378030376
+22378031125
+22378031282
+22378031497
+22378032449
+22378032955
+22378033460
+22378033472
+22378033627
+22378035025
+22378035050
+22378036017
+22378037242
+22378037470
+22378037918
+22378038096
+22378038218
+22378038570
+22378038851
+22378039320
+22378041619
+22378044556
+22378045162
+22378046494
+22378047967
+22378052494
+22378052852
+22378055008
+22378058345
+22378059438
+22378059608
+22378061381
+22378061390
+22378061505
+22378062392
+22378062489
+22378063004
+22378065684
+22378067593
+22378070549
+22378070960
+22378074328
+22378075011
+22378076731
+22378077108
+22378077241
+22378078273
+22378078556
+22378079111
+22378081982
+22378082222
+22378082339
+22378082685
+22378085272
+22378085610
+22378085798
+22378086434
+22378086516
+22378088905
+22378089238
+22378089300
+22378089794
+22378089990
+22378090703
+22378093069
+22378097179
+22378097926
+22378098510
+22378098655
+22378100075
+22378103179
+22378105833
+22378106268
+22378109497
+22378110118
+22378111986
+22378111991
+22378112900
+22378114166
+22378114501
+22378114963
+22378115630
+22378118542
+22378119434
+22378119661
+22378119700
+22378120681
+22378124422
+22378124737
+22378126388
+22378126890
+22378127008
+22378127125
+22378127355
+22378130987
+22378132212
+22378135985
+22378137291
+22378139406
+22378141060
+22378144535
+22378144675
+22378151374
+22378151786
+22378151795
+22378152547
+22378154116
+22378154849
+22378156338
+22378156564
+22378157751
+22378159828
+22378160440
+22378163358
+22378163387
+22378164541
+22378167321
+22378169932
+22378171618
+22378172856
+22378173792
+22378174426
+22378175627
+22378177969
+22378178685
+22378178827
+22378185709
+22378187877
+22378190621
+22378191770
+22378192746
+22378193927
+22378194781
+22378195013
+22378197878
+22378198462
+22378200865
+22378201748
+22378203560
+22378206349
+22378207799
+22378208093
+22378208953
+22378209871
+22378210587
+22378211925
+22378214795
+22378215105
+22378215723
+22378215946
+22378216689
+22378222583
+22378223503
+22378225373
+22378226052
+22378226967
+22378227595
+22378227900
+22378228905
+22378229181
+22378231047
+22378232839
+22378233068
+22378236989
+22378237756
+22378237795
+22378240965
+22378240993
+22378245887
+22378249656
+22378250085
+22378250986
+22378251503
+22378251767
+22378253195
+22378256136
+22378257242
+22378257956
+22378257974
+22378258332
+22378264263
+22378267484
+22378273716
+22378274059
+22378274531
+22378276145
+22378276447
+22378276518
+22378277776
+22378279537
+22378280090
+22378280690
+22378280823
+22378281583
+22378284733
+22378284992
+22378284999
+22378285001
+22378285002
+22378285003
+22378285016
+22378285020
+22378285026
+22378285865
+22378285867
+22378286817
+22378287076
+22378288352
+22378290030
+22378292310
+22378293964
+22378295897
+22378296496
+22378298361
+22378298737
+22378299241
+22378299301
+22378299958
+22378301861
+22378303039
+22378305714
+22378306815
+22378310857
+22378311020
+22378312287
+22378312571
+22378313089
+22378313106
+22378320528
+22378322156
+22378327721
+22378330552
+22378330770
+22378332329
+22378333949
+22378337027
+22378337028
+22378337647
+22378338182
+22378340886
+22378340962
+22378345424
+22378345431
+22378347113
+22378347596
+22378352009
+22378353562
+22378353803
+22378355159
+22378356068
+22378356209
+22378356877
+22378357471
+22378358700
+22378358737
+22378360322
+22378362413
+22378364873
+22378366361
+22378370551
+22378370700
+22378371630
+22378372316
+22378374663
+22378375573
+22378376191
+22378376627
+22378380872
+22378383293
+22378384473
+22378385427
+22378385770
+22378386154
+22378388754
+22378389228
+22378393717
+22378395989
+22378396199
+22378396326
+22378396881
+22378399610
+22378405335
+22378409486
+22378410517
+22378410581
+22378414199
+22378415597
+22378415827
+22378419486
+22378421832
+22378424857
+22378424998
+22378426279
+22378426454
+22378429102
+22378431009
+22378431125
+22378431196
+22378431535
+22378431753
+22378433788
+22378434972
+22378437216
+22378439475
+22378440401
+22378441104
+22378441290
+22378442871
+22378446371
+22378446990
+22378447721
+22378448169
+22378448578
+22378449784
+22378450700
+22378451218
+22378451597
+22378451928
+22378453710
+22378455994
+22378456176
+22378458001
+22378459669
+22378459674
+22378460304
+22378460333
+22378462773
+22378464982
+22378465112
+22378466310
+22378467930
+22378470208
+22378470273
+22378471539
+22378471794
+22378471878
+22378474516
+22378476926
+22378480120
+22378482667
+22378483598
+22378483980
+22378484053
+22378484525
+22378485396
+22378486667
+22378487208
+22378488494
+22378495643
+22378498496
+22378498507
+22378499736
+22378499886
+22378500277
+22378500814
+22378505534
+22378506707
+22378506922
+22378508006
+22378508713
+22378509408
+22378509575
+22378509723
+22378512137
+22378512456
+22378515394
+22378516682
+22378518540
+22378519035
+22378524144
+22378524535
+22378527126
+22378527469
+22378528604
+22378530282
+22378533245
+22378535938
+22378537868
+22378538032
+22378539335
+22378539874
+22378541607
+22378546811
+22378547437
+22378548438
+22378551006
+22378552312
+22378552446
+22378552495
+22378557398
+22378559593
+22378560558
+22378562175
+22378562902
+22378565157
+22378566958
+22378566959
+22378567233
+22378567410
+22378568716
+22378580549
+22378583756
+22378583776
+22378585745
+22378587441
+22378589538
+22378590511
+22378591785
+22378593104
+22378593942
+22378594787
+22378595447
+22378595953
+22378600693
+22378601527
+22378602112
+22378603146
+22378603602
+22378609749
+22378610197
+22378612653
+22378613285
+22378614005
+22378614656
+22378615343
+22378616167
+22378617455
+22378618718
+22378620817
+22378622500
+22378624007
+22378624070
+22378627281
+22378628632
+22378628865
+22378631233
+22378633086
+22378633202
+22378633203
+22378634055
+22378634626
+22378636749
+22378637597
+22378638802
+22378638885
+22378639074
+22378642159
+22378642546
+22378643092
+22378644424
+22378644643
+22378644899
+22378645885
+22378646823
+22378646920
+22378647430
+22378647901
+22378648000
+22378649278
+22378650557
+22378650746
+22378650786
+22378651339
+22378651963
+22378652631
+22378653919
+22378654818
+22378655648
+22378655851
+22378656566
+22378657572
+22378657952
+22378658326
+22378658362
+22378659480
+22378659900
+22378664307
+22378665612
+22378666556
+22378668083
+22378668918
+22378669286
+22378670037
+22378670217
+22378670381
+22378674670
+22378678091
+22378678487
+22378680382
+22378680572
+22378681781
+22378682469
+22378682927
+22378682967
+22378683539
+22378685115
+22378686863
+22378688081
+22378688887
+22378688954
+22378689444
+22378690579
+22378690702
+22378692755
+22378692821
+22378692965
+22378693324
+22378693538
+22378697495
+22378698152
+22378699030
+22378699616
+22378699825
+22378702818
+22378704148
+22378704757
+22378709839
+22378710149
+22378710770
+22378712693
+22378713218
+22378714145
+22378715099
+22378715507
+22378715819
+22378715888
+22378717627
+22378717760
+22378722125
+22378722192
+22378724313
+22378724869
+22378725732
+22378726156
+22378726194
+22378727271
+22378729001
+22378729848
+22378730070
+22378730874
+22378734469
+22378736144
+22378736171
+22378737879
+22378738019
+22378739583
+22378739787
+22378740060
+22378740288
+22378740724
+22378742056
+22378742996
+22378743316
+22378744536
+22378746285
+22378746568
+22378747473
+22378751847
+22378755701
+22378756048
+22378759466
+22378761003
+22378761186
+22378763440
+22378764531
+22378765730
+22378768162
+22378768190
+22378769320
+22378769916
+22378771586
+22378772496
+22378773064
+22378773972
+22378774060
+22378774084
+22378776301
+22378776523
+22378776695
+22378777999
+22378780620
+22378780699
+22378781135
+22378782060
+22378783061
+22378783098
+22378783172
+22378783814
+22378783999
+22378784872
+22378787261
+22378788800
+22378789469
+22378789711
+22378789821
+22378790437
+22378790532
+22378791003
+22378791210
+22378791330
+22378792409
+22378792870
+22378798192
+22378798437
+22378799034
+22378799647
+22378800645
+22378802822
+22378803062
+22378804559
+22378804785
+22378805161
+22378805217
+22378809012
+22378812789
+22378812923
+22378813850
+22378822521
+22378822541
+22378823186
+22378823743
+22378826276
+22378828339
+22378828663
+22378830050
+22378832156
+22378832707
+22378834175
+22378835946
+22378837493
+22378838398
+22378839118
+22378839463
+22378839834
+22378840008
+22378841224
+22378842052
+22378842554
+22378842663
+22378844388
+22378846366
+22378850368
+22378851942
+22378855235
+22378856028
+22378857011
+22378858111
+22378858122
+22378858996
+22378859645
+22378861071
+22378864123
+22378865257
+22378866001
+22378866341
+22378866558
+22378866608
+22378868407
+22378868481
+22378871319
+22378874289
+22378874579
+22378876246
+22378877910
+22378878100
+22378879253
+22378880768
+22378880976
+22378884045
+22378884291
+22378885333
+22378886918
+22378887648
+22378887858
+22378888476
+22378888673
+22378889753
+22378891549
+22378893669
+22378893753
+22378894090
+22378894797
+22378896476
+22378896829
+22378897090
+22378897634
+22378899674
+22378903118
+22378905385
+22378905633
+22378906003
+22378906075
+22378909425
+22378909461
+22378910721
+22378912604
+22378913225
+22378913279
+22378914780
+22378920313
+22378922985
+22378925288
+22378927377
+22378928739
+22378931636
+22378932172
+22378932226
+22378932539
+22378932905
+22378936343
+22378937214
+22378941147
+22378943084
+22378943797
+22378943973
+22378944218
+22378947585
+22378948362
+22378949099
+22378949838
+22378950065
+22378954673
+22378956503
+22378957081
+22378961047
+22378962618
+22378962651
+22378965421
+22378967391
+22378967732
+22378968535
+22378968636
+22378968897
+22378969611
+22378971540
+22378973095
+22378974495
+22378974847
+22378974947
+22378975381
+22378975762
+22378976006
+22378976199
+22378981983
+22378984203
+22378984680
+22378984741
+22378986512
+22378987026
+22378987218
+22378987353
+22378988892
+22378990114
+22378990996
+22378991130
+22378991836
+22378992623
+22378992765
+22378992838
+22378992986
+22378993326
+22378994212
+22378994358
+22378994978
+22378995420
+22378997501
+22378999019
+22379010689
+22379011501
+22379012532
+22379012594
+22379012633
+22379012638
+22379015167
+22379018788
+22379019296
+22379019339
+22379020547
+22379023347
+22379025219
+22379026654
+22379027221
+22379027515
+22379028235
+22379030153
+22379031756
+22379037006
+22379039240
+22379039480
+22379039533
+22379040603
+22379040925
+22379041817
+22379041926
+22379042797
+22379043838
+22379045636
+22379047716
+22379048812
+22379050064
+22379050104
+22379050918
+22379051284
+22379051353
+22379053023
+22379053949
+22379054778
+22379055143
+22379055431
+22379055682
+22379058415
+22379058668
+22379060208
+22379060614
+22379063252
+22379063620
+22379064672
+22379064879
+22379065352
+22379065779
+22379066097
+22379066871
+22379067295
+22379067296
+22379068022
+22379070686
+22379071133
+22379071250
+22379071916
+22379073300
+22379073915
+22379074065
+22379074360
+22379076508
+22379076970
+22379078038
+22379078659
+22379078825
+22379079721
+22379079808
+22379082505
+22379082710
+22379082973
+22379083095
+22379084391
+22379085512
+22379086233
+22379087315
+22379088169
+22379088322
+22379089612
+22379090606
+22379090848
+22379092338
+22379093551
+22379093738
+22379094445
+22379094789
+22379095106
+22379096640
+22379098273
+22379098973
+22379099013
+22379099471
+22379101212
+22379103012
+22379104276
+22379105976
+22379106334
+22379107707
+22379108161
+22379108306
+22379109073
+22379110264
+22379112080
+22379112200
+22379112538
+22379112859
+22379113031
+22379114230
+22379117155
+22379117156
+22379117733
+22379119629
+22379120589
+22379121430
+22379124537
+22379126287
+22379126513
+22379126761
+22379127119
+22379128965
+22379129491
+22379130166
+22379130568
+22379131567
+22379132904
+22379133162
+22379133325
+22379133335
+22379133355
+22379133753
+22379134140
+22379134417
+22379135495
+22379135875
+22379135983
+22379136399
+22379137255
+22379139278
+22379139744
+22379140251
+22379141654
+22379142356
+22379142873
+22379143052
+22379146206
+22379146968
+22379148283
+22379151165
+22379153019
+22379153747
+22379154153
+22379154196
+22379154284
+22379155053
+22379155177
+22379155268
+22379155718
+22379155763
+22379157210
+22379160328
+22379160990
+22379161115
+22379161565
+22379161727
+22379162028
+22379162437
+22379163558
+22379165747
+22379167635
+22379169291
+22379170088
+22379171582
+22379172732
+22379172861
+22379173611
+22379176403
+22379177290
+22379177300
+22379179929
+22379181654
+22379181920
+22379182117
+22379182547
+22379184521
+22379189903
+22379190144
+22379190329
+22379190588
+22379190700
+22379191495
+22379192447
+22379192722
+22379193517
+22379193917
+22379194106
+22379194535
+22379194616
+22379195751
+22379195808
+22379196540
+22379196568
+22379197745
+22379198165
+22379199199
+22379201364
+22379201981
+22379202289
+22379202689
+22379203113
+22379204238
+22379204527
+22379205148
+22379205881
+22379210064
+22379212053
+22379212647
+22379212648
+22379212684
+22379214348
+22379217781
+22379218111
+22379219536
+22379221147
+22379222162
+22379222581
+22379223423
+22379224261
+22379224356
+22379226294
+22379230795
+22379231070
+22379231568
+22379232160
+22379232274
+22379232845
+22379233386
+22379235957
+22379238703
+22379241005
+22379241159
+22379241353
+22379242112
+22379243232
+22379243465
+22379244604
+22379244674
+22379245376
+22379245448
+22379245495
+22379246174
+22379250973
+22379251426
+22379253455
+22379257194
+22379267319
+22379267379
+22379267417
+22379268267
+22379270116
+22379271331
+22379272962
+22379273338
+22379275171
+22379277012
+22379277013
+22379279048
+22379280623
+22379281183
+22379281470
+22379283590
+22379283768
+22379285207
+22379285740
+22379285799
+22379288971
+22379290020
+22379290321
+22379292531
+22379292856
+22379293316
+22379293400
+22379294038
+22379294643
+22379295399
+22379300745
+22379301678
+22379302161
+22379302173
+22379302689
+22379303436
+22379303641
+22379304246
+22379306762
+22379307225
+22379307300
+22379310065
+22379311907
+22379312241
+22379312250
+22379315979
+22379316944
+22379317507
+22379317715
+22379321344
+22379322102
+22379322388
+22379322685
+22379324199
+22379324674
+22379324980
+22379325048
+22379325175
+22379326203
+22379326629
+22379328328
+22379330807
+22379332833
+22379334346
+22379337168
+22379337274
+22379337770
+22379338338
+22379338643
+22379339650
+22379342426
+22379343591
+22379344504
+22379345034
+22379349812
+22379351163
+22379352425
+22379353399
+22379356958
+22379358120
+22379358144
+22379359836
+22379360982
+22379362604
+22379362665
+22379365439
+22379366411
+22379367195
+22379367572
+22379368865
+22379369795
+22379370127
+22379374612
+22379378846
+22379381324
+22379382199
+22379383039
+22379384738
+22379384753
+22379385142
+22379387039
+22379388436
+22379388548
+22379389046
+22379390171
+22379391189
+22379391487
+22379397025
+22379398556
+22379398874
+22379399063
+22379399195
+22379400602
+22379400928
+22379401376
+22379402090
+22379406730
+22379409313
+22379410648
+22379411846
+22379411968
+22379418659
+22379418794
+22379419254
+22379420014
+22379420156
+22379422427
+22379423329
+22379424977
+22379425479
+22379429167
+22379430839
+22379432532
+22379436353
+22379436569
+22379436572
+22379436633
+22379436738
+22379436748
+22379436823
+22379436944
+22379436964
+22379437633
+22379439465
+22379439657
+22379439671
+22379439880
+22379440042
+22379441832
+22379442400
+22379445378
+22379446385
+22379447628
+22379449403
+22379450844
+22379451352
+22379452029
+22379456135
+22379458524
+22379462235
+22379465498
+22379465731
+22379466233
+22379466761
+22379467039
+22379469582
+22379471017
+22379473690
+22379473848
+22379474189
+22379475259
+22379476796
+22379477162
+22379478090
+22379478389
+22379480875
+22379482319
+22379482504
+22379483911
+22379485182
+22379486461
+22379487218
+22379488678
+22379489512
+22379492291
+22379495351
+22379495779
+22379497184
+22379498186
+22379502578
+22379502587
+22379502838
+22379504125
+22379505080
+22379508727
+22379510133
+22379512740
+22379514025
+22379514119
+22379516585
+22379517826
+22379520900
+22379521537
+22379525604
+22379525607
+22379527616
+22379528077
+22379528095
+22379528129
+22379531296
+22379531393
+22379534385
+22379534644
+22379534952
+22379536540
+22379537346
+22379539461
+22379545712
+22379547871
+22379548891
+22379549078
+22379549203
+22379549240
+22379549516
+22379550372
+22379552021
+22379554722
+22379555568
+22379556912
+22379557136
+22379562046
+22379563077
+22379563580
+22379563812
+22379570440
+22379570541
+22379571208
+22379571400
+22379573623
+22379574704
+22379578356
+22379579925
+22379583107
+22379586659
+22379587096
+22379588252
+22379592835
+22379593073
+22379594045
+22379595933
+22379597935
+22379598421
+22379598561
+22379599591
+22379601974
+22379609307
+22379610534
+22379610550
+22379610600
+22379611540
+22379614802
+22379615943
+22379616069
+22379616774
+22379617458
+22379618769
+22379619633
+22379621485
+22379621672
+22379622089
+22379622669
+22379624084
+22379625681
+22379626907
+22379627151
+22379627309
+22379627566
+22379629532
+22379629999
+22379631178
+22379632893
+22379634252
+22379635636
+22379637461
+22379638636
+22379639302
+22379647468
+22379652119
+22379657235
+22379657510
+22379660365
+22379662417
+22379669178
+22379670559
+22379671427
+22379674930
+22379676514
+22379677463
+22379686895
+22379687734
+22379688076
+22379696918
+22379698802
+22379699713
+22379700095
+22379701480
+22379705303
+22379705396
+22379707762
+22379707830
+22379709216
+22379710918
+22379711073
+22379711480
+22379714189
+22379714867
+22379715653
+22379716537
+22379717049
+22379718210
+22379720451
+22379724354
+22379725312
+22379726511
+22379727184
+22379728743
+22379731650
+22379731816
+22379732162
+22379732808
+22379733992
+22379737350
+22379741568
+22379741958
+22379742307
+22379744490
+22379744528
+22379745225
+22379746760
+22379747853
+22379749006
+22379751216
+22379752289
+22379756088
+22379757034
+22379757654
+22379757848
+22379758482
+22379759482
+22379760962
+22379761601
+22379763821
+22379766819
+22379769627
+22379771420
+22379771687
+22379772030
+22379772389
+22379772843
+22379774595
+22379777008
+22379779872
+22379780092
+22379782250
+22379782677
+22379783446
+22379783891
+22379785059
+22379785156
+22379786121
+22379786945
+22379787245
+22379790030
+22379790575
+22379791246
+22379792160
+22379792290
+22379794593
+22379796325
+22379796663
+22379798157
+22379798813
+22379798888
+22379799245
+22379799254
+22379801562
+22379802465
+22379802877
+22379804150
+22379806910
+22379806912
+22379808114
+22379810742
+22379813160
+22379813515
+22379813619
+22379814298
+22379814330
+22379816165
+22379816746
+22379816803
+22379817092
+22379817110
+22379818304
+22379819557
+22379826037
+22379829592
+22379829667
+22379831127
+22379831156
+22379832904
+22379834666
+22379837005
+22379838494
+22379838580
+22379838957
+22379844528
+22379844962
+22379850162
+22379851441
+22379853988
+22379855938
+22379856562
+22379858389
+22379858896
+22379860572
+22379861309
+22379863690
+22379863882
+22379865211
+22379868803
+22379869761
+22379870244
+22379871951
+22379873056
+22379873897
+22379874348
+22379877738
+22379877772
+22379878260
+22379878851
+22379880451
+22379880742
+22379881038
+22379881041
+22379883799
+22379884927
+22379887419
+22379888758
+22379891194
+22379892782
+22379893795
+22379896583
+22379897340
+22379902564
+22379908036
+22379909814
+22379909942
+22379910150
+22379910971
+22379913997
+22379914655
+22379916621
+22379917379
+22379921841
+22379921876
+22379922356
+22379926623
+22379929954
+22379933705
+22379934403
+22379941934
+22379944605
+22379944968
+22379945123
+22379951130
+22379951833
+22379953741
+22379954041
+22379954979
+22379955397
+22379958167
+22379958969
+22379959456
+22379959640
+22379960315
+22379964194
+22379964218
+22379965593
+22379969507
+22379969904
+22379971003
+22379976069
+22379976878
+22379976907
+22379978411
+22379978779
+22379979472
+22379980075
+22379981218
+22379981552
+22379981956
+22379983447
+22379988559
+22379991189
+22379992652
+22379996899
+22379999399
+22382000005
+22382000404
+22382001075
+22382002554
+22382002785
+22382004293
+22382007220
+22382007493
+22382007887
+22382007936
+22382009961
+22382010678
+22382013788
+22382013865
+22382019634
+22382020752
+22382022739
+22382023252
+22382023282
+22382025698
+22382026857
+22382029216
+22382032658
+22382033091
+22382033464
+22382035455
+22382035948
+22382036862
+22382037959
+22382038151
+22382038256
+22382041986
+22382044101
+22382045549
+22382049749
+22382049907
+22382050363
+22382052740
+22382053137
+22382055567
+22382057744
+22382063563
+22382065014
+22382066071
+22382066484
+22382066818
+22382070030
+22382071671
+22382072362
+22382074114
+22382079652
+22382082940
+22382085986
+22382088257
+22382088496
+22382090078
+22382091147
+22382091696
+22382092321
+22382093187
+22382093433
+22382094498
+22382097005
+22382098870
+22382099263
+22382101061
+22382101999
+22382106632
+22382107351
+22382111333
+22382111566
+22382111951
+22382114144
+22382118414
+22382119799
+22382120170
+22382130617
+22382132068
+22382132978
+22382134306
+22382135404
+22382138283
+22382139403
+22382143132
+22382143766
+22382146219
+22382146241
+22382146637
+22382147445
+22382148093
+22382150638
+22382151191
+22382151357
+22382157976
+22382161072
+22382161384
+22382165751
+22382170221
+22382170263
+22382170652
+22382173113
+22382181499
+22382181856
+22382181867
+22382181882
+22382182748
+22382184271
+22382185072
+22382185655
+22382191180
+22382191532
+22382194854
+22382197414
+22382197520
+22382198619
+22382198691
+22382202009
+22382202335
+22382203450
+22382206442
+22382209740
+22382211950
+22382212124
+22382214507
+22382218155
+22382218304
+22382219238
+22382220257
+22382221598
+22382222828
+22382224274
+22382228575
+22382228727
+22382233890
+22382234274
+22382235395
+22382236669
+22382238157
+22382240333
+22382240513
+22382245710
+22382246184
+22382247222
+22382250966
+22382253680
+22382255369
+22382256891
+22382256967
+22382259348
+22382262236
+22382262653
+22382263656
+22382270165
+22382271065
+22382271174
+22382274293
+22382274841
+22382276824
+22382278915
+22382279782
+22382280187
+22382281544
+22382282642
+22382283347
+22382283948
+22382284215
+22382284931
+22382288232
+22382288689
+22382288757
+22382289669
+22382289750
+22382289759
+22382289761
+22382289770
+22382289774
+22382289776
+22382289783
+22382289893
+22382289894
+22382290638
+22382291199
+22382292050
+22382292060
+22382292468
+22382294185
+22382310617
+22382310739
+22382312524
+22382313913
+22382315137
+22382315749
+22382316527
+22382316750
+22382316815
+22382318103
+22382320415
+22382321533
+22382324743
+22382325478
+22382328983
+22382331830
+22382334558
+22382337796
+22382338715
+22382341380
+22382343410
+22382344599
+22382346028
+22382348775
+22382348834
+22382353828
+22382357453
+22382359060
+22382359467
+22382361754
+22382362358
+22382364571
+22382364601
+22382364963
+22382367637
+22382367937
+22382368442
+22382369049
+22382371127
+22382377710
+22382378365
+22382378392
+22382379919
+22382379936
+22382381475
+22382383784
+22382384037
+22382385388
+22382385586
+22382387315
+22382387999
+22382390149
+22382392200
+22382392995
+22382395772
+22382397381
+22382399242
+22382400153
+22382401805
+22382403082
+22382406224
+22382409169
+22382411357
+22382416990
+22382418371
+22382419645
+22382420469
+22382425115
+22382426000
+22382429585
+22382432688
+22382434300
+22382437935
+22382438949
+22382440541
+22382442478
+22382443258
+22382448242
+22382448310
+22382454337
+22382455319
+22382455441
+22382455487
+22382456876
+22382457290
+22382457748
+22382459764
+22382459892
+22382461575
+22382462069
+22382467617
+22382470583
+22382472325
+22382473196
+22382473691
+22382477844
+22382478249
+22382478656
+22382479833
+22382479974
+22382481416
+22382483447
+22382485624
+22382491173
+22382492537
+22382493443
+22382498069
+22382499465
+22382499587
+22382503492
+22382504627
+22382505337
+22382513712
+22382513988
+22382516778
+22382518426
+22382520218
+22382521544
+22382524654
+22382525006
+22382525381
+22382528139
+22382528625
+22382529304
+22382530055
+22382531541
+22382532734
+22382533186
+22382534395
+22382535028
+22382537489
+22382538490
+22382538740
+22382539233
+22382542761
+22382543362
+22382544933
+22382550366
+22382551100
+22382551419
+22382551722
+22382553144
+22382553284
+22382554315
+22382560264
+22382561752
+22382571569
+22382574664
+22382575122
+22382577087
+22382579218
+22382581191
+22382582403
+22382583092
+22382584484
+22382584780
+22382587699
+22382587707
+22382587771
+22382588614
+22382588967
+22382589084
+22382589801
+22382590079
+22382594653
+22382597216
+22382598901
+22382599530
+22382600415
+22382603727
+22382604209
+22382604875
+22382604983
+22382605672
+22382607687
+22382611506
+22382611667
+22382619209
+22382619863
+22382621060
+22382625577
+22382627437
+22382628949
+22382629018
+22382635475
+22382635664
+22382637525
+22382639780
+22382650046
+22382657456
+22382657775
+22382659356
+22382660032
+22382661455
+22382662071
+22382663875
+22382664967
+22382666600
+22382667387
+22382670610
+22382671462
+22382672272
+22382672807
+22382673027
+22382676193
+22382676437
+22382677251
+22382677311
+22382677733
+22382681421
+22382684926
+22382685111
+22382687534
+22382688564
+22382688833
+22382689057
+22382689838
+22382690816
+22382692977
+22382693879
+22382695764
+22382698870
+22382700081
+22382701251
+22382702446
+22382702822
+22382705387
+22382707277
+22382718223
+22382718587
+22382721452
+22382725286
+22382728280
+22382729313
+22382730385
+22382731371
+22382733201
+22382734154
+22382735055
+22382736613
+22382737061
+22382740601
+22382741867
+22382746279
+22382746525
+22382747007
+22382747144
+22382749238
+22382750846
+22382754744
+22382755969
+22382756761
+22382756821
+22382759761
+22382762064
+22382762784
+22382764330
+22382767653
+22382767735
+22382768091
+22382768325
+22382769168
+22382769200
+22382769359
+22382770214
+22382770883
+22382771014
+22382771932
+22382772054
+22382772250
+22382772925
+22382776613
+22382777021
+22382780079
+22382781472
+22382782251
+22382784080
+22382784281
+22382784330
+22382788676
+22382789456
+22382793128
+22382793948
+22382794932
+22382795067
+22382795777
+22382798067
+22382800034
+22382800435
+22382803247
+22382804711
+22382805023
+22382808011
+22382811750
+22382812960
+22382813640
+22382815509
+22382815978
+22382819151
+22382819821
+22382820183
+22382821254
+22382823204
+22382825200
+22382830658
+22382840512
+22382840873
+22382842438
+22382844286
+22382847913
+22382849069
+22382849537
+22382850564
+22382852438
+22382854092
+22382857128
+22382857481
+22382857728
+22382857939
+22382859540
+22382862708
+22382870064
+22382870418
+22382870880
+22382873256
+22382873937
+22382877511
+22382878608
+22382880527
+22382880547
+22382881875
+22382882172
+22382882273
+22382886209
+22382886457
+22382886987
+22382888468
+22382889137
+22382891019
+22382891573
+22382891796
+22382893298
+22382893942
+22382894474
+22382894676
+22382895772
+22382897283
+22382904740
+22382908870
+22382910039
+22382914135
+22382915471
+22382915537
+22382916038
+22382919959
+22382921095
+22382922910
+22382923700
+22382927280
+22382928051
+22382928683
+22382932554
+22382933383
+22382937954
+22382942720
+22382942979
+22382943064
+22382943438
+22382943826
+22382944697
+22382945265
+22382949997
+22382951314
+22382951544
+22382952212
+22382952886
+22382952957
+22382953915
+22382954374
+22382954652
+22382954943
+22382956290
+22382958238
+22382958359
+22382960315
+22382962285
+22382964939
+22382965577
+22382965838
+22382970257
+22382972202
+22382972817
+22382976791
+22382978035
+22382980203
+22382984763
+22382984922
+22382986457
+22382987713
+22382987888
+22382989471
+22382989550
+22382996674
+22382997907
+22382998853
+22383000290
+22383000666
+22383003863
+22383003906
+22383005073
+22383007157
+22383009508
+22383009772
+22383009787
+22383016212
+22383017462
+22383018510
+22383023611
+22383033303
+22383033372
+22383042605
+22383042683
+22383045278
+22383045733
+22383045921
+22383046395
+22383046618
+22383046800
+22383046999
+22383047689
+22383048833
+22383048941
+22383051262
+22383052434
+22383057578
+22383060341
+22383061047
+22383062550
+22383063441
+22383064368
+22383064682
+22383065811
+22383066309
+22383067148
+22383069127
+22383069328
+22383070168
+22383073655
+22383073932
+22383074402
+22383075932
+22383076857
+22383078942
+22383083650
+22383086301
+22383088274
+22383088348
+22383088668
+22383090607
+22383091842
+22383095520
+22383098292
+22383098640
+22383098670
+22383099251
+22383100161
+22383100854
+22383101563
+22383102261
+22383102418
+22383102808
+22383103287
+22383110251
+22383111158
+22383111178
+22383112392
+22383112963
+22383115453
+22383115525
+22383116095
+22383116226
+22383118918
+22383122025
+22383122438
+22383124513
+22383126225
+22383126242
+22383127489
+22383127517
+22383129633
+22383130492
+22383135200
+22383137483
+22383140235
+22383141341
+22383141622
+22383141928
+22383142189
+22383143062
+22383145702
+22383146447
+22383148018
+22383149036
+22383151475
+22383151925
+22383153471
+22383153907
+22383154087
+22383154231
+22383156228
+22383161315
+22383164875
+22383165480
+22383167541
+22383170097
+22383171453
+22383172340
+22383173525
+22383174648
+22383175387
+22383175470
+22383175624
+22383175878
+22383176943
+22383182750
+22383183069
+22383184042
+22383184354
+22383184870
+22383185028
+22383185606
+22383185649
+22383186390
+22383187620
+22383188887
+22383189719
+22383190826
+22383191074
+22383192422
+22383198240
+22383199532
+22383201292
+22383202097
+22383202930
+22383203383
+22383203435
+22383206393
+22383207960
+22383207980
+22383208005
+22383208148
+22383208288
+22383210501
+22383212863
+22383215414
+22383215651
+22383218464
+22383221260
+22383221645
+22383222812
+22383223990
+22383226930
+22383230894
+22383233970
+22383235033
+22383235713
+22383236163
+22383239992
+22383245736
+22383247385
+22383249600
+22383253286
+22383253785
+22383254890
+22383259478
+22383261306
+22383263512
+22383264404
+22383266787
+22383267205
+22383269155
+22383272642
+22383277120
+22383277554
+22383278501
+22383279914
+22383280064
+22383287039
+22383290181
+22383291536
+22383294277
+22383295000
+22383300837
+22383301908
+22383301998
+22383303016
+22383305611
+22383307307
+22383311621
+22383312713
+22383313103
+22383315058
+22383315938
+22383315995
+22383318791
+22383319088
+22383323015
+22383323422
+22383323821
+22383325656
+22383326948
+22383327681
+22383328696
+22383329327
+22383329843
+22383330200
+22383332259
+22383333081
+22383339976
+22383341654
+22383341833
+22383343339
+22383346110
+22383346356
+22383349640
+22383350741
+22383351993
+22383352324
+22383354073
+22383354509
+22383356292
+22383356463
+22383358378
+22383359055
+22383360138
+22383361169
+22383363090
+22383363126
+22383366091
+22383368145
+22383368340
+22383369057
+22383371808
+22383372017
+22383376509
+22383378670
+22383380315
+22383380525
+22383381744
+22383383174
+22383386124
+22383386278
+22383386333
+22383388410
+22383389474
+22383391123
+22383391369
+22383391793
+22383392275
+22383402202
+22383403431
+22383403520
+22383404041
+22383408889
+22383410464
+22383411247
+22383411272
+22383411337
+22383411500
+22383413368
+22383413584
+22383414221
+22383420000
+22383420670
+22383425414
+22383426708
+22383427916
+22383428643
+22383429095
+22383430421
+22383431434
+22383431584
+22383435646
+22383438716
+22383442180
+22383444786
+22383445539
+22383446882
+22383451336
+22383451765
+22383453292
+22383453829
+22383455300
+22383455457
+22383456043
+22383457465
+22383461058
+22383461167
+22383464473
+22383464609
+22383464787
+22383465488
+22383465708
+22383465748
+22383466641
+22383469062
+22383471193
+22383474301
+22383474728
+22383476821
+22383479277
+22383480595
+22383484818
+22383487176
+22383490154
+22383490482
+22383491302
+22383491631
+22383491785
+22383492542
+22383492543
+22383492722
+22383492913
+22383493242
+22383493255
+22383493928
+22383494785
+22383494853
+22383495067
+22383495186
+22383495378
+22383496199
+22383496387
+22383496394
+22383496928
+22383496995
+22383497718
+22383498263
+22383498671
+22383499485
+22383499682
+22383501421
+22383503306
+22383505536
+22383505539
+22383505870
+22383508987
+22383510506
+22383510623
+22383514530
+22383518018
+22383522677
+22383523949
+22383524997
+22383525272
+22383526293
+22383528530
+22383530339
+22383530497
+22383531541
+22383534531
+22383540012
+22383542072
+22383542426
+22383545128
+22383546124
+22383548044
+22383548920
+22383553320
+22383554480
+22383555967
+22383556658
+22383556683
+22383559449
+22383559599
+22383562376
+22383563784
+22383563804
+22383566045
+22383570304
+22383572090
+22383572388
+22383573619
+22383579520
+22383579834
+22383580266
+22383580582
+22383582924
+22383584416
+22383584829
+22383585244
+22383587100
+22383589281
+22383589445
+22383595641
+22383596128
+22383596717
+22383598063
+22383598498
+22383601417
+22383602411
+22383603445
+22383603816
+22383604134
+22383607247
+22383610228
+22383610543
+22383612849
+22383615136
+22383617906
+22383618455
+22383620403
+22383620980
+22383623114
+22383623978
+22383624506
+22383625384
+22383626787
+22383629189
+22383629554
+22383631002
+22383631733
+22383631839
+22383632703
+22383638276
+22383638481
+22383641835
+22383645962
+22383646745
+22383649151
+22383649892
+22383650186
+22383650360
+22383650526
+22383651291
+22383651764
+22383653019
+22383653321
+22383654905
+22383654993
+22383659485
+22383659872
+22383663097
+22383663107
+22383666645
+22383667360
+22383668522
+22383670176
+22383672529
+22383675450
+22383675732
+22383676109
+22383677835
+22383679404
+22383682654
+22383683483
+22383683751
+22383684096
+22383685379
+22383688540
+22383692803
+22383694983
+22383695644
+22383697402
+22383698714
+22383699029
+22383700248
+22383704778
+22383705619
+22383706009
+22383706677
+22383706705
+22383713130
+22383716357
+22383717466
+22383719165
+22383719853
+22383721333
+22383721735
+22383722062
+22383722179
+22383722491
+22383723541
+22383725278
+22383725446
+22383726683
+22383730625
+22383730947
+22383731536
+22383732210
+22383733356
+22383734048
+22383734678
+22383735330
+22383741685
+22383744129
+22383744456
+22383749083
+22383749629
+22383749691
+22383751641
+22383753045
+22383760445
+22383760926
+22383761756
+22383761971
+22383762286
+22383763126
+22383763285
+22383764533
+22383765121
+22383767024
+22383771734
+22383781030
+22383781440
+22383782602
+22383782937
+22383783644
+22383783764
+22383783884
+22383784796
+22383785176
+22383786485
+22383787743
+22383787800
+22383787828
+22383788087
+22383788999
+22383789882
+22383789990
+22383791357
+22383791841
+22383792464
+22383793252
+22383793620
+22383794905
+22383794910
+22383795502
+22383796045
+22383796370
+22383797100
+22383797445
+22383798903
+22383798953
+22383799241
+22383799596
+22383800688
+22383803769
+22383805023
+22383806092
+22383806495
+22383807144
+22383810528
+22383812291
+22383813214
+22383815534
+22383818697
+22383820774
+22383821847
+22383822406
+22383822827
+22383823410
+22383824062
+22383825041
+22383825047
+22383826112
+22383827952
+22383830590
+22383833936
+22383834156
+22383835477
+22383835752
+22383836245
+22383836329
+22383842171
+22383842220
+22383842528
+22383842834
+22383843102
+22383844702
+22383845773
+22383850800
+22383850991
+22383855738
+22383855829
+22383856153
+22383859029
+22383859452
+22383860995
+22383861055
+22383861567
+22383861656
+22383865215
+22383865695
+22383866069
+22383869463
+22383870770
+22383872156
+22383877238
+22383878123
+22383879189
+22383879901
+22383880002
+22383885476
+22383885662
+22383886216
+22383887146
+22383887744
+22383888961
+22383889045
+22383889564
+22383891072
+22383892086
+22383894105
+22383895605
+22383895666
+22383897879
+22383899879
+22383900115
+22383905875
+22383905953
+22383906613
+22383908262
+22383908535
+22383909029
+22383909040
+22383909088
+22383909598
+22383910270
+22383913003
+22383914223
+22383914326
+22383914340
+22383914617
+22383915591
+22383917204
+22383918639
+22383919685
+22383919940
+22383922229
+22383922475
+22383926060
+22383926103
+22383927403
+22383930862
+22383931308
+22383932879
+22383934259
+22383935412
+22383937704
+22383942207
+22383947028
+22383949210
+22383949943
+22383952874
+22383952938
+22383952943
+22383953449
+22383953544
+22383954180
+22383955669
+22383956953
+22383958257
+22383963245
+22383971324
+22383971732
+22383972426
+22383975304
+22383982015
+22383984064
+22383985862
+22383986892
+22383988719
+22383988809
+22383992698
+22383992740
+22383995083
+22383996065
+22383998864
+22383999187
+22384001279
+22384001909
+22384006524
+22384006569
+22384008627
+22384013841
+22384015467
+22384015804
+22384021314
+22384025036
+22384025590
+22384026765
+22384028193
+22384029593
+22384032069
+22384037885
+22384040072
+22384041128
+22384041659
+22384048222
+22384048333
+22384048795
+22384049028
+22384049230
+22384051045
+22384051350
+22384054645
+22384057744
+22384058247
+22384058633
+22384059231
+22384061101
+22384061953
+22384062028
+22384067196
+22384070226
+22384072472
+22384075779
+22384075812
+22384076232
+22384083910
+22384086162
+22384087040
+22384089630
+22384090374
+22384091420
+22384091767
+22384093934
+22384094831
+22384096450
+22384097386
+22384097530
+22384098172
+22384098649
+22384098938
+22384101672
+22384101783
+22384102106
+22384103008
+22384105335
+22384107564
+22384113859
+22384115452
+22384118078
+22384119266
+22384122128
+22384123515
+22384125261
+22384133983
+22384139544
+22384142561
+22384145984
+22384147815
+22384149052
+22384149170
+22384149396
+22384151856
+22384154883
+22384157480
+22384158806
+22384160860
+22384161220
+22384162050
+22384163417
+22384164524
+22384166229
+22384167921
+22384168022
+22384174928
+22384176339
+22384176459
+22384177620
+22384181260
+22384187026
+22384189678
+22384191194
+22384192902
+22384195813
+22384198129
+22384201274
+22384202521
+22384205196
+22384208594
+22384209739
+22384212054
+22384213736
+22384217896
+22384222295
+22384222340
+22384225208
+22384227766
+22384229173
+22384232069
+22384234016
+22384234065
+22384236751
+22384238970
+22384240245
+22384244283
+22384244532
+22384245786
+22384247091
+22384249530
+22384251152
+22384252247
+22384253163
+22384254659
+22384256794
+22384261280
+22384267408
+22384267838
+22384268950
+22384272403
+22384272720
+22384273598
+22384277651
+22384281590
+22384282082
+22384282340
+22384283132
+22384283273
+22384283418
+22384284169
+22384288907
+22384291262
+22384295727
+22384296476
+22384297576
+22384298969
+22384300284
+22384301943
+22384302896
+22384310798
+22384313462
+22384314434
+22384319821
+22384321473
+22384322882
+22384325292
+22384329119
+22384329229
+22384335622
+22384338611
+22384342769
+22384350007
+22384356457
+22384360376
+22384364192
+22384367780
+22384375518
+22384382865
+22384387514
+22384388270
+22384388761
+22384390861
+22384394883
+22384395143
+22384396064
+22384396192
+22384398724
+22384400582
+22384400891
+22384401576
+22384405919
+22384406114
+22384408289
+22384408327
+22384410062
+22384410718
+22384412326
+22384413148
+22384414657
+22384416069
+22384419557
+22384425054
+22384425861
+22384426915
+22384432440
+22384438866
+22384440036
+22384440572
+22384442015
+22384442457
+22384444441
+22384446286
+22384446491
+22384446647
+22384447863
+22384450138
+22384452542
+22384453829
+22384454228
+22384458078
+22384459386
+22384459876
+22384460814
+22384461803
+22384463596
+22384465425
+22384466686
+22384468390
+22384470529
+22384475439
+22384477307
+22384486474
+22384489173
+22384490871
+22384492069
+22384492506
+22384493103
+22384493892
+22384494336
+22384497268
+22384499934
+22384501628
+22384502649
+22384503527
+22384503994
+22384505688
+22384507544
+22384508734
+22384511224
+22384512423
+22384512448
+22384512585
+22384513518
+22384514130
+22384514148
+22384515284
+22384519405
+22384521824
+22384523185
+22384528626
+22384533342
+22384538413
+22384538425
+22384541081
+22384543213
+22384544742
+22384545171
+22384545411
+22384549450
+22384549704
+22384551706
+22384554417
+22384555301
+22384557837
+22384561962
+22384562028
+22384563286
+22384563601
+22384564167
+22384565295
+22384567471
+22384568129
+22384570587
+22384571721
+22384574452
+22384578331
+22384578691
+22384579070
+22384587157
+22384592989
+22384593883
+22384594011
+22384595587
+22384598199
+22384599608
+22384607230
+22384608641
+22384612303
+22384613712
+22384615255
+22384619054
+22384622176
+22384625432
+22384630933
+22384631043
+22384631327
+22384641194
+22384644147
+22384648717
+22384650418
+22384651154
+22384653255
+22384655536
+22384656849
+22384656917
+22384658159
+22384658465
+22384662914
+22384663897
+22384664826
+22384664908
+22384665028
+22384665119
+22384665629
+22384666546
+22384674487
+22384676582
+22384678486
+22384681113
+22384685687
+22384685859
+22384685911
+22384686859
+22384687422
+22384689003
+22384690091
+22384690641
+22384691520
+22384692547
+22384693173
+22384695338
+22384696660
+22384699268
+22384699937
+22384704030
+22384704380
+22384706138
+22384707651
+22384713781
+22384714698
+22384717984
+22384719416
+22384721865
+22384722251
+22384726362
+22384730567
+22384732190
+22384732940
+22384733703
+22384735090
+22384736174
+22384736702
+22384736974
+22384737340
+22384737938
+22384746207
+22384746802
+22384750103
+22384753680
+22384759503
+22384760788
+22384763690
+22384764746
+22384766787
+22384773941
+22384774264
+22384774513
+22384775350
+22384776642
+22384777200
+22384777319
+22384781725
+22384788540
+22384789863
+22384790705
+22384790716
+22384791580
+22384793501
+22384795155
+22384798063
+22384798710
+22384799669
+22384800245
+22384802042
+22384802172
+22384804255
+22384805207
+22384806367
+22384808332
+22384808759
+22384808870
+22384811137
+22384812408
+22384812732
+22384815627
+22384820092
+22384822414
+22384825146
+22384826538
+22384828309
+22384829870
+22384831163
+22384833653
+22384834976
+22384839590
+22384840239
+22384842479
+22384843236
+22384844845
+22384847552
+22384849351
+22384851413
+22384854309
+22384855971
+22384857467
+22384862598
+22384864407
+22384865966
+22384870053
+22384870068
+22384872659
+22384883389
+22384885649
+22384889063
+22384889098
+22384891716
+22384892029
+22384894039
+22384897393
+22384901935
+22384906455
+22384908081
+22384911700
+22384913556
+22384913631
+22384914716
+22384921126
+22384922162
+22384922949
+22384924332
+22384928332
+22384949778
+22384949850
+22384951775
+22384963455
+22384964812
+22384967053
+22384969811
+22384980912
+22384983239
+22384985764
+22384988503
+22384988731
+22384989793
+22384990623
+22384991226
+22384994632
+22385002117
+22385002176
+22385005851
+22385011032
+22385014816
+22385017773
+22385022222
+22385025346
+22385026461
+22385029420
+22385034666
+22385036986
+22385046460
+22385049180
+22385054360
+22385064514
+22385066308
+22385067609
+22385069423
+22385070916
+22385073055
+22385074501
+22385077949
+22385078125
+22385082522
+22385084456
+22385085090
+22385089314
+22385089470
+22385091246
+22385091875
+22385092416
+22385092573
+22385096269
+22385102005
+22385102008
+22385102917
+22385103719
+22385104430
+22385105599
+22385110163
+22385110647
+22385115628
+22385117848
+22385120299
+22385122161
+22385129085
+22385129263
+22385130461
+22385131004
+22385134189
+22385134227
+22385136298
+22385146493
+22385148799
+22385151096
+22385151408
+22385151602
+22385153775
+22385153795
+22385162295
+22385163509
+22385164074
+22385165667
+22385169568
+22385170805
+22385173564
+22385174311
+22385174571
+22385175080
+22385175453
+22385181895
+22385182231
+22385186435
+22385187752
+22385188491
+22385192909
+22385197506
+22385199894
+22385204851
+22385204853
+22385205730
+22385207599
+22385216131
+22385219271
+22385223437
+22385227356
+22385229376
+22385236484
+22385238606
+22385241710
+22385244650
+22385245812
+22385260168
+22385261164
+22385261890
+22385262272
+22385265815
+22385271957
+22385274437
+22385274514
+22385274687
+22385279480
+22385279612
+22385280864
+22385282848
+22385285179
+22385286221
+22385287534
+22385289605
+22385293353
+22385298023
+22385298269
+22385300816
+22385301065
+22385301867
+22385307873
+22385308348
+22385316430
+22385316479
+22385318928
+22385319441
+22385322736
+22385323239
+22385324109
+22385331099
+22385333523
+22385333757
+22385335862
+22385345002
+22385345270
+22385346710
+22385349316
+22385349857
+22385360695
+22385363012
+22385364961
+22385365804
+22385367208
+22385369820
+22385371004
+22385382256
+22385392204
+22385396949
+22385409479
+22385413891
+22385415406
+22385415856
+22385416228
+22385419729
+22385420001
+22385422802
+22385423209
+22385444288
+22385446579
+22385448776
+22385451058
+22385452531
+22385457243
+22385457637
+22385459250
+22385464047
+22385474758
+22385481011
+22385481574
+22385487619
+22385495422
+22390006695
+22390010205
+22390011550
+22390012071
+22390015844
+22390022118
+22390025870
+22390027499
+22390028121
+22390028521
+22390028645
+22390030047
+22390031129
+22390032520
+22390032919
+22390033014
+22390033272
+22390033489
+22390034177
+22390034427
+22390035103
+22390035594
+22390035623
+22390035670
+22390036401
+22390036548
+22390037319
+22390038686
+22390038758
+22390038845
+22390039146
+22390040477
+22390043593
+22390044246
+22390046332
+22390050745
+22390050867
+22390050923
+22390053163
+22390053234
+22390053583
+22390053967
+22390054877
+22390055972
+22390060965
+22390063212
+22390063901
+22390064282
+22390065565
+22390065829
+22390067139
+22390067224
+22390068788
+22390069374
+22390069580
+22390072990
+22390076320
+22390078457
+22390081118
+22390083216
+22390085350
+22390085930
+22390085932
+22390090950
+22390091198
+22390091663
+22390091793
+22390091959
+22390093790
+22390093802
+22390094056
+22390094874
+22390097787
+22390097800
+22390098234
+22390100221
+22390102104
+22390102496
+22390102639
+22390103540
+22390103574
+22390104148
+22390105875
+22390110230
+22390111287
+22390112314
+22390112481
+22390114237
+22390115315
+22390119327
+22390120683
+22390121102
+22390122409
+22390123695
+22390125863
+22390125955
+22390126347
+22390128775
+22390129316
+22390131121
+22390131791
+22390132370
+22390133041
+22390133335
+22390133714
+22390134805
+22390136174
+22390137295
+22390138719
+22390140847
+22390141403
+22390145122
+22390146040
+22390146564
+22390147295
+22390147660
+22390151158
+22390155234
+22390155666
+22390156364
+22390157603
+22390157901
+22390159698
+22390161970
+22390162193
+22390164320
+22390165044
+22390165753
+22390165756
+22390165841
+22390168187
+22390168983
+22390170312
+22390171962
+22390172070
+22390174056
+22390174362
+22390174795
+22390175366
+22390178648
+22390178731
+22390179459
+22390182884
+22390184004
+22390185601
+22390189856
+22390191883
+22390194645
+22390195555
+22390196708
+22390197212
+22390197809
+22390200000
+22390201004
+22390204862
+22390205351
+22390206242
+22390206435
+22390206852
+22390214828
+22390215928
+22390217065
+22390217292
+22390217440
+22390217630
+22390219792
+22390222459
+22390223965
+22390228424
+22390230113
+22390235662
+22390236606
+22390236608
+22390236686
+22390236760
+22390239528
+22390239641
+22390242101
+22390242975
+22390243316
+22390244161
+22390246465
+22390249321
+22390249732
+22390251030
+22390255451
+22390260312
+22390263780
+22390263915
+22390264166
+22390265174
+22390268216
+22390269805
+22390269863
+22390270812
+22390273890
+22390275388
+22390275855
+22390276728
+22390277082
+22390277932
+22390277970
+22390278190
+22390280725
+22390281415
+22390284425
+22390285871
+22390287267
+22390288285
+22390289223
+22390299067
+22390299153
+22390300079
+22390300566
+22390301098
+22390301720
+22390302386
+22390302547
+22390303870
+22390303871
+22390303872
+22390304501
+22390307788
+22390309997
+22390310923
+22390311050
+22390312032
+22390312111
+22390313716
+22390313932
+22390316228
+22390318085
+22390318569
+22390318983
+22390319326
+22390320065
+22390321270
+22390322160
+22390322231
+22390324298
+22390324391
+22390325808
+22390329005
+22390332943
+22390334619
+22390335283
+22390335340
+22390335383
+22390335649
+22390336358
+22390337952
+22390340352
+22390344643
+22390346447
+22390349548
+22390349991
+22390351353
+22390355898
+22390357136
+22390362222
+22390363994
+22390364237
+22390365426
+22390365646
+22390368361
+22390368855
+22390368881
+22390369140
+22390370851
+22390371297
+22390371937
+22390372310
+22390372762
+22390372996
+22390373201
+22390373365
+22390374088
+22390375967
+22390376326
+22390378133
+22390378313
+22390380987
+22390381746
+22390383436
+22390386078
+22390386863
+22390389916
+22390391002
+22390395663
+22390398809
+22390398897
+22390400547
+22390401071
+22390401837
+22390402103
+22390402434
+22390402537
+22390404675
+22390408984
+22390409751
+22390410578
+22390412059
+22390412097
+22390413851
+22390414331
+22390415570
+22390416733
+22390416853
+22390417437
+22390419109
+22390419834
+22390421200
+22390422366
+22390422387
+22390423423
+22390423466
+22390423805
+22390424413
+22390425316
+22390427907
+22390429601
+22390432353
+22390432383
+22390433111
+22390434085
+22390434923
+22390435029
+22390435108
+22390436436
+22390436451
+22390436779
+22390438130
+22390443332
+22390444420
+22390445090
+22390445602
+22390446222
+22390446253
+22390448427
+22390455842
+22390457207
+22390460275
+22390460534
+22390467003
+22390467147
+22390467699
+22390469045
+22390470070
+22390470607
+22390470917
+22390472252
+22390472675
+22390473848
+22390476375
+22390476696
+22390477579
+22390481052
+22390481410
+22390485228
+22390485835
+22390486799
+22390489287
+22390492030
+22390493403
+22390493940
+22390494877
+22390495086
+22390495658
+22390496898
+22390497856
+22390497868
+22390497942
+22390499162
+22390501951
+22390502656
+22390503236
+22390507788
+22390508203
+22390509041
+22390509726
+22390510070
+22390511118
+22390511767
+22390514161
+22390515340
+22390515648
+22390515978
+22390515999
+22390516080
+22390516426
+22390517891
+22390518372
+22390519735
+22390519917
+22390519974
+22390522666
+22390523855
+22390524503
+22390525532
+22390534083
+22390534981
+22390535652
+22390536633
+22390537315
+22390537694
+22390538516
+22390540756
+22390542477
+22390544039
+22390544095
+22390544465
+22390550920
+22390551021
+22390552004
+22390553051
+22390554597
+22390556531
+22390557122
+22390557634
+22390558024
+22390558092
+22390558694
+22390561504
+22390564901
+22390565230
+22390568351
+22390568900
+22390569200
+22390569402
+22390569599
+22390569703
+22390571141
+22390571552
+22390573469
+22390575882
+22390577087
+22390577311
+22390577685
+22390587459
+22390587554
+22390588440
+22390590007
+22390590009
+22390590010
+22390590028
+22390590031
+22390590033
+22390590042
+22390590048
+22390590076
+22390590080
+22390590081
+22390590086
+22390590087
+22390590098
+22390590100
+22390590108
+22390590146
+22390590147
+22390590176
+22390590804
+22390590879
+22390592167
+22390599416
+22390599443
+22390601972
+22390604377
+22390604963
+22390606012
+22390606598
+22390611432
+22390611938
+22390612477
+22390614025
+22390615386
+22390616514
+22390616983
+22390622188
+22390622681
+22390622943
+22390626362
+22390626554
+22390627886
+22390628838
+22390633935
+22390635382
+22390635414
+22390637109
+22390640865
+22390641587
+22390644190
+22390644779
+22390644962
+22390645207
+22390646606
+22390647083
+22390647527
+22390648431
+22390648992
+22390649739
+22390650170
+22390651038
+22390652338
+22390653360
+22390655370
+22390655893
+22390657886
+22390660699
+22390660952
+22390662924
+22390663858
+22390665599
+22390666013
+22390667382
+22390668718
+22390669139
+22390669616
+22390670395
+22390670745
+22390672733
+22390674484
+22390674576
+22390674745
+22390675301
+22390675833
+22390675906
+22390677115
+22390678534
+22390679061
+22390679140
+22390679949
+22390680175
+22390687683
+22390690213
+22390694607
+22390703455
+22390706542
+22390707123
+22390707874
+22390708984
+22390713055
+22390714277
+22390717774
+22390718035
+22390719041
+22390720340
+22390722259
+22390726418
+22390726730
+22390727086
+22390729552
+22390730945
+22390731276
+22390734790
+22390734863
+22390735766
+22390736841
+22390739770
+22390740175
+22390742347
+22390743233
+22390747496
+22390751471
+22390752285
+22390752506
+22390752992
+22390753606
+22390755458
+22390757484
+22390759011
+22390761435
+22390763268
+22390764278
+22390765041
+22390766093
+22390766096
+22390767638
+22390767725
+22390767883
+22390769661
+22390772370
+22390775967
+22390777002
+22390779072
+22390782194
+22390783367
+22390785140
+22390786138
+22390787146
+22390789232
+22390789628
+22390792211
+22390792308
+22390794877
+22390795517
+22390795983
+22390796660
+22390796815
+22390797183
+22390797854
+22390799516
+22390801260
+22390802220
+22390804762
+22390805212
+22390807435
+22390807812
+22390810994
+22390812240
+22390812870
+22390814837
+22390817931
+22390819183
+22390819548
+22390820317
+22390820815
+22390822086
+22390826543
+22390827888
+22390828744
+22390832147
+22390833321
+22390835443
+22390835569
+22390835652
+22390835686
+22390838164
+22390838633
+22390838665
+22390843210
+22390843314
+22390843895
+22390844332
+22390844493
+22390845130
+22390845456
+22390845660
+22390845672
+22390847967
+22390847987
+22390849110
+22390850140
+22390850815
+22390850888
+22390851638
+22390855695
+22390861439
+22390861870
+22390862551
+22390863129
+22390866621
+22390867343
+22390873648
+22390878310
+22390880175
+22390881887
+22390883393
+22390883560
+22390883845
+22390884187
+22390884834
+22390886704
+22390887333
+22390888847
+22390889272
+22390890500
+22390890901
+22390891545
+22390892500
+22390896909
+22390899015
+22390900050
+22390900086
+22390900630
+22390903685
+22390904083
+22390905889
+22390907378
+22390907668
+22390908673
+22390909332
+22390910863
+22390911737
+22390921090
+22390921512
+22390922844
+22390923845
+22390925162
+22390928048
+22390929795
+22390931113
+22390932064
+22390934327
+22390935222
+22390935561
+22390936354
+22390938397
+22390939455
+22390941532
+22390941951
+22390942889
+22390943095
+22390944169
+22390944428
+22390947735
+22390950045
+22390950254
+22390955631
+22390958283
+22390960808
+22390963043
+22390964688
+22390965299
+22390968566
+22390969072
+22390971116
+22390973455
+22390977720
+22390978078
+22390978852
+22390980772
+22390980976
+22390981797
+22390985288
+22390986192
+22390986223
+22390992527
+22390995082
+22390995229
+22390996788
+22391000464
+22391001784
+22391002461
+22391003758
+22391003810
+22391004001
+22391006219
+22391008934
+22391009895
+22391012470
+22391012740
+22391012802
+22391013491
+22391016036
+22391017197
+22391019798
+22391020659
+22391022446
+22391022715
+22391023042
+22391023812
+22391025261
+22391028197
+22391028596
+22391029416
+22391030552
+22391030582
+22391031455
+22391032240
+22391037077
+22391037428
+22391037469
+22391038052
+22391038702
+22391043153
+22391049285
+22391054232
+22391054350
+22391055279
+22391057686
+22391059392
+22391060186
+22391060319
+22391061754
+22391064797
+22391065827
+22391066112
+22391066681
+22391070000
+22391070516
+22391071474
+22391076129
+22391079041
+22391087198
+22391087645
+22391092602
+22391093391
+22391094468
+22391098660
+22391099451
+22391099802
+22391100916
+22391103433
+22391104042
+22391108492
+22391108736
+22391110046
+22391111664
+22391111690
+22391113084
+22391114154
+22391115070
+22391116167
+22391117251
+22391118656
+22391119912
+22391120056
+22391122860
+22391124961
+22391125747
+22391126004
+22391128348
+22391128814
+22391128854
+22391128895
+22391132538
+22391132669
+22391132928
+22391134218
+22391135973
+22391141811
+22391142472
+22391143819
+22391144309
+22391146260
+22391146801
+22391148091
+22391148519
+22391152530
+22391152799
+22391155331
+22391156376
+22391157894
+22391158437
+22391158462
+22391159689
+22391161893
+22391163530
+22391165082
+22391165424
+22391165464
+22391165528
+22391166230
+22391166602
+22391167937
+22391168082
+22391168684
+22391171032
+22391171576
+22391172361
+22391172471
+22391175013
+22391176340
+22391176436
+22391177436
+22391177580
+22391177854
+22391178337
+22391179008
+22391179565
+22391181199
+22391182500
+22391183295
+22391183451
+22391183883
+22391184339
+22391184539
+22391187638
+22391190221
+22391190347
+22391190460
+22391195294
+22391199500
+22391200710
+22391206755
+22391207694
+22391209382
+22391210493
+22391213584
+22391216828
+22391218042
+22391220045
+22391222907
+22391226620
+22391230184
+22391232128
+22391233238
+22391236483
+22391237441
+22391237847
+22391240662
+22391243594
+22391244521
+22391247880
+22391247908
+22391248356
+22391250094
+22391252895
+22391255673
+22391258349
+22391260099
+22391261216
+22391263974
+22391264816
+22391271921
+22391272906
+22391274225
+22391277654
+22391278588
+22391278716
+22391279769
+22391280560
+22391281116
+22391282291
+22391282789
+22391283546
+22391287458
+22391287744
+22391289551
+22391289555
+22391290639
+22391295714
+22391295842
+22391297045
+22391297600
+22391301715
+22391302376
+22391302637
+22391303023
+22391303719
+22391304601
+22391306024
+22391307748
+22391311341
+22391312501
+22391314112
+22391318946
+22391318964
+22391321185
+22391326400
+22391326819
+22391329005
+22391332882
+22391334322
+22391334619
+22391337931
+22391338257
+22391339620
+22391339822
+22391339906
+22391340331
+22391341220
+22391343711
+22391343977
+22391344042
+22391344104
+22391344136
+22391344348
+22391344941
+22391346676
+22391347834
+22391348168
+22391349270
+22391349329
+22391351211
+22391351220
+22391352126
+22391352659
+22391354333
+22391354642
+22391357638
+22391359464
+22391359563
+22391364686
+22391364908
+22391365690
+22391366787
+22391366937
+22391367650
+22391369298
+22391370542
+22391373694
+22391375303
+22391377679
+22391380412
+22391380977
+22391385048
+22391386642
+22391386761
+22391387540
+22391389633
+22391392196
+22391393056
+22391393480
+22391393649
+22391395333
+22391396103
+22391402507
+22391404849
+22391405116
+22391405289
+22391408239
+22391410467
+22391411404
+22391412690
+22391413142
+22391413263
+22391413900
+22391414985
+22391415042
+22391415609
+22391416980
+22391418095
+22391421337
+22391421506
+22391424262
+22391429410
+22391430178
+22391431917
+22391433577
+22391435597
+22391436374
+22391436844
+22391437039
+22391443583
+22391444515
+22391445348
+22391445447
+22391448064
+22391448164
+22391449228
+22391453787
+22391455461
+22391465634
+22391467298
+22391468750
+22391469162
+22391471934
+22391471994
+22391475092
+22391475359
+22391475645
+22391478897
+22391480168
+22391480421
+22391485365
+22391485822
+22391488335
+22391488675
+22391489629
+22391491694
+22391493420
+22391498562
+22391500437
+22391503640
+22391503805
+22391505857
+22391506736
+22391507707
+22391508799
+22391509528
+22391509602
+22391510593
+22391511841
+22391515489
+22391517180
+22391517427
+22391518153
+22391518280
+22391521588
+22391526822
+22391532349
+22391532656
+22391533003
+22391535485
+22391537945
+22391540013
+22391542420
+22391542540
+22391544395
+22391549536
+22391549966
+22391551512
+22391553194
+22391555875
+22391556545
+22391557286
+22391559354
+22391560538
+22391561748
+22391562710
+22391564909
+22391565300
+22391566381
+22391576152
+22391577062
+22391577179
+22391577753
+22391580369
+22391581374
+22391583080
+22391583818
+22391583944
+22391584249
+22391587132
+22391592716
+22391597348
+22391599267
+22391600215
+22391603921
+22391610217
+22391614418
+22391616566
+22391616655
+22391617681
+22391617836
+22391618121
+22391618587
+22391622860
+22391623854
+22391624093
+22391624189
+22391626898
+22391629440
+22391633338
+22391634015
+22391634043
+22391638761
+22391656747
+22391659803
+22391661017
+22391661368
+22391662396
+22391662596
+22391662609
+22391664579
+22391666695
+22391667792
+22391668029
+22391668616
+22391670204
+22391670294
+22391671675
+22391673146
+22391674064
+22391674805
+22391674927
+22391675701
+22391677999
+22391678490
+22391679119
+22391679248
+22391680418
+22391682225
+22391683006
+22391684062
+22391684543
+22391684705
+22391686121
+22391686835
+22391687270
+22391688036
+22391688052
+22391689030
+22391689409
+22391689783
+22391692551
+22391692887
+22391697991
+22391698571
+22391700129
+22391700216
+22391703163
+22391706657
+22391707153
+22391707638
+22391708693
+22391709704
+22391711992
+22391714499
+22391715339
+22391717280
+22391721316
+22391722193
+22391722961
+22391724455
+22391725185
+22391726595
+22391727153
+22391728612
+22391728881
+22391728957
+22391729256
+22391729598
+22391731307
+22391731674
+22391732456
+22391733067
+22391733217
+22391733724
+22391736934
+22391739094
+22391740256
+22391743006
+22391745020
+22391747379
+22391747742
+22391749145
+22391749194
+22391749780
+22391754547
+22391756930
+22391757799
+22391758579
+22391763749
+22391763974
+22391765161
+22391767961
+22391771673
+22391778234
+22391778333
+22391779080
+22391779287
+22391780501
+22391781489
+22391782168
+22391784102
+22391784576
+22391784975
+22391785531
+22391786840
+22391787983
+22391793580
+22391793997
+22391794947
+22391798732
+22391798817
+22391799535
+22391800479
+22391801170
+22391801206
+22391802835
+22391802992
+22391803795
+22391805544
+22391805943
+22391810010
+22391811247
+22391811441
+22391811487
+22391813145
+22391813695
+22391814045
+22391814489
+22391815130
+22391817830
+22391822230
+22391822862
+22391824719
+22391827910
+22391829184
+22391829209
+22391833749
+22391834206
+22391834335
+22391834423
+22391837370
+22391839610
+22391839626
+22391842731
+22391843015
+22391843846
+22391845311
+22391845657
+22391846197
+22391847782
+22391848397
+22391853568
+22391854303
+22391855515
+22391855633
+22391856650
+22391859466
+22391861157
+22391861815
+22391863147
+22391863259
+22391863615
+22391864708
+22391869639
+22391869646
+22391869782
+22391871784
+22391873076
+22391875153
+22391875219
+22391875921
+22391876491
+22391877506
+22391879529
+22391882159
+22391883576
+22391885092
+22391886329
+22391888815
+22391889307
+22391889889
+22391890929
+22391891094
+22391891351
+22391892949
+22391893886
+22391896483
+22391896755
+22391897628
+22391898018
+22391898911
+22391902921
+22391903000
+22391903401
+22391904067
+22391906043
+22391906724
+22391907675
+22391908487
+22391909355
+22391910302
+22391911720
+22391913329
+22391913561
+22391914104
+22391914944
+22391916148
+22391916789
+22391917467
+22391920387
+22391922375
+22391924100
+22391924312
+22391924532
+22391926052
+22391928013
+22391929558
+22391931543
+22391931592
+22391931650
+22391931969
+22391932609
+22391934746
+22391935556
+22391937407
+22391939303
+22391940021
+22391940302
+22391942374
+22391943273
+22391945285
+22391946621
+22391947273
+22391948533
+22391952330
+22391952632
+22391952955
+22391953329
+22391954767
+22391957778
+22391958093
+22391958551
+22391960531
+22391967370
+22391967631
+22391971655
+22391973082
+22391973574
+22391974756
+22391975485
+22391980107
+22391980520
+22391981575
+22391991228
+22391993672
+22391993816
+22392000866
+22392001072
+22392002065
+22392006075
+22392007520
+22392007868
+22392008882
+22392009128
+22392009320
+22392010061
+22392012139
+22392014189
+22392014324
+22392014574
+22392016705
+22392018659
+22392023014
+22392023036
+22392025192
+22392026660
+22392026689
+22392027970
+22392029974
+22392033240
+22392033936
+22392033962
+22392034560
+22392035544
+22392036283
+22392037342
+22392038287
+22392038782
+22392041872
+22392043051
+22392043107
+22392044799
+22392046030
+22392047553
+22392048284
+22392050075
+22392056400
+22392056978
+22392057864
+22392058878
+22392060493
+22392063796
+22392065268
+22392065284
+22392065684
+22392065890
+22392066576
+22392068968
+22392069541
+22392070006
+22392072660
+22392072963
+22392072992
+22392073309
+22392073344
+22392074156
+22392078503
+22392079119
+22392079324
+22392079723
+22392084603
+22392087729
+22392091681
+22392095296
+22392104107
+22392105790
+22392106609
+22392106616
+22392106953
+22392107571
+22392108712
+22392109086
+22392112771
+22392115135
+22392115166
+22392115607
+22392115771
+22392115899
+22392116083
+22392117907
+22392120711
+22392121413
+22392124653
+22392128179
+22392128600
+22392131147
+22392131650
+22392132682
+22392134102
+22392135286
+22392136250
+22392136254
+22392140077
+22392147057
+22392148407
+22392149448
+22392151519
+22392152444
+22392154676
+22392157496
+22392157681
+22392160189
+22392160241
+22392161192
+22392163042
+22392163990
+22392165932
+22392166707
+22392167453
+22392168762
+22392174038
+22392176303
+22392176945
+22392181112
+22392183124
+22392190852
+22392191377
+22392192599
+22392192611
+22392193664
+22392193852
+22392194265
+22392194821
+22392195971
+22392196114
+22392197851
+22392197883
+22392201184
+22392202836
+22392208803
+22392208811
+22392208866
+22392210339
+22392210442
+22392212943
+22392213864
+22392214890
+22392217306
+22392217615
+22392220971
+22392222469
+22392226746
+22392228983
+22392231208
+22392231272
+22392232668
+22392234032
+22392234255
+22392238604
+22392239415
+22392245636
+22392246596
+22392247588
+22392250996
+22392251458
+22392257779
+22392259190
+22392259610
+22392261771
+22392262750
+22392263185
+22392263900
+22392264092
+22392264183
+22392265390
+22392265448
+22392266233
+22392266971
+22392268035
+22392268144
+22392271968
+22392272083
+22392273135
+22392273140
+22392279733
+22392279810
+22392281084
+22392282403
+22392283066
+22392283899
+22392284075
+22392286033
+22392286638
+22392288684
+22392289188
+22392289376
+22392289527
+22392291381
+22392291924
+22392293088
+22392293593
+22392294202
+22392296020
+22392297063
+22392297563
+22392301327
+22392305101
+22392305662
+22392305719
+22392306607
+22392312729
+22392314832
+22392318150
+22392320595
+22392321048
+22392322806
+22392323586
+22392323710
+22392324249
+22392326740
+22392327091
+22392327638
+22392333383
+22392335887
+22392335937
+22392338224
+22392340790
+22392341163
+22392346629
+22392346761
+22392351243
+22392351821
+22392354139
+22392354201
+22392356372
+22392360548
+22392360782
+22392363066
+22392363659
+22392365074
+22392366164
+22392367145
+22392367643
+22392367688
+22392369882
+22392370919
+22392372269
+22392373510
+22392373671
+22392374101
+22392374502
+22392374783
+22392376346
+22392376387
+22392378150
+22392380812
+22392380911
+22392381047
+22392381098
+22392381934
+22392383284
+22392384032
+22392384544
+22392387920
+22392391435
+22392392457
+22392393044
+22392393045
+22392394686
+22392396826
+22392397207
+22392399879
+22392402519
+22392405995
+22392406694
+22392406989
+22392413979
+22392416061
+22392418877
+22392419205
+22392423865
+22392425357
+22392425641
+22392425882
+22392427793
+22392428023
+22392431985
+22392433309
+22392434711
+22392434956
+22392435029
+22392436352
+22392437916
+22392438385
+22392438718
+22392442925
+22392443169
+22392444938
+22392445359
+22392448003
+22392449167
+22392450565
+22392451158
+22392452717
+22392452847
+22392453119
+22392453458
+22392454490
+22392455543
+22392456070
+22392459076
+22392460273
+22392460534
+22392465888
+22392468097
+22392469478
+22392469648
+22392471835
+22392474194
+22392474716
+22392476795
+22392482056
+22392482546
+22392483406
+22392483655
+22392483973
+22392484029
+22392485592
+22392485758
+22392487961
+22392488174
+22392489165
+22392489413
+22392490523
+22392490708
+22392491274
+22392492986
+22392493509
+22392495018
+22392497190
+22392497728
+22392497992
+22392503965
+22392505156
+22392506885
+22392508025
+22392509414
+22392511564
+22392513207
+22392513801
+22392515103
+22392515188
+22392516680
+22392517120
+22392517757
+22392518227
+22392519947
+22392522028
+22392523313
+22392524157
+22392525449
+22392525992
+22392526997
+22392529316
+22392529901
+22392531374
+22392531390
+22392532885
+22392533025
+22392539671
+22392542546
+22392546373
+22392547921
+22392550661
+22392553061
+22392553443
+22392553807
+22392556075
+22392557378
+22392557561
+22392558589
+22392558986
+22392560391
+22392561969
+22392565187
+22392567439
+22392570262
+22392571346
+22392571654
+22392572721
+22392573799
+22392576824
+22392577132
+22392577617
+22392578489
+22392582131
+22392582430
+22392586749
+22392587200
+22392587209
+22392587970
+22392588744
+22392590497
+22392590678
+22392590953
+22392591154
+22392593076
+22392597467
+22392599318
+22392600890
+22392604014
+22392604655
+22392604814
+22392610779
+22392611534
+22392612535
+22392612743
+22392615935
+22392616328
+22392616556
+22392618459
+22392618702
+22392620522
+22392620642
+22392620899
+22392621284
+22392625313
+22392626205
+22392629017
+22392633452
+22392635319
+22392636169
+22392638187
+22392639279
+22392639400
+22392639448
+22392639840
+22392639856
+22392639879
+22392640047
+22392640559
+22392640982
+22392643147
+22392644177
+22392646276
+22392646534
+22392653816
+22392654501
+22392654987
+22392655710
+22392657163
+22392658133
+22392660510
+22392664860
+22392665159
+22392665196
+22392665581
+22392667632
+22392669305
+22392673431
+22392678394
+22392678618
+22392679550
+22392680556
+22392681834
+22392683851
+22392684484
+22392684766
+22392685638
+22392685935
+22392687889
+22392688146
+22392689038
+22392691165
+22392692938
+22392695049
+22392698171
+22392700969
+22392702786
+22392703245
+22392703653
+22392704626
+22392704977
+22392705525
+22392705920
+22392710495
+22392710532
+22392712355
+22392713600
+22392716142
+22392716328
+22392718202
+22392720424
+22392720559
+22392721679
+22392721820
+22392723512
+22392723594
+22392730365
+22392730722
+22392731341
+22392732349
+22392734151
+22392734536
+22392735617
+22392735986
+22392736570
+22392736811
+22392739307
+22392739438
+22392739521
+22392739706
+22392739894
+22392742670
+22392744144
+22392747349
+22392748477
+22392749270
+22392751799
+22392753952
+22392754388
+22392754637
+22392755535
+22392756553
+22392759219
+22392760097
+22392760203
+22392760321
+22392761568
+22392761881
+22392762987
+22392768021
+22392768411
+22392769055
+22392770282
+22392771404
+22392772238
+22392774207
+22392774325
+22392774366
+22392781694
+22392785387
+22392786238
+22392786570
+22392787399
+22392799316
+22392800322
+22392800893
+22392802667
+22392803267
+22392803871
+22392804864
+22392805045
+22392806482
+22392806896
+22392807244
+22392809370
+22392810739
+22392811608
+22392812474
+22392813063
+22392815007
+22392815320
+22392818317
+22392818618
+22392820425
+22392821264
+22392822016
+22392823110
+22392823828
+22392823849
+22392824504
+22392826288
+22392826781
+22392827253
+22392829678
+22392829920
+22392830622
+22392831013
+22392834544
+22392834745
+22392835360
+22392836595
+22392840913
+22392841360
+22392844258
+22392844716
+22392848159
+22392849206
+22392852949
+22392852986
+22392854174
+22392856848
+22392859370
+22392865129
+22392867713
+22392867822
+22392869663
+22392871067
+22392871391
+22392875488
+22392875969
+22392877653
+22392880349
+22392882216
+22392884425
+22392884929
+22392886781
+22392888313
+22392889024
+22392889429
+22392890920
+22392890987
+22392895414
+22392895546
+22392898287
+22392899202
+22392905031
+22392905057
+22392907425
+22392908232
+22392908342
+22392908948
+22392912117
+22392914065
+22392914819
+22392916153
+22392916688
+22392918643
+22392919108
+22392919815
+22392921232
+22392925077
+22392925873
+22392927434
+22392928890
+22392929375
+22392930604
+22392930900
+22392931630
+22392934552
+22392935118
+22392936621
+22392937262
+22392938314
+22392939044
+22392939300
+22392939780
+22392940414
+22392941135
+22392941699
+22392942223
+22392944563
+22392946353
+22392948554
+22392952281
+22392953784
+22392955341
+22392955924
+22392956870
+22392960247
+22392960903
+22392961403
+22392966040
+22392967632
+22392970724
+22392972873
+22392974771
+22392975689
+22392976718
+22392977936
+22392978163
+22392979487
+22392983314
+22392983756
+22392984352
+22392984508
+22392985818
+22392985926
+22392987138
+22392991308
+22392991608
+22392992036
+22392992713
+22392994286
+22392995241
+22392995401
+22392998295
+22393001082
+22393003596
+22393004115
+22393007476
+22393008350
+22393009670
+22393010415
+22393010595
+22393012593
+22393016576
+22393017844
+22393019024
+22393019789
+22393021520
+22393021807
+22393024469
+22393024724
+22393027320
+22393027930
+22393028697
+22393029045
+22393029346
+22393030920
+22393031278
+22393034965
+22393035596
+22393036128
+22393036163
+22393036365
+22393039306
+22393039409
+22393040161
+22393040415
+22393041167
+22393042318
+22393042601
+22393046495
+22393047497
+22393048977
+22393050204
+22393050745
+22393051013
+22393051501
+22393051940
+22393053552
+22393055235
+22393057191
+22393060468
+22393060578
+22393063719
+22393064247
+22393064315
+22393068565
+22393070252
+22393070361
+22393070918
+22393072598
+22393074405
+22393076290
+22393077515
+22393079416
+22393080887
+22393082267
+22393084850
+22393085476
+22393085887
+22393090814
+22393091701
+22393092612
+22393092898
+22393093516
+22393098957
+22393101072
+22393101823
+22393103350
+22393103790
+22393105394
+22393109285
+22393109618
+22393111714
+22393112172
+22393114015
+22393114457
+22393115501
+22393115905
+22393117021
+22393118064
+22393118496
+22393120008
+22393120327
+22393123118
+22393123139
+22393123706
+22393125259
+22393126483
+22393129249
+22393131562
+22393134328
+22393134435
+22393135406
+22393135572
+22393136691
+22393138191
+22393139181
+22393139374
+22393140040
+22393142579
+22393144353
+22393144764
+22393146574
+22393147401
+22393149577
+22393151366
+22393151775
+22393154467
+22393155633
+22393161195
+22393161224
+22393161252
+22393161525
+22393161686
+22393169971
+22393169975
+22393170769
+22393171588
+22393175114
+22393176349
+22393177457
+22393178716
+22393178789
+22393178880
+22393179953
+22393184145
+22393186834
+22393186981
+22393190777
+22393192656
+22393192679
+22393194397
+22393197599
+22393199317
+22393201999
+22393202119
+22393203060
+22393205183
+22393205220
+22393208801
+22393210477
+22393210528
+22393212043
+22393213137
+22393214264
+22393216372
+22393217287
+22393217535
+22393218626
+22393218710
+22393221290
+22393222617
+22393223471
+22393223634
+22393224214
+22393225635
+22393227102
+22393228071
+22393228515
+22393229027
+22393231387
+22393231621
+22393231785
+22393232544
+22393232621
+22393235885
+22393236934
+22393240848
+22393243014
+22393243683
+22393243887
+22393244629
+22393245841
+22393247039
+22393250064
+22393250355
+22393250977
+22393251075
+22393252170
+22393252271
+22393252472
+22393254307
+22393255136
+22393255791
+22393255809
+22393258978
+22393259466
+22393259560
+22393259740
+22393259883
+22393264445
+22393265625
+22393266622
+22393266685
+22393267228
+22393267616
+22393270720
+22393270779
+22393272082
+22393274087
+22393277995
+22393278397
+22393279356
+22393281823
+22393281836
+22393282197
+22393282374
+22393282499
+22393283015
+22393286348
+22393288201
+22393291392
+22393292632
+22393293103
+22393295630
+22393295691
+22393298385
+22393300353
+22393305112
+22393305978
+22393307750
+22393308345
+22393310592
+22393310643
+22393314301
+22393320307
+22393320978
+22393322008
+22393322149
+22393322414
+22393323574
+22393327929
+22393328193
+22393333562
+22393335652
+22393342920
+22393345314
+22393348422
+22393350741
+22393351770
+22393353492
+22393355124
+22393356621
+22393356627
+22393359425
+22393359844
+22393360983
+22393360986
+22393362421
+22393363184
+22393364800
+22393365408
+22393366102
+22393366747
+22393367397
+22393371618
+22393372185
+22393372922
+22393373607
+22393375090
+22393377383
+22393378283
+22393383340
+22393384291
+22393384620
+22393387484
+22393387686
+22393393650
+22393394704
+22393395531
+22393395562
+22393403096
+22393403375
+22393405079
+22393405176
+22393406952
+22393409170
+22393414942
+22393415658
+22393416948
+22393422055
+22393422069
+22393424272
+22393424308
+22393424631
+22393426866
+22393430676
+22393430854
+22393431988
+22393434429
+22393434668
+22393436293
+22393436822
+22393436913
+22393438226
+22393439922
+22393440759
+22393442014
+22393442506
+22393442892
+22393443052
+22393444358
+22393444532
+22393444957
+22393445002
+22393445154
+22393450821
+22393451116
+22393454383
+22393455448
+22393455455
+22393456125
+22393459110
+22393464245
+22393465923
+22393466817
+22393469657
+22393469914
+22393471507
+22393472385
+22393473513
+22393474367
+22393475688
+22393476253
+22393476521
+22393477222
+22393478378
+22393478644
+22393478701
+22393479795
+22393480076
+22393480078
+22393480079
+22393480084
+22393480085
+22393480088
+22393480089
+22393480092
+22393480095
+22393480099
+22393480101
+22393480108
+22393480109
+22393480110
+22393480111
+22393480114
+22393480116
+22393480366
+22393480376
+22393480381
+22393480382
+22393480393
+22393480410
+22393480415
+22393480419
+22393480433
+22393480442
+22393480451
+22393480454
+22393480455
+22393480473
+22393480476
+22393480481
+22393480486
+22393480496
+22393480499
+22393480529
+22393480532
+22393480539
+22393480541
+22393480543
+22393480552
+22393480557
+22393480562
+22393480570
+22393480577
+22393480582
+22393480588
+22393480596
+22393480599
+22393480605
+22393480679
+22393480680
+22393480684
+22393480687
+22393480689
+22393480695
+22393480696
+22393480702
+22393480844
+22393481015
+22393481406
+22393481439
+22393481478
+22393481493
+22393481590
+22393481601
+22393481626
+22393481668
+22393481698
+22393481727
+22393481825
+22393481850
+22393481898
+22393481928
+22393481953
+22393482146
+22393482163
+22393482175
+22393482203
+22393482204
+22393482246
+22393482363
+22393482403
+22393482411
+22393482487
+22393482534
+22393483569
+22393483572
+22393483578
+22393483580
+22393483581
+22393483584
+22393483594
+22393483633
+22393483635
+22393483637
+22393483639
+22393483640
+22393483641
+22393483685
+22393483693
+22393483694
+22393483698
+22393483704
+22393483706
+22393483708
+22393483729
+22393483746
+22393483754
+22393483816
+22393483953
+22393484326
+22393484462
+22393484491
+22393484605
+22393484606
+22393484632
+22393484633
+22393484635
+22393484639
+22393484641
+22393484643
+22393484644
+22393484647
+22393484649
+22393484657
+22393484660
+22393484662
+22393484687
+22393484689
+22393484758
+22393484762
+22393484763
+22393484765
+22393484766
+22393484767
+22393484811
+22393484824
+22393484826
+22393484827
+22393484830
+22393484857
+22393484858
+22393484860
+22393484862
+22393484865
+22393486042
+22393486094
+22393486578
+22393487055
+22393488617
+22393489071
+22393489072
+22393489078
+22393489084
+22393489086
+22393489088
+22393489108
+22393489115
+22393489205
+22393489219
+22393489303
+22393489325
+22393489327
+22393489329
+22393489332
+22393489333
+22393489337
+22393489338
+22393489339
+22393489340
+22393489344
+22393489347
+22393489348
+22393489371
+22393489596
+22393489598
+22393489602
+22393489604
+22393489605
+22393489609
+22393489674
+22393489676
+22393489685
+22393489688
+22393489792
+22393489794
+22393489802
+22393489808
+22393489811
+22393489814
+22393489815
+22393490057
+22393491022
+22393491605
+22393492565
+22393493895
+22393494340
+22393494553
+22393495477
+22393499231
+22393499359
+22393501152
+22393504634
+22393505428
+22393505744
+22393506515
+22393507248
+22393508108
+22393509504
+22393511254
+22393515539
+22393515558
+22393518567
+22393519878
+22393519886
+22393520196
+22393520968
+22393521071
+22393523728
+22393525476
+22393525954
+22393526556
+22393531327
+22393533063
+22393537340
+22393537371
+22393541331
+22393541614
+22393542308
+22393542483
+22393543131
+22393543153
+22393544373
+22393546640
+22393546953
+22393547391
+22393549443
+22393552007
+22393559115
+22393560415
+22393564452
+22393564584
+22393568009
+22393568057
+22393570877
+22393571180
+22393572326
+22393578223
+22393578828
+22393582083
+22393583293
+22393583911
+22393585601
+22393586745
+22393587314
+22393588140
+22393589318
+22393589562
+22393597563
+22393598309
+22393600333
+22393600741
+22393600949
+22393601073
+22393604308
+22393604494
+22393608042
+22393610402
+22393612175
+22393612650
+22393613419
+22393613787
+22393617981
+22393620378
+22393621971
+22393622188
+22393622644
+22393622650
+22393622706
+22393627155
+22393629707
+22393630987
+22393631100
+22393633644
+22393633780
+22393635349
+22393635576
+22393637652
+22393638888
+22393638955
+22393639137
+22393639249
+22393640351
+22393641794
+22393642139
+22393643154
+22393646132
+22393646332
+22393646811
+22393647026
+22393651207
+22393653825
+22393658567
+22393659193
+22393659825
+22393659951
+22393663544
+22393664942
+22393665315
+22393666564
+22393666652
+22393667150
+22393669709
+22393670404
+22393671620
+22393672304
+22393674773
+22393675937
+22393678689
+22393680079
+22393680678
+22393682173
+22393682906
+22393682937
+22393684139
+22393684386
+22393684393
+22393690567
+22393691528
+22393693606
+22393694395
+22393695780
+22393699479
+22393700766
+22393700769
+22393701580
+22393704649
+22393704942
+22393704945
+22393707684
+22393707781
+22393708615
+22393712042
+22393713263
+22393713931
+22393714186
+22393715574
+22393716633
+22393718716
+22393721781
+22393724014
+22393724633
+22393726053
+22393726058
+22393731606
+22393732714
+22393732898
+22393734105
+22393735280
+22393736708
+22393738652
+22393739428
+22393744270
+22393744556
+22393746794
+22393748156
+22393750113
+22393751072
+22393752511
+22393762129
+22393764809
+22393765894
+22393770487
+22393772413
+22393772525
+22393772705
+22393775482
+22393776424
+22393777815
+22393779511
+22393779662
+22393779816
+22393783831
+22393789175
+22393792306
+22393794874
+22393796966
+22393798355
+22393799370
+22393804839
+22393806751
+22393807112
+22393810708
+22393815894
+22393817160
+22393818433
+22393818588
+22393819199
+22393824229
+22393825341
+22393826620
+22393827219
+22393828238
+22393828418
+22393832232
+22393837720
+22393838960
+22393841986
+22393842580
+22393843282
+22393851237
+22393851568
+22393853479
+22393854614
+22393855527
+22393855821
+22393855909
+22393857749
+22393858457
+22393859155
+22393859794
+22393865780
+22393866984
+22393867314
+22393873744
+22393875035
+22393876352
+22393878719
+22393880594
+22393884057
+22393884122
+22393886525
+22393887830
+22393889264
+22393892710
+22393894616
+22393896095
+22393896397
+22393896484
+22393897173
+22393898245
+22393904628
+22393905227
+22393909330
+22393909977
+22393919160
+22393922998
+22393925164
+22393925382
+22393925593
+22393926330
+22393928711
+22393930552
+22393930989
+22393931300
+22393934267
+22393936322
+22393936808
+22393938848
+22393940313
+22393940686
+22393940689
+22393941615
+22393942108
+22393945123
+22393945341
+22393945453
+22393945505
+22393945615
+22393948547
+22393950912
+22393952278
+22393958548
+22393958982
+22393959856
+22393960302
+22393967638
+22393968476
+22393969963
+22393970077
+22393972046
+22393974371
+22393975058
+22393975859
+22393976411
+22393977096
+22393977712
+22393978280
+22393978592
+22393979950
+22393982134
+22393982443
+22393982675
+22393983950
+22393984351
+22393984892
+22393985313
+22393985329
+22393986546
+22393987786
+22393989668
+22393990678
+22393991447
+22393995019
+22393995680
+22393996553
+22393998385
+22394000375
+22394001577
+22394001809
+22394002027
+22394004395
+22394004529
+22394007737
+22394007825
+22394012628
+22394014344
+22394016034
+22394017983
+22394021200
+22394024156
+22394025320
+22394026201
+22394027194
+22394027947
+22394030320
+22394031634
+22394032810
+22394034486
+22394035124
+22394035507
+22394041873
+22394043141
+22394043902
+22394050928
+22394051760
+22394052122
+22394052342
+22394052609
+22394052860
+22394052929
+22394053492
+22394053493
+22394053597
+22394053606
+22394053743
+22394053749
+22394053921
+22394054021
+22394054374
+22394054495
+22394054513
+22394054523
+22394054684
+22394054757
+22394054797
+22394054833
+22394055006
+22394055090
+22394055178
+22394055211
+22394055655
+22394055885
+22394055896
+22394056040
+22394056193
+22394056195
+22394056204
+22394056206
+22394056296
+22394056337
+22394056404
+22394056640
+22394056678
+22394056832
+22394056914
+22394056982
+22394057047
+22394057187
+22394057201
+22394057278
+22394057423
+22394057591
+22394057876
+22394058021
+22394058105
+22394059278
+22394059395
+22394059416
+22394059473
+22394059765
+22394059903
+22394060377
+22394062429
+22394063606
+22394063836
+22394066697
+22394069026
+22394069633
+22394071757
+22394073208
+22394073767
+22394077224
+22394078611
+22394083012
+22394083075
+22394084056
+22394085027
+22394086651
+22394086849
+22394087287
+22394089032
+22394089395
+22394098661
+22394101169
+22394104658
+22394104813
+22394109238
+22394111885
+22394115917
+22394115971
+22394116391
+22394117120
+22394127890
+22394131304
+22394131722
+22394135249
+22394138161
+22394140904
+22394143236
+22394144290
+22394150925
+22394153589
+22394155829
+22394160512
+22394165049
+22394165759
+22394166123
+22394168392
+22394170116
+22394170241
+22394170476
+22394170853
+22394176191
+22394176461
+22394178490
+22394180841
+22394181501
+22394182461
+22394183940
+22394183943
+22394184125
+22394186987
+22394188347
+22394189269
+22394190379
+22394190474
+22394191821
+22394195182
+22394195292
+22394195748
+22394196189
+22394196766
+22394198735
+22394200650
+22394201562
+22394202721
+22394205246
+22394205439
+22394206569
+22394209207
+22394211907
+22394212189
+22394214528
+22394215192
+22394217571
+22394220310
+22394224385
+22394224918
+22394227639
+22394228959
+22394229290
+22394229723
+22394229807
+22394230847
+22394230914
+22394233015
+22394233475
+22394233639
+22394233759
+22394237204
+22394241817
+22394243459
+22394248827
+22394249028
+22394250170
+22394251083
+22394252440
+22394253253
+22394254615
+22394257555
+22394258394
+22394260155
+22394263315
+22394265081
+22394266072
+22394266347
+22394268268
+22394270072
+22394271466
+22394274554
+22394274916
+22394274936
+22394275145
+22394276115
+22394279289
+22394281843
+22394282694
+22394285396
+22394289035
+22394290410
+22394290902
+22394296516
+22394297116
+22394298885
+22394299454
+22394300023
+22394300225
+22394300467
+22394301387
+22394304151
+22394304818
+22394305887
+22394306073
+22394306596
+22394307213
+22394309354
+22394309715
+22394310027
+22394312842
+22394313224
+22394313579
+22394314742
+22394318975
+22394319850
+22394323845
+22394325006
+22394328751
+22394331449
+22394333908
+22394334379
+22394334732
+22394336362
+22394338241
+22394343760
+22394344224
+22394345570
+22394347710
+22394347946
+22394351650
+22394355204
+22394357327
+22394357951
+22394359533
+22394360143
+22394363933
+22394367829
+22394369464
+22394370790
+22394371315
+22394377259
+22394378895
+22394379296
+22394382891
+22394383202
+22394383501
+22394384002
+22394389596
+22394390602
+22394390989
+22394391955
+22394395436
+22394395980
+22394397069
+22394397796
+22394398717
+22394402218
+22394402236
+22394402601
+22394403677
+22394403877
+22394404453
+22394405960
+22394406841
+22394408971
+22394409761
+22394411679
+22394412264
+22394412369
+22394418792
+22394423169
+22394423352
+22394424497
+22394425860
+22394430877
+22394431810
+22394432100
+22394432304
+22394432763
+22394433381
+22394433491
+22394435427
+22394437110
+22394437257
+22394437337
+22394438497
+22394440847
+22394441128
+22394441389
+22394441816
+22394442014
+22394442457
+22394444069
+22394444258
+22394444314
+22394447217
+22394454134
+22394456116
+22394456636
+22394461619
+22394464544
+22394466119
+22394466932
+22394469142
+22394470261
+22394470390
+22394473148
+22394473296
+22394473335
+22394475665
+22394479012
+22394479504
+22394486087
+22394488256
+22394488711
+22394489020
+22394493495
+22394495705
+22394496234
+22394496787
+22394498314
+22394500059
+22394502292
+22394504998
+22394506043
+22394506306
+22394506773
+22394507965
+22394509157
+22394509159
+22394511840
+22394511894
+22394513392
+22394516814
+22394517540
+22394517785
+22394518289
+22394518325
+22394521794
+22394524549
+22394526109
+22394530437
+22394530962
+22394532799
+22394533516
+22394534217
+22394535541
+22394536798
+22394537887
+22394539159
+22394541134
+22394541148
+22394543010
+22394545160
+22394546250
+22394547207
+22394547555
+22394547994
+22394549661
+22394550340
+22394552190
+22394553860
+22394555409
+22394556123
+22394556181
+22394556775
+22394560382
+22394560441
+22394560522
+22394560863
+22394562372
+22394562429
+22394564339
+22394567212
+22394567921
+22394570096
+22394570424
+22394570630
+22394572858
+22394573978
+22394574913
+22394575708
+22394579443
+22394582188
+22394584482
+22394585503
+22394586329
+22394588165
+22394591576
+22394595416
+22394596766
+22394597372
+22394602418
+22394603186
+22394604283
+22394610921
+22394612092
+22394612713
+22394616473
+22394618148
+22394618984
+22394619326
+22394619864
+22394623972
+22394626670
+22394628498
+22394636065
+22394637424
+22394639706
+22394640865
+22394645614
+22394651686
+22394652130
+22394652781
+22394653371
+22394656576
+22394659266
+22394662889
+22394665095
+22394665304
+22394665576
+22394665815
+22394665837
+22394667723
+22394670534
+22394671350
+22394671947
+22394673821
+22394675211
+22394675265
+22394678114
+22394680094
+22394680798
+22394681964
+22394682125
+22394686382
+22394688297
+22394688613
+22394690866
+22394694657
+22394694678
+22394695033
+22394695131
+22394696130
+22394697143
+22394700075
+22394700755
+22394702336
+22394703747
+22394704416
+22394704937
+22394705866
+22394706216
+22394711163
+22394711469
+22394713898
+22394716057
+22394716968
+22394720883
+22394723885
+22394725033
+22394725391
+22394725805
+22394730747
+22394733910
+22394739487
+22394740897
+22394741594
+22394742564
+22394748883
+22394749129
+22394750295
+22394751396
+22394751484
+22394752098
+22394753083
+22394756506
+22394756913
+22394758440
+22394758651
+22394758754
+22394758951
+22394763152
+22394763777
+22394765640
+22394766066
+22394770243
+22394770294
+22394771071
+22394772324
+22394773584
+22394773949
+22394774064
+22394774918
+22394776862
+22394778190
+22394779296
+22394780769
+22394781533
+22394787207
+22394787396
+22394791127
+22394792056
+22394793392
+22394793824
+22394801872
+22394802117
+22394803152
+22394803704
+22394810608
+22394812927
+22394814279
+22394816040
+22394819556
+22394825007
+22394830327
+22394833284
+22394836994
+22394846418
+22394848357
+22394850308
+22394852551
+22394853352
+22394853708
+22394857212
+22394858965
+22394863516
+22394865487
+22394865729
+22394868546
+22394877316
+22394880646
+22394881131
+22394886720
+22394888950
+22394890209
+22394890666
+22394894815
+22394898758
+22394900494
+22394910020
+22394911703
+22394912314
+22394913301
+22394913772
+22394913805
+22394914878
+22394915520
+22394926360
+22394928554
+22394933497
+22394934155
+22394937613
+22394938015
+22394938725
+22394940951
+22394942365
+22394944712
+22394946678
+22394949866
+22394951304
+22394953119
+22394956272
+22394959108
+22394959678
+22394960302
+22394969395
+22394972859
+22394975291
+22394976480
+22394978495
+22394983067
+22394984138
+22394986182
+22394986652
+22394989208
+22394989497
+22394990293
+22394990984
+22394997941
+22394998623